date,optiontype,clock_endpoint,start,end,seconds,contract_key,start_id,end_id,spot_change,midpoint_change,ltp_change,start_spread,end_spread
2026-09-07,CE,2026-09-07T08:39:00+00:00,2026-09-07T08:38:00+00:00,2026-09-07T08:39:00+00:00,60.0,NIFTY|2026-09-08|23750|CE,575b385346421aaa93e4cef25eabb200ba7a55f63ac152914f9a1ab1f845eba0,3c7578f48c02db5d6de09cb06eec69031f683fe8cf521ca456631f9072fb55d6,-2.400000000001455,-1.7749999999999915,-1.5,0.25,0.29999999999999716
2026-09-07,CE,2026-09-07T08:40:00+00:00,2026-09-07T08:39:00+00:00,2026-09-07T08:40:00+00:00,60.0,NIFTY|2026-09-08|23750|CE,3c7578f48c02db5d6de09cb06eec69031f683fe8cf521ca456631f9072fb55d6,6f8b79ee6a54f6fb0f5f8aa7d17fe198352a7488ea386187567f30406659eeaa,3.400000000001455,2.424999999999983,2.3499999999999943,0.29999999999999716,0.25
2026-09-07,CE,2026-09-07T08:43:00+00:00,2026-09-07T08:42:00+00:00,2026-09-07T08:43:00+00:00,60.0,NIFTY|2026-09-08|23750|CE,bd5feb5d4d30193f35e4d6f7713e52447bed2d39284dcc10a6d87f1b1502c33b,fc41975db7993d982e2c18b013e85e936fb3ead7b992d10e32eff18f7bf3bbcd,1.8499999999985448,0.625,0.45000000000000284,0.30000000000001137,0.25
2026-09-07,CE,2026-09-07T08:48:00+00:00,2026-09-07T08:47:00+00:00,2026-09-07T08:48:00+00:00,60.0,NIFTY|2026-09-08|23750|CE,36f5ec2f025e8a25be32dbbe33681647787af6c136b562d2d0b7993e36904034,08284752df28fbab73a791055ef158c6db2804442868666dbfeb52df0c1ae430,-2.900000000001455,-4.724999999999994,-4.5,0.3500000000000085,0.20000000000000284
2026-09-07,CE,2026-09-07T08:49:00+00:00,2026-09-07T08:48:00+00:00,2026-09-07T08:49:00+00:00,60.0,NIFTY|2026-09-08|23750|CE,08284752df28fbab73a791055ef158c6db2804442868666dbfeb52df0c1ae430,29622f81c8be5bd967452b2c6e90943e7851646e2e8377fe3a934e2b8685a9e2,2.2000000000007276,2.499999999999986,2.450000000000003,0.20000000000000284,0.09999999999999432
2026-09-07,CE,2026-09-07T08:50:00+00:00,2026-09-07T08:49:00+00:00,2026-09-07T08:50:00+00:00,60.0,NIFTY|2026-09-08|23750|CE,29622f81c8be5bd967452b2c6e90943e7851646e2e8377fe3a934e2b8685a9e2,dd0df00e758a67b2bdf935895ca9d2ac79104ff7cd1978bdcb4f456d48dbca4f,1.0,0.3500000000000085,0.10000000000000853,0.09999999999999432,0.10000000000000853
2026-09-07,CE,2026-09-07T08:54:00+00:00,2026-09-07T08:53:00+00:00,2026-09-07T08:54:00+00:00,60.0,NIFTY|2026-09-08|23800|CE,555a557d178dbbdfc86873a31ffddbe91c88b73f99ea1497a9e8f4ed113b010a,f583bf27234968aec09a2cbc4ff310e6384ee41aa88cc05f67dc8332dfc49113,2.4500000000007276,2.575000000000003,2.950000000000003,0.25,0.09999999999999432
2026-09-07,CE,2026-09-07T08:55:00+00:00,2026-09-07T08:54:00+00:00,2026-09-07T08:55:00+00:00,60.0,NIFTY|2026-09-08|23800|CE,f583bf27234968aec09a2cbc4ff310e6384ee41aa88cc05f67dc8332dfc49113,16211ead063382108475ea5eb087f2d8246a182fa1c00274fd785342f24db030,1.4500000000007276,0.32500000000000284,-0.14999999999999147,0.09999999999999432,0.14999999999999147
2026-09-07,CE,2026-09-07T08:56:00+00:00,2026-09-07T08:55:00+00:00,2026-09-07T08:56:00+00:00,60.0,NIFTY|2026-09-08|23800|CE,16211ead063382108475ea5eb087f2d8246a182fa1c00274fd785342f24db030,4b72445cda65f7e2241bb44d592a6edd0ffb54cc06ed825140ead3966236a7e4,0.049999999999272404,0.3999999999999915,0.6499999999999915,0.14999999999999147,0.25
2026-09-07,CE,2026-09-07T09:04:00+00:00,2026-09-07T09:03:00+00:00,2026-09-07T09:04:00+00:00,60.0,NIFTY|2026-09-08|23800|CE,1748d6ae8e7f7f28a44fe9e6cb5e95588af972e6026479a42ed49d76ee0f9ce7,b8f5277743f4fb729492b8e517c2bc1927b31480967a17fcc943f92852cc2a2b,-0.1500000000014552,-2.450000000000003,-2.5,0.15000000000000568,0.25
2026-09-07,CE,2026-09-07T09:09:00+00:00,2026-09-07T09:08:00+00:00,2026-09-07T09:09:00+00:00,60.0,NIFTY|2026-09-08|23750|CE,6036e84cf9157742e4c5eeafa0fe048c3957167e30aef39e958a922a6ac16159,daeb883f13ab6494eb55602aaa8852d5285823f07cb1c0a315bbb44644130c5f,-2.9500000000007276,-2.7249999999999943,-1.75,0.20000000000000284,0.14999999999999147
2026-09-07,CE,2026-09-07T09:10:00+00:00,2026-09-07T09:09:00+00:00,2026-09-07T09:10:00+00:00,60.0,NIFTY|2026-09-08|23750|CE,daeb883f13ab6494eb55602aaa8852d5285823f07cb1c0a315bbb44644130c5f,075219e7d564dc6a13c36fc9964a93a9ec6c269f31b6bc9f6b8fbf9e9cae06a2,-2.75,-2.049999999999997,-2.1000000000000085,0.14999999999999147,0.25
2026-09-07,CE,2026-09-07T09:11:00+00:00,2026-09-07T09:10:00+00:00,2026-09-07T09:11:00+00:00,60.0,NIFTY|2026-09-08|23750|CE,075219e7d564dc6a13c36fc9964a93a9ec6c269f31b6bc9f6b8fbf9e9cae06a2,87f7cafb19e5565309ff9ebef9dea94b7b105b85f184f55d11537b0f5473816d,-3.9500000000007276,-5.174999999999997,-5.3999999999999915,0.25,0.19999999999998863
2026-09-07,CE,2026-09-07T09:12:00+00:00,2026-09-07T09:11:00+00:00,2026-09-07T09:12:00+00:00,60.0,NIFTY|2026-09-08|23750|CE,87f7cafb19e5565309ff9ebef9dea94b7b105b85f184f55d11537b0f5473816d,5050152146c8eeda0c318a21e916dacaffda78626177af8d3b703bae6a70af40,-2.399999999997817,2.25,2.299999999999997,0.19999999999998863,0.30000000000001137
2026-09-07,CE,2026-09-07T09:13:00+00:00,2026-09-07T09:12:00+00:00,2026-09-07T09:13:00+00:00,60.0,NIFTY|2026-09-08|23750|CE,5050152146c8eeda0c318a21e916dacaffda78626177af8d3b703bae6a70af40,12bf84b1e3ada84dc3ba2711e3fb1237aa6e737da81ad5031eef227212e584bf,3.0499999999992724,0.5999999999999943,0.75,0.30000000000001137,0.20000000000000284
2026-09-07,CE,2026-09-07T09:14:00+00:00,2026-09-07T09:13:00+00:00,2026-09-07T09:14:00+00:00,60.0,NIFTY|2026-09-08|23750|CE,12bf84b1e3ada84dc3ba2711e3fb1237aa6e737da81ad5031eef227212e584bf,02b0514d2b6098bf4df3eb502f32d696fae6468088af6877e3352ccc39c92d79,-1.2999999999992724,-0.375,-0.45000000000000284,0.20000000000000284,0.25
2026-09-07,CE,2026-09-07T09:15:00+00:00,2026-09-07T09:14:00+00:00,2026-09-07T09:15:00+00:00,60.0,NIFTY|2026-09-08|23750|CE,02b0514d2b6098bf4df3eb502f32d696fae6468088af6877e3352ccc39c92d79,e5c6f7f0b1c54a2aceb09d035efc5960d8de4eed1245247b099d4f337ee28818,-3.2000000000007276,-1.0749999999999886,-1.25,0.25,0.29999999999999716
2026-09-07,CE,2026-09-07T09:16:00+00:00,2026-09-07T09:15:00+00:00,2026-09-07T09:16:00+00:00,60.0,NIFTY|2026-09-08|23750|CE,e5c6f7f0b1c54a2aceb09d035efc5960d8de4eed1245247b099d4f337ee28818,5277bd5d2c599b46251c58cda43fc353d019e16884d37137a059bef0290da72f,-2.600000000002183,-1.4750000000000085,-1.5,0.29999999999999716,0.25
2026-09-07,CE,2026-09-07T09:17:00+00:00,2026-09-07T09:16:00+00:00,2026-09-07T09:17:00+00:00,60.0,NIFTY|2026-09-08|23750|CE,5277bd5d2c599b46251c58cda43fc353d019e16884d37137a059bef0290da72f,28cf4fa63fb319fcec431d9cd7eeaad6d9e34f71bcaf861ef1de0b9708cf47be,0.4500000000007276,1.0249999999999915,1.0,0.25,0.20000000000000284
2026-09-07,CE,2026-09-07T09:18:00+00:00,2026-09-07T09:17:00+00:00,2026-09-07T09:18:00+00:00,60.0,NIFTY|2026-09-08|23750|CE,28cf4fa63fb319fcec431d9cd7eeaad6d9e34f71bcaf861ef1de0b9708cf47be,de76eb3ed2f1cf43a02fd1759e83715c58ffb0afc60da7a033e55d38e410925d,-0.5999999999985448,1.1000000000000227,1.5,0.20000000000000284,0.29999999999999716
2026-09-07,CE,2026-09-07T09:19:00+00:00,2026-09-07T09:18:00+00:00,2026-09-07T09:19:00+00:00,60.0,NIFTY|2026-09-08|23750|CE,de76eb3ed2f1cf43a02fd1759e83715c58ffb0afc60da7a033e55d38e410925d,e39865fe9593aadea29ac6ddd262123e553426f970ebdaca82c13414c9a7aa06,1.0499999999992724,0.924999999999983,0.5499999999999972,0.29999999999999716,0.25
2026-09-07,CE,2026-09-07T09:20:00+00:00,2026-09-07T09:19:00+00:00,2026-09-07T09:20:00+00:00,60.0,NIFTY|2026-09-08|23750|CE,e39865fe9593aadea29ac6ddd262123e553426f970ebdaca82c13414c9a7aa06,5d3f4d67a9bff70f7cafb7db41ed5d4b90c397bc06d3c150d2f04ad48dfae248,-2.599999999998545,0.42500000000001137,0.6500000000000057,0.25,0.20000000000000284
2026-09-07,CE,2026-09-07T09:21:00+00:00,2026-09-07T09:20:00+00:00,2026-09-07T09:21:00+00:00,60.0,NIFTY|2026-09-08|23750|CE,5d3f4d67a9bff70f7cafb7db41ed5d4b90c397bc06d3c150d2f04ad48dfae248,1c5883dc795dbf03866a0096d20aed72df9de49996a62af1fb13e80389ec1a19,6.349999999998545,3.3499999999999943,3.200000000000003,0.20000000000000284,0.30000000000001137
2026-09-07,CE,2026-09-07T09:22:00+00:00,2026-09-07T09:21:00+00:00,2026-09-07T09:22:00+00:00,60.0,NIFTY|2026-09-08|23750|CE,1c5883dc795dbf03866a0096d20aed72df9de49996a62af1fb13e80389ec1a19,1e7cc37dd8b9459924feec81c17ab183a3501719c642ba67ca22ba55cc7146b6,2.849999999998545,2.1500000000000057,2.1999999999999886,0.30000000000001137,0.10000000000000853
2026-09-07,CE,2026-09-07T09:23:00+00:00,2026-09-07T09:22:00+00:00,2026-09-07T09:23:00+00:00,60.0,NIFTY|2026-09-08|23750|CE,1e7cc37dd8b9459924feec81c17ab183a3501719c642ba67ca22ba55cc7146b6,8dde89bc4070b9e0482087c267660a9bfc31159ab700dc33cf34dc8ddf04f70b,-10.599999999998545,-5.474999999999994,-5.8999999999999915,0.10000000000000853,0.04999999999999716
2026-09-07,CE,2026-09-07T09:24:00+00:00,2026-09-07T09:23:00+00:00,2026-09-07T09:24:00+00:00,60.0,NIFTY|2026-09-08|23750|CE,8dde89bc4070b9e0482087c267660a9bfc31159ab700dc33cf34dc8ddf04f70b,cc9120b363e19fb683619f8901b2f01da5c3cc46fff59d70f84a4c39136c2ec7,-2.9500000000007276,-0.125,0.45000000000000284,0.04999999999999716,0.20000000000000284
2026-09-07,CE,2026-09-07T09:25:00+00:00,2026-09-07T09:24:00+00:00,2026-09-07T09:25:00+00:00,60.0,NIFTY|2026-09-08|23750|CE,cc9120b363e19fb683619f8901b2f01da5c3cc46fff59d70f84a4c39136c2ec7,0313f069ec1ee30d13c84c4f6363cbf13eec35b0476ad3a9cf211dc7369d938d,0.5499999999992724,0.25,0.25,0.20000000000000284,0.29999999999999716
2026-09-07,CE,2026-09-07T09:26:00+00:00,2026-09-07T09:25:00+00:00,2026-09-07T09:26:00+00:00,60.0,NIFTY|2026-09-08|23750|CE,0313f069ec1ee30d13c84c4f6363cbf13eec35b0476ad3a9cf211dc7369d938d,75385470d752952212df43ba395588b437cd2f899ecfb5b0a08a8187443817b8,1.3500000000021828,0.9499999999999886,1.0,0.29999999999999716,0.30000000000001137
2026-09-07,CE,2026-09-07T09:27:00+00:00,2026-09-07T09:26:00+00:00,2026-09-07T09:27:00+00:00,60.0,NIFTY|2026-09-08|23750|CE,75385470d752952212df43ba395588b437cd2f899ecfb5b0a08a8187443817b8,ae584686ca2ba2e986409e2fffb9dd5badca47aef33e19250678f8b0b243bdc2,0.8999999999978172,0.5250000000000057,0.3999999999999915,0.30000000000001137,0.25
2026-09-07,CE,2026-09-07T09:28:00+00:00,2026-09-07T09:27:00+00:00,2026-09-07T09:28:00+00:00,60.0,NIFTY|2026-09-08|23750|CE,ae584686ca2ba2e986409e2fffb9dd5badca47aef33e19250678f8b0b243bdc2,00c2c1891a6228a607ffd24ba7ad78083cae0e0a7a53df0bd574a4cc049be4e4,1.1500000000014552,-0.25,-0.25,0.25,0.04999999999999716
2026-09-07,CE,2026-09-07T09:29:00+00:00,2026-09-07T09:28:00+00:00,2026-09-07T09:29:00+00:00,60.0,NIFTY|2026-09-08|23750|CE,00c2c1891a6228a607ffd24ba7ad78083cae0e0a7a53df0bd574a4cc049be4e4,02570865f638b24328f057882b7660e14e80e7e4f3710e490804bc58fcf62153,-5.650000000001455,-2.6000000000000085,-2.700000000000003,0.04999999999999716,0.15000000000000568
2026-09-07,CE,2026-09-07T09:30:00+00:00,2026-09-07T09:29:00+00:00,2026-09-07T09:30:00+00:00,60.0,NIFTY|2026-09-08|23750|CE,02570865f638b24328f057882b7660e14e80e7e4f3710e490804bc58fcf62153,4ffd5a9a4c810a306e3574e0aaad26719c8425197a8f0b1f2469b454dee16c2c,1.0500000000029104,0.9500000000000028,0.9500000000000028,0.15000000000000568,0.25
2026-09-07,CE,2026-09-07T09:31:00+00:00,2026-09-07T09:30:00+00:00,2026-09-07T09:31:00+00:00,60.0,NIFTY|2026-09-08|23750|CE,4ffd5a9a4c810a306e3574e0aaad26719c8425197a8f0b1f2469b454dee16c2c,a0a0b89ac76bad4eec40fb3c52bcefa069b9f6b17991000e053881ccb0689a34,-0.75,0.4000000000000057,0.5499999999999972,0.25,0.25
2026-09-07,CE,2026-09-07T09:32:00+00:00,2026-09-07T09:31:00+00:00,2026-09-07T09:32:00+00:00,60.0,NIFTY|2026-09-08|23750|CE,a0a0b89ac76bad4eec40fb3c52bcefa069b9f6b17991000e053881ccb0689a34,565feffbe04e1d70450158253213133287b9952aea95be9dbf3fff08f2a032fb,3.0499999999992724,2.299999999999997,2.4000000000000057,0.25,0.25
2026-09-07,CE,2026-09-07T09:33:00+00:00,2026-09-07T09:32:00+00:00,2026-09-07T09:33:00+00:00,60.0,NIFTY|2026-09-08|23750|CE,565feffbe04e1d70450158253213133287b9952aea95be9dbf3fff08f2a032fb,5a85b443f14b5c739d8f71f823980dd7f3103933ef4073d95e6c88065631ada9,4.099999999998545,2.575000000000003,2.5,0.25,0.20000000000000284
2026-09-07,CE,2026-09-07T09:34:00+00:00,2026-09-07T09:33:00+00:00,2026-09-07T09:34:00+00:00,60.0,NIFTY|2026-09-08|23750|CE,5a85b443f14b5c739d8f71f823980dd7f3103933ef4073d95e6c88065631ada9,d36519ef55fef0346de2722f5da33cc441919301df5cc64c665b1aabf1d0f0f0,-0.8499999999985448,-2.200000000000017,-2.4000000000000057,0.20000000000000284,0.29999999999999716
2026-09-07,CE,2026-09-07T09:35:00+00:00,2026-09-07T09:34:00+00:00,2026-09-07T09:35:00+00:00,60.0,NIFTY|2026-09-08|23750|CE,d36519ef55fef0346de2722f5da33cc441919301df5cc64c665b1aabf1d0f0f0,7a27b3ede571dac4fa90b5e78b461b2bb212a3984cc31d0567e5449cba8c662e,-5.0,-2.674999999999983,-1.7999999999999972,0.29999999999999716,0.25
2026-09-07,CE,2026-09-07T09:36:00+00:00,2026-09-07T09:35:00+00:00,2026-09-07T09:36:00+00:00,60.0,NIFTY|2026-09-08|23750|CE,7a27b3ede571dac4fa90b5e78b461b2bb212a3984cc31d0567e5449cba8c662e,bf590125fa2c68d0e801cd96322907763493ba14072377b2e5ec39e472317bfd,-2.7999999999992724,1.424999999999983,0.5,0.25,0.20000000000000284
2026-09-07,CE,2026-09-07T09:37:00+00:00,2026-09-07T09:36:00+00:00,2026-09-07T09:37:00+00:00,60.0,NIFTY|2026-09-08|23750|CE,bf590125fa2c68d0e801cd96322907763493ba14072377b2e5ec39e472317bfd,cc12ac395f30709f94da2ded389af541f0e5521d4a4d8f3e19ef71c7dec13d4a,2.5499999999992724,0.42500000000001137,0.6500000000000057,0.20000000000000284,0.15000000000000568
2026-09-07,CE,2026-09-07T09:38:00+00:00,2026-09-07T09:37:00+00:00,2026-09-07T09:38:00+00:00,60.0,NIFTY|2026-09-08|23750|CE,cc12ac395f30709f94da2ded389af541f0e5521d4a4d8f3e19ef71c7dec13d4a,2383e180995ef10fef71c2cc1e0d28944d6e532dc0549a57b000be4e7fd42d90,-0.25,0.5250000000000057,0.5999999999999943,0.15000000000000568,0.20000000000000284
2026-09-07,CE,2026-09-07T09:39:00+00:00,2026-09-07T09:38:00+00:00,2026-09-07T09:39:00+00:00,60.0,NIFTY|2026-09-08|23750|CE,2383e180995ef10fef71c2cc1e0d28944d6e532dc0549a57b000be4e7fd42d90,cfe6f6b1c1de2496673019b741517b357152dc0723a63c44805c11f6654de74d,-2.400000000001455,-0.22500000000000853,-0.3499999999999943,0.20000000000000284,0.25
2026-09-07,CE,2026-09-07T09:40:00+00:00,2026-09-07T09:39:00+00:00,2026-09-07T09:40:00+00:00,60.0,NIFTY|2026-09-08|23750|CE,cfe6f6b1c1de2496673019b741517b357152dc0723a63c44805c11f6654de74d,3036a248193fa30ce040e5421561907e29f899b3eceef0e55b07dbf8b8165e63,-5.5,-2.75,-2.950000000000003,0.25,0.25
2026-09-07,CE,2026-09-07T09:41:00+00:00,2026-09-07T09:40:00+00:00,2026-09-07T09:41:00+00:00,60.0,NIFTY|2026-09-08|23750|CE,3036a248193fa30ce040e5421561907e29f899b3eceef0e55b07dbf8b8165e63,47ac5b3ee143ed74b97a2ab75f465c118f6790dd9afaac07147364c8ea4b537a,2.5,1.0750000000000028,1.4000000000000057,0.25,0.19999999999998863
2026-09-07,CE,2026-09-07T09:42:00+00:00,2026-09-07T09:41:00+00:00,2026-09-07T09:42:00+00:00,60.0,NIFTY|2026-09-08|23750|CE,47ac5b3ee143ed74b97a2ab75f465c118f6790dd9afaac07147364c8ea4b537a,40d25cbdc97fdd2f21d20d9fd2cf862b462e5dfd9d1305458595a377592e9df0,3.150000000001455,0.9000000000000057,0.8999999999999915,0.19999999999998863,0.20000000000000284
2026-09-07,CE,2026-09-07T09:43:00+00:00,2026-09-07T09:42:00+00:00,2026-09-07T09:43:00+00:00,60.0,NIFTY|2026-09-08|23750|CE,40d25cbdc97fdd2f21d20d9fd2cf862b462e5dfd9d1305458595a377592e9df0,341a41a9a6b1dd21e0bc6a4c5f6421294127397c825410126bd4035faccf9e3f,0.09999999999854481,1.2749999999999915,1.2000000000000028,0.20000000000000284,0.15000000000000568
2026-09-07,CE,2026-09-07T09:44:00+00:00,2026-09-07T09:43:00+00:00,2026-09-07T09:44:00+00:00,60.0,NIFTY|2026-09-08|23750|CE,341a41a9a6b1dd21e0bc6a4c5f6421294127397c825410126bd4035faccf9e3f,6bbb1832ee71139e8fa62fd00f3b3514713965863270e07d254ec85a474b73c3,7.549999999999272,1.4249999999999972,1.5,0.15000000000000568,0.29999999999999716
2026-09-07,CE,2026-09-07T09:45:00+00:00,2026-09-07T09:44:00+00:00,2026-09-07T09:45:00+00:00,60.0,NIFTY|2026-09-08|23750|CE,6bbb1832ee71139e8fa62fd00f3b3514713965863270e07d254ec85a474b73c3,9a2385912fd2ecda9c2dc93f13f3e779ff71abeaedeeaf1a38b7ab33168fca0a,4.55000000000291,-0.6999999999999886,-1.0,0.29999999999999716,0.29999999999999716
2026-09-07,CE,2026-09-07T09:46:00+00:00,2026-09-07T09:45:00+00:00,2026-09-07T09:46:00+00:00,60.0,NIFTY|2026-09-08|23750|CE,9a2385912fd2ecda9c2dc93f13f3e779ff71abeaedeeaf1a38b7ab33168fca0a,1d97e8b5612bd0af5c1d153fd957064b40d504ab1e2a862e4e69dc72a9687475,0.8999999999978172,-4.625,-4.450000000000003,0.29999999999999716,0.14999999999999147
2026-09-07,CE,2026-09-07T09:47:00+00:00,2026-09-07T09:46:00+00:00,2026-09-07T09:47:00+00:00,60.0,NIFTY|2026-09-08|23750|CE,1d97e8b5612bd0af5c1d153fd957064b40d504ab1e2a862e4e69dc72a9687475,5a6b53e6d0a403377e5627cb18a7be9fcd1bbcb2b963516c7ef1138f4d48907e,0.0,-0.5500000000000114,-0.5,0.14999999999999147,0.14999999999999147
2026-09-07,CE,2026-09-07T09:48:00+00:00,2026-09-07T09:47:00+00:00,2026-09-07T09:48:00+00:00,60.0,NIFTY|2026-09-08|23750|CE,5a6b53e6d0a403377e5627cb18a7be9fcd1bbcb2b963516c7ef1138f4d48907e,9c126e7f3cc6157c15541155f0ff070b6879c9195405bb0fd1f9d04991fb752e,0.0,1.75,1.6500000000000057,0.14999999999999147,0.14999999999999147
2026-09-07,CE,2026-09-07T09:49:00+00:00,2026-09-07T09:48:00+00:00,2026-09-07T09:49:00+00:00,60.0,NIFTY|2026-09-08|23750|CE,9c126e7f3cc6157c15541155f0ff070b6879c9195405bb0fd1f9d04991fb752e,2dc0560f509ff744b80a8aec9b68fb62ae90e4e43726eb2e7ad7827c2b0ed9d8,0.0,-1.625,-1.5,0.14999999999999147,0.29999999999999716
2026-09-07,CE,2026-09-07T09:50:00+00:00,2026-09-07T09:49:00+00:00,2026-09-07T09:50:00+00:00,60.0,NIFTY|2026-09-08|23750|CE,2dc0560f509ff744b80a8aec9b68fb62ae90e4e43726eb2e7ad7827c2b0ed9d8,b26bdc4b35c66d451e1f35fa6833839c356837711a2d0bfb2ad11b984364d6c4,0.0,-15.449999999999989,-15.549999999999997,0.29999999999999716,0.29999999999999716
2026-09-07,CE,2026-09-07T09:51:00+00:00,2026-09-07T09:50:00+00:00,2026-09-07T09:51:00+00:00,60.0,NIFTY|2026-09-08|23750|CE,b26bdc4b35c66d451e1f35fa6833839c356837711a2d0bfb2ad11b984364d6c4,ea42e697f70021dd91def61fa08679c18e1a47821a0bc5604d5349fb928d9524,0.0,11.924999999999997,12.049999999999997,0.29999999999999716,0.25
2026-09-07,CE,2026-09-07T09:52:00+00:00,2026-09-07T09:51:00+00:00,2026-09-07T09:52:00+00:00,60.0,NIFTY|2026-09-08|23750|CE,ea42e697f70021dd91def61fa08679c18e1a47821a0bc5604d5349fb928d9524,c061a7712e1a65e4e53b9a078d212ed8c28655c37729ae7ba38bbec29ceb3fff,0.0,-1.6000000000000085,-1.9000000000000057,0.25,0.25
2026-09-07,CE,2026-09-07T09:53:00+00:00,2026-09-07T09:52:00+00:00,2026-09-07T09:53:00+00:00,60.0,NIFTY|2026-09-08|23750|CE,c061a7712e1a65e4e53b9a078d212ed8c28655c37729ae7ba38bbec29ceb3fff,5c1260b812295ce9528e0b3a8e15944a46477eb91308052173d8eba8758375a4,0.0,-0.9499999999999886,-0.6499999999999915,0.25,0.14999999999999147
2026-09-07,CE,2026-09-07T09:54:00+00:00,2026-09-07T09:53:00+00:00,2026-09-07T09:54:00+00:00,60.0,NIFTY|2026-09-08|23750|CE,5c1260b812295ce9528e0b3a8e15944a46477eb91308052173d8eba8758375a4,7b624179f81cc06f1e005f5680bf37ec6609add3cf39a43c6f36ccd34efe9e5c,0.0,-0.75,-0.9500000000000028,0.14999999999999147,0.25
2026-09-07,CE,2026-09-07T09:55:00+00:00,2026-09-07T09:54:00+00:00,2026-09-07T09:55:00+00:00,60.0,NIFTY|2026-09-08|23750|CE,7b624179f81cc06f1e005f5680bf37ec6609add3cf39a43c6f36ccd34efe9e5c,f8100a3e51e30230759f298d7d24bb5af6a418f673b5fbdeb40358f2c91c9276,0.0,-2.1750000000000114,-2.0,0.25,0.20000000000000284
2026-09-07,CE,2026-09-07T09:56:00+00:00,2026-09-07T09:55:00+00:00,2026-09-07T09:56:00+00:00,60.0,NIFTY|2026-09-08|23750|CE,f8100a3e51e30230759f298d7d24bb5af6a418f673b5fbdeb40358f2c91c9276,9d2582840e8230df73d872c523ffd353d69308596b0d2b505a9b75b772ce3e7a,0.0,0.20000000000001705,0.0,0.20000000000000284,0.29999999999999716
2026-09-07,CE,2026-09-07T09:57:00+00:00,2026-09-07T09:56:00+00:00,2026-09-07T09:57:00+00:00,60.0,NIFTY|2026-09-08|23750|CE,9d2582840e8230df73d872c523ffd353d69308596b0d2b505a9b75b772ce3e7a,814e939b96749d198e9008d2cdf1f8beadfdf8bf2de1ed0281f68305475f1c04,0.0,-5.825000000000017,-6.150000000000006,0.29999999999999716,0.25
2026-09-07,CE,2026-09-07T09:58:00+00:00,2026-09-07T09:57:00+00:00,2026-09-07T09:58:00+00:00,60.0,NIFTY|2026-09-08|23750|CE,814e939b96749d198e9008d2cdf1f8beadfdf8bf2de1ed0281f68305475f1c04,01cb77c5d44b0ef0f859f889c88d8fd4527c96a0d1305d7de28a2d327ba142ec,0.0,-0.875,-1.0499999999999972,0.25,0.29999999999999716
2026-09-07,CE,2026-09-07T09:59:00+00:00,2026-09-07T09:58:00+00:00,2026-09-07T09:59:00+00:00,60.0,NIFTY|2026-09-08|23750|CE,01cb77c5d44b0ef0f859f889c88d8fd4527c96a0d1305d7de28a2d327ba142ec,4ac54963c24725fa4b53dabadc911bda0a652c9a6e1ba415c80138922b30ed52,0.0,1.375,2.0999999999999943,0.29999999999999716,0.25
2026-09-07,PE,2026-09-07T08:39:00+00:00,2026-09-07T08:38:00+00:00,2026-09-07T08:39:00+00:00,60.0,NIFTY|2026-09-08|23750|PE,125f4b258b462c11a3b09650b835e221c52c17e75be40a1cc8a18fa248f641b8,2286d850c5b4ae6aa4e5fbce6bc910aeddc80eb82de461746fd041e5bf049329,-2.400000000001455,1.1000000000000085,1.0500000000000043,0.10000000000000142,0.10000000000000142
2026-09-07,PE,2026-09-07T08:40:00+00:00,2026-09-07T08:39:00+00:00,2026-09-07T08:40:00+00:00,60.0,NIFTY|2026-09-08|23750|PE,2286d850c5b4ae6aa4e5fbce6bc910aeddc80eb82de461746fd041e5bf049329,2da914e04828625e0fbd3b3f510034d937a9a810444890ccbb80a41d7d83b448,3.400000000001455,-1.1000000000000085,-1.1000000000000014,0.10000000000000142,0.10000000000000142
2026-09-07,PE,2026-09-07T08:43:00+00:00,2026-09-07T08:42:00+00:00,2026-09-07T08:43:00+00:00,60.0,NIFTY|2026-09-08|23750|PE,6eee9450a1730bcc655a215cfeab50ce7134efed433c2d638ee3445df8ea86fa,173e6972191808f0b1e82b0320016ec3c0c04273bd00678ba6e84f78cd1e2845,1.8499999999985448,-0.4749999999999943,-0.5500000000000043,0.15000000000000568,0.10000000000000142
2026-09-07,PE,2026-09-07T08:48:00+00:00,2026-09-07T08:47:00+00:00,2026-09-07T08:48:00+00:00,60.0,NIFTY|2026-09-08|23750|PE,e0b1de5df613fd9b69d236b865a094809df6bfaf070216eb826edb668c0609c8,68ff9b64e5479add7d1347e996f69149a464578a9cf5b7f19e3e838744ac9733,-2.900000000001455,1.8250000000000028,1.9500000000000028,0.04999999999999716,0.10000000000000142
2026-09-07,PE,2026-09-07T08:49:00+00:00,2026-09-07T08:48:00+00:00,2026-09-07T08:49:00+00:00,60.0,NIFTY|2026-09-08|23750|PE,68ff9b64e5479add7d1347e996f69149a464578a9cf5b7f19e3e838744ac9733,cb4e804f8503b1a915cc74eca4cd245b5d0c2a7dece117b5d86f4b5d84bd7ceb,2.2000000000007276,-1.2250000000000014,-1.25,0.10000000000000142,0.04999999999999716
2026-09-07,PE,2026-09-07T08:50:00+00:00,2026-09-07T08:49:00+00:00,2026-09-07T08:50:00+00:00,60.0,NIFTY|2026-09-08|23750|PE,cb4e804f8503b1a915cc74eca4cd245b5d0c2a7dece117b5d86f4b5d84bd7ceb,5c81c37ba3a93f74230862d24fa13594a80cae82d8d3d487a2aaca4acd32911a,1.0,-0.07499999999999574,-0.04999999999999716,0.04999999999999716,0.10000000000000142
2026-09-07,PE,2026-09-07T08:54:00+00:00,2026-09-07T08:53:00+00:00,2026-09-07T08:54:00+00:00,60.0,NIFTY|2026-09-08|23800|PE,ce9b719d68dd694ccda7a2e38c5d10fe9d6ed3a806e1c966e07a9441bad3a07d,bf8cb3b5596bc7169755c4031b6182ddbd2b2daae4660fce72196fceb98593c9,2.4500000000007276,-2.0999999999999943,-2.0500000000000043,0.10000000000000142,0.10000000000000142
2026-09-07,PE,2026-09-07T08:55:00+00:00,2026-09-07T08:54:00+00:00,2026-09-07T08:55:00+00:00,60.0,NIFTY|2026-09-08|23800|PE,bf8cb3b5596bc7169755c4031b6182ddbd2b2daae4660fce72196fceb98593c9,9deeac981a500cb5e1e300d181ddfc9a260f1f793cc75455afc00db614a63434,1.4500000000007276,0.125,0.10000000000000142,0.10000000000000142,0.14999999999999858
2026-09-07,PE,2026-09-07T08:56:00+00:00,2026-09-07T08:55:00+00:00,2026-09-07T08:56:00+00:00,60.0,NIFTY|2026-09-08|23800|PE,9deeac981a500cb5e1e300d181ddfc9a260f1f793cc75455afc00db614a63434,f32de75f1598b06a442de81937f7f60db76c5536c118fd17af7a62c2330705cf,0.049999999999272404,-0.17499999999999716,0.10000000000000142,0.14999999999999858,0.10000000000000142
2026-09-07,PE,2026-09-07T09:04:00+00:00,2026-09-07T09:03:00+00:00,2026-09-07T09:04:00+00:00,60.0,NIFTY|2026-09-08|23800|PE,2fbca7df4613216d596477fdaa92d6d3a08f2fbe2f64e377e49c939453173498,32522442fb7d9f25b740d2e85ce28b65663f65f619abdb3ba47e4eddca128974,-0.1500000000014552,1.5499999999999972,2.0,0.10000000000000142,0.09999999999999432
2026-09-07,PE,2026-09-07T09:09:00+00:00,2026-09-07T09:08:00+00:00,2026-09-07T09:09:00+00:00,60.0,NIFTY|2026-09-08|23750|PE,9de07c5e82d4e5f9e8906a51e4a0928b847b68cd7875eb23e074be8487097bac,6f874783ebe46da1c7fccae6b1226642aaba63424ae5463a564187e3f3a5db35,-2.9500000000007276,1.4249999999999972,1.5,0.10000000000000142,0.14999999999999858
2026-09-07,PE,2026-09-07T09:10:00+00:00,2026-09-07T09:09:00+00:00,2026-09-07T09:10:00+00:00,60.0,NIFTY|2026-09-08|23750|PE,6f874783ebe46da1c7fccae6b1226642aaba63424ae5463a564187e3f3a5db35,20609eb39d362f9df9b297e4b850f379e1b2499a3831c96f523c70d0a85f5246,-2.75,1.0499999999999972,1.0500000000000043,0.14999999999999858,0.04999999999999716
2026-09-07,PE,2026-09-07T09:11:00+00:00,2026-09-07T09:10:00+00:00,2026-09-07T09:11:00+00:00,60.0,NIFTY|2026-09-08|23750|PE,20609eb39d362f9df9b297e4b850f379e1b2499a3831c96f523c70d0a85f5246,1942452b1be5b7ee7f327fd8e29cb73ac8974f63cfdfcd18bb1902741093beb1,-3.9500000000007276,2.799999999999997,2.6499999999999986,0.04999999999999716,0.05000000000000426
2026-09-07,PE,2026-09-07T09:12:00+00:00,2026-09-07T09:11:00+00:00,2026-09-07T09:12:00+00:00,60.0,NIFTY|2026-09-08|23750|PE,1942452b1be5b7ee7f327fd8e29cb73ac8974f63cfdfcd18bb1902741093beb1,f1dfee7d161b4a9eec699aa3e0dbf6e85bd2758f45d386a44f2d63b9dc09f61b,-2.399999999997817,-1.5,-1.25,0.05000000000000426,0.14999999999999858
2026-09-07,PE,2026-09-07T09:13:00+00:00,2026-09-07T09:12:00+00:00,2026-09-07T09:13:00+00:00,60.0,NIFTY|2026-09-08|23750|PE,f1dfee7d161b4a9eec699aa3e0dbf6e85bd2758f45d386a44f2d63b9dc09f61b,a4a15e7095062fcfe5374cea37f83e183cef4263c917e340a9022a7600dab650,3.0499999999992724,-0.7999999999999972,-0.8999999999999986,0.14999999999999858,0.15000000000000568
2026-09-07,PE,2026-09-07T09:14:00+00:00,2026-09-07T09:13:00+00:00,2026-09-07T09:14:00+00:00,60.0,NIFTY|2026-09-08|23750|PE,a4a15e7095062fcfe5374cea37f83e183cef4263c917e340a9022a7600dab650,d7579c6deb8d9327811a3750dcffd17ce8e86ec7e451f79f5460e9d52004994b,-1.2999999999992724,0.32500000000000284,0.25,0.15000000000000568,0.10000000000000142
2026-09-07,PE,2026-09-07T09:15:00+00:00,2026-09-07T09:14:00+00:00,2026-09-07T09:15:00+00:00,60.0,NIFTY|2026-09-08|23750|PE,d7579c6deb8d9327811a3750dcffd17ce8e86ec7e451f79f5460e9d52004994b,58e1bc4a08a6ee5db3b00c108bfb79f168ce9adbf650d6c8795192b2e3c97d8d,-3.2000000000007276,0.625,0.6499999999999986,0.10000000000000142,0.14999999999999858
2026-09-07,PE,2026-09-07T09:16:00+00:00,2026-09-07T09:15:00+00:00,2026-09-07T09:16:00+00:00,60.0,NIFTY|2026-09-08|23750|PE,58e1bc4a08a6ee5db3b00c108bfb79f168ce9adbf650d6c8795192b2e3c97d8d,1eb6992439af4c4940fd5bb124436f82ead446c25980f8d461c685c488dc1a69,-2.600000000002183,1.3499999999999943,1.25,0.14999999999999858,0.14999999999999858
2026-09-07,PE,2026-09-07T09:17:00+00:00,2026-09-07T09:16:00+00:00,2026-09-07T09:17:00+00:00,60.0,NIFTY|2026-09-08|23750|PE,1eb6992439af4c4940fd5bb124436f82ead446c25980f8d461c685c488dc1a69,55b463db57d97126ce154aee5011e4efa5e4a2072ae783cff215096efbb21f3d,0.4500000000007276,-0.5499999999999972,-0.5500000000000043,0.14999999999999858,0.15000000000000568
2026-09-07,PE,2026-09-07T09:18:00+00:00,2026-09-07T09:17:00+00:00,2026-09-07T09:18:00+00:00,60.0,NIFTY|2026-09-08|23750|PE,55b463db57d97126ce154aee5011e4efa5e4a2072ae783cff215096efbb21f3d,b82aeae365d4d19e99044a7d2db18c695a27c010c450443fd99b6aeac82e186c,-0.5999999999985448,-0.4000000000000057,-0.25,0.15000000000000568,0.14999999999999858
2026-09-07,PE,2026-09-07T09:19:00+00:00,2026-09-07T09:18:00+00:00,2026-09-07T09:19:00+00:00,60.0,NIFTY|2026-09-08|23750|PE,b82aeae365d4d19e99044a7d2db18c695a27c010c450443fd99b6aeac82e186c,1710373fef8e4bcac6cb19de4f846d989315c97a96eb6525b1dbc63d476750e0,1.0499999999992724,-0.14999999999999147,-0.25,0.14999999999999858,0.14999999999999858
2026-09-07,PE,2026-09-07T09:20:00+00:00,2026-09-07T09:19:00+00:00,2026-09-07T09:20:00+00:00,60.0,NIFTY|2026-09-08|23750|PE,1710373fef8e4bcac6cb19de4f846d989315c97a96eb6525b1dbc63d476750e0,f987b08bc211603fd91cf2603098b0fae3fc5165b0596f043a7671f7d014a7ce,-2.599999999998545,-0.10000000000000853,-0.09999999999999432,0.14999999999999858,0.14999999999999858
2026-09-07,PE,2026-09-07T09:21:00+00:00,2026-09-07T09:20:00+00:00,2026-09-07T09:21:00+00:00,60.0,NIFTY|2026-09-08|23750|PE,f987b08bc211603fd91cf2603098b0fae3fc5165b0596f043a7671f7d014a7ce,48243e354d87a7a2dcf99cb175349194686bfa33fe83d7d3c7ecbdcabb729da5,6.349999999998545,-1.8999999999999915,-1.9500000000000028,0.14999999999999858,0.14999999999999858
2026-09-07,PE,2026-09-07T09:22:00+00:00,2026-09-07T09:21:00+00:00,2026-09-07T09:22:00+00:00,60.0,NIFTY|2026-09-08|23750|PE,48243e354d87a7a2dcf99cb175349194686bfa33fe83d7d3c7ecbdcabb729da5,129813442b572e205b91d094a1fe27ffefab584d85800454721dc2c6e61c41e0,2.849999999998545,-1.4249999999999972,-1.3999999999999986,0.14999999999999858,0.10000000000000142
2026-09-07,PE,2026-09-07T09:23:00+00:00,2026-09-07T09:22:00+00:00,2026-09-07T09:23:00+00:00,60.0,NIFTY|2026-09-08|23750|PE,129813442b572e205b91d094a1fe27ffefab584d85800454721dc2c6e61c41e0,9753e30ed4dfe3bd0419d1f276ad8291ba9931478c477059433ff59d4523fcd9,-10.599999999998545,3.375,3.6000000000000014,0.10000000000000142,0.14999999999999858
2026-09-07,PE,2026-09-07T09:24:00+00:00,2026-09-07T09:23:00+00:00,2026-09-07T09:24:00+00:00,60.0,NIFTY|2026-09-08|23750|PE,9753e30ed4dfe3bd0419d1f276ad8291ba9931478c477059433ff59d4523fcd9,4f515594767e510597c4efffe27e709e58b52124926cda5321162e2583b2ea35,-2.9500000000007276,-0.05000000000000426,-0.20000000000000284,0.14999999999999858,0.04999999999999716
2026-09-07,PE,2026-09-07T09:25:00+00:00,2026-09-07T09:24:00+00:00,2026-09-07T09:25:00+00:00,60.0,NIFTY|2026-09-08|23750|PE,4f515594767e510597c4efffe27e709e58b52124926cda5321162e2583b2ea35,b4bb644fca91ccebcbedbfef3bc118dea74ef849025fac0a6700c9b0ad127fb3,0.5499999999992724,0.05000000000000426,0.04999999999999716,0.04999999999999716,0.14999999999999858
2026-09-07,PE,2026-09-07T09:26:00+00:00,2026-09-07T09:25:00+00:00,2026-09-07T09:26:00+00:00,60.0,NIFTY|2026-09-08|23750|PE,b4bb644fca91ccebcbedbfef3bc118dea74ef849025fac0a6700c9b0ad127fb3,5e514fc0cb28ef4f28ed725b201459f822265c029dd5a1b6c02d5bdf218361e4,1.3500000000021828,-0.9000000000000057,-0.8999999999999986,0.14999999999999858,0.04999999999999716
2026-09-07,PE,2026-09-07T09:27:00+00:00,2026-09-07T09:26:00+00:00,2026-09-07T09:27:00+00:00,60.0,NIFTY|2026-09-08|23750|PE,5e514fc0cb28ef4f28ed725b201459f822265c029dd5a1b6c02d5bdf218361e4,494d08e51118c629a4be5c19bcd000cdf6d752a8a881b74faa2454c56d695bc6,0.8999999999978172,-0.5999999999999943,-0.6999999999999957,0.04999999999999716,0.14999999999999858
2026-09-07,PE,2026-09-07T09:28:00+00:00,2026-09-07T09:27:00+00:00,2026-09-07T09:28:00+00:00,60.0,NIFTY|2026-09-08|23750|PE,494d08e51118c629a4be5c19bcd000cdf6d752a8a881b74faa2454c56d695bc6,fee70d10a9f809bbb76499e6400607985f8e477e7bcd8f326438b9abbe7e7988,1.1500000000014552,0.19999999999999574,0.14999999999999858,0.14999999999999858,0.04999999999999716
2026-09-07,PE,2026-09-07T09:29:00+00:00,2026-09-07T09:28:00+00:00,2026-09-07T09:29:00+00:00,60.0,NIFTY|2026-09-08|23750|PE,fee70d10a9f809bbb76499e6400607985f8e477e7bcd8f326438b9abbe7e7988,aa1cca6dde8cbda80ec2e5db06bc8499af9f7311594ab88138fd75d7ecc11a63,-5.650000000001455,1.624999999999993,1.7999999999999972,0.04999999999999716,0.10000000000000142
2026-09-07,PE,2026-09-07T09:30:00+00:00,2026-09-07T09:29:00+00:00,2026-09-07T09:30:00+00:00,60.0,NIFTY|2026-09-08|23750|PE,aa1cca6dde8cbda80ec2e5db06bc8499af9f7311594ab88138fd75d7ecc11a63,deccf8987c561f5cb0945e3cf47f2f2e67ff22422025ce9a8ffb420783d05f13,1.0500000000029104,-0.9249999999999972,-1.0499999999999972,0.10000000000000142,0.14999999999999858
2026-09-07,PE,2026-09-07T09:31:00+00:00,2026-09-07T09:30:00+00:00,2026-09-07T09:31:00+00:00,60.0,NIFTY|2026-09-08|23750|PE,deccf8987c561f5cb0945e3cf47f2f2e67ff22422025ce9a8ffb420783d05f13,1b1623c5b9490ee842892aff40bea81a0d9727ade2fc162f48aaeb95c5c468c0,-0.75,-0.5499999999999972,-0.6000000000000014,0.14999999999999858,0.15000000000000568
2026-09-07,PE,2026-09-07T09:32:00+00:00,2026-09-07T09:31:00+00:00,2026-09-07T09:32:00+00:00,60.0,NIFTY|2026-09-08|23750|PE,1b1623c5b9490ee842892aff40bea81a0d9727ade2fc162f48aaeb95c5c468c0,a5878a1dcb2d8af0086e72fdd853e0969969c3ecfe91179830e122773866f58b,3.0499999999992724,-1.6500000000000057,-1.6000000000000014,0.15000000000000568,0.14999999999999858
2026-09-07,PE,2026-09-07T09:33:00+00:00,2026-09-07T09:32:00+00:00,2026-09-07T09:33:00+00:00,60.0,NIFTY|2026-09-08|23750|PE,a5878a1dcb2d8af0086e72fdd853e0969969c3ecfe91179830e122773866f58b,255ed8417dde0d48fcb83664d8b2c1f4ffabe80bc03f317ae58ca57e22fa6be0,4.099999999998545,-2.1999999999999886,-2.1499999999999986,0.14999999999999858,0.14999999999999858
2026-09-07,PE,2026-09-07T09:34:00+00:00,2026-09-07T09:33:00+00:00,2026-09-07T09:34:00+00:00,60.0,NIFTY|2026-09-08|23750|PE,255ed8417dde0d48fcb83664d8b2c1f4ffabe80bc03f317ae58ca57e22fa6be0,573abf6b936f268416347af3292a15c5b67f395c45512d59dffcb97f71a1809f,-0.8499999999985448,1.7249999999999943,1.7000000000000028,0.14999999999999858,0.09999999999999432
2026-09-07,PE,2026-09-07T09:35:00+00:00,2026-09-07T09:34:00+00:00,2026-09-07T09:35:00+00:00,60.0,NIFTY|2026-09-08|23750|PE,573abf6b936f268416347af3292a15c5b67f395c45512d59dffcb97f71a1809f,ca21c2715b85c24e247746c44d08d74d618cefd51fff3af6295e95618fceb8f7,-5.0,1.0499999999999972,1.1499999999999986,0.09999999999999432,0.10000000000000142
2026-09-07,PE,2026-09-07T09:36:00+00:00,2026-09-07T09:35:00+00:00,2026-09-07T09:36:00+00:00,60.0,NIFTY|2026-09-08|23750|PE,ca21c2715b85c24e247746c44d08d74d618cefd51fff3af6295e95618fceb8f7,ed957ebe95b957c8eab392f19507803a94f301650aacb0a5d39871f2394f03ee,-2.7999999999992724,0.375,0.3500000000000014,0.10000000000000142,0.14999999999999858
2026-09-07,PE,2026-09-07T09:37:00+00:00,2026-09-07T09:36:00+00:00,2026-09-07T09:37:00+00:00,60.0,NIFTY|2026-09-08|23750|PE,ed957ebe95b957c8eab392f19507803a94f301650aacb0a5d39871f2394f03ee,a4a19c25af50621455c126e12861f67400831e0d1aadfa3423d98f3f4c79c03d,2.5499999999992724,-0.25,-0.20000000000000284,0.14999999999999858,0.14999999999999858
2026-09-07,PE,2026-09-07T09:38:00+00:00,2026-09-07T09:37:00+00:00,2026-09-07T09:38:00+00:00,60.0,NIFTY|2026-09-08|23750|PE,a4a19c25af50621455c126e12861f67400831e0d1aadfa3423d98f3f4c79c03d,258dea4f2544e322098a36087a58880e8ea792bb06af561fc012d80720bfb2cc,-0.25,-0.22499999999999432,-0.45000000000000284,0.14999999999999858,0.10000000000000142
2026-09-07,PE,2026-09-07T09:39:00+00:00,2026-09-07T09:38:00+00:00,2026-09-07T09:39:00+00:00,60.0,NIFTY|2026-09-08|23750|PE,258dea4f2544e322098a36087a58880e8ea792bb06af561fc012d80720bfb2cc,f6ad55b444d942f5b3745e3181bc14ba97c8f7f9c99fcabfa32a3639ae32c3a2,-2.400000000001455,0.3499999999999943,0.7000000000000028,0.10000000000000142,0.10000000000000142
2026-09-07,PE,2026-09-07T09:40:00+00:00,2026-09-07T09:39:00+00:00,2026-09-07T09:40:00+00:00,60.0,NIFTY|2026-09-08|23750|PE,f6ad55b444d942f5b3745e3181bc14ba97c8f7f9c99fcabfa32a3639ae32c3a2,656daf41456b436af02006d6e33edd1252a96e718b7d3f138410197560d38cf0,-5.5,1.4249999999999972,1.3500000000000014,0.10000000000000142,0.14999999999999858
2026-09-07,PE,2026-09-07T09:41:00+00:00,2026-09-07T09:40:00+00:00,2026-09-07T09:41:00+00:00,60.0,NIFTY|2026-09-08|23750|PE,656daf41456b436af02006d6e33edd1252a96e718b7d3f138410197560d38cf0,4ffbc9d21de415b7c306bb09a07441f8853a420f8ac0c3f85a1b2b18845879c9,2.5,-0.19999999999998863,-0.45000000000000284,0.14999999999999858,0.14999999999999858
2026-09-07,PE,2026-09-07T09:42:00+00:00,2026-09-07T09:41:00+00:00,2026-09-07T09:42:00+00:00,60.0,NIFTY|2026-09-08|23750|PE,4ffbc9d21de415b7c306bb09a07441f8853a420f8ac0c3f85a1b2b18845879c9,da9320cb3c5faf14957eb341ee43f4cbb99e1d23d081c174e00bcee4c1b36b4d,3.150000000001455,-0.45000000000000284,-0.3999999999999986,0.14999999999999858,0.05000000000000426
2026-09-07,PE,2026-09-07T09:43:00+00:00,2026-09-07T09:42:00+00:00,2026-09-07T09:43:00+00:00,60.0,NIFTY|2026-09-08|23750|PE,da9320cb3c5faf14957eb341ee43f4cbb99e1d23d081c174e00bcee4c1b36b4d,7f1cd06450d822b83d03c91b7c4131b2b538a1e57911927a010c08d737fd47f9,0.09999999999854481,-1.2000000000000028,-1.0499999999999972,0.05000000000000426,0.15000000000000568
2026-09-07,PE,2026-09-07T09:44:00+00:00,2026-09-07T09:43:00+00:00,2026-09-07T09:44:00+00:00,60.0,NIFTY|2026-09-08|23750|PE,7f1cd06450d822b83d03c91b7c4131b2b538a1e57911927a010c08d737fd47f9,ff0ebaa747017deaf91ea7cb795c03190ffa9900098886b0c0ac4ac3e5fccd52,7.549999999999272,-0.6500000000000057,-0.8000000000000043,0.15000000000000568,0.14999999999999858
2026-09-07,PE,2026-09-07T09:45:00+00:00,2026-09-07T09:44:00+00:00,2026-09-07T09:45:00+00:00,60.0,NIFTY|2026-09-08|23750|PE,ff0ebaa747017deaf91ea7cb795c03190ffa9900098886b0c0ac4ac3e5fccd52,7ab3cf53fd2dbe7ac4dd14865e83354c0c7376b972c3a2388537e9e737a318e0,4.55000000000291,-0.3999999999999915,-0.3999999999999986,0.14999999999999858,0.14999999999999858
2026-09-07,PE,2026-09-07T09:46:00+00:00,2026-09-07T09:45:00+00:00,2026-09-07T09:46:00+00:00,60.0,NIFTY|2026-09-08|23750|PE,7ab3cf53fd2dbe7ac4dd14865e83354c0c7376b972c3a2388537e9e737a318e0,f8f7d3d0034fdc0feeb90dee6337069c013fe87d239bfeb23f7301ab0004c98d,0.8999999999978172,1.8499999999999943,2.0,0.14999999999999858,0.14999999999999858
2026-09-07,PE,2026-09-07T09:47:00+00:00,2026-09-07T09:46:00+00:00,2026-09-07T09:47:00+00:00,60.0,NIFTY|2026-09-08|23750|PE,f8f7d3d0034fdc0feeb90dee6337069c013fe87d239bfeb23f7301ab0004c98d,825f0c6891f9ee9fe36084b82cbd73197dc5a3380e4a6bdcf71cdc938220b8cf,0.0,0.25,0.14999999999999858,0.14999999999999858,0.05000000000000426
2026-09-07,PE,2026-09-07T09:48:00+00:00,2026-09-07T09:47:00+00:00,2026-09-07T09:48:00+00:00,60.0,NIFTY|2026-09-08|23750|PE,825f0c6891f9ee9fe36084b82cbd73197dc5a3380e4a6bdcf71cdc938220b8cf,15299ff6d4a6782de05a3e62a9bd6ef45d75f2d1a72f516a873f9d99c4a92059,0.0,-0.8499999999999943,-0.6999999999999957,0.05000000000000426,0.14999999999999858
2026-09-07,PE,2026-09-07T09:49:00+00:00,2026-09-07T09:48:00+00:00,2026-09-07T09:49:00+00:00,60.0,NIFTY|2026-09-08|23750|PE,15299ff6d4a6782de05a3e62a9bd6ef45d75f2d1a72f516a873f9d99c4a92059,037e950e759d848a347869ce8417d98235f14312750a90713bd3b5ad0e7bce5c,0.0,0.5249999999999915,0.44999999999999574,0.14999999999999858,0.10000000000000142
2026-09-07,PE,2026-09-07T09:50:00+00:00,2026-09-07T09:49:00+00:00,2026-09-07T09:50:00+00:00,60.0,NIFTY|2026-09-08|23750|PE,037e950e759d848a347869ce8417d98235f14312750a90713bd3b5ad0e7bce5c,f7b9c9aa5fd818c6fbf6ae2c3607053c2c509854676a0434f78b7cbf1fc3953d,0.0,6.500000000000007,5.75,0.10000000000000142,0.20000000000000284
2026-09-07,PE,2026-09-07T09:51:00+00:00,2026-09-07T09:50:00+00:00,2026-09-07T09:51:00+00:00,60.0,NIFTY|2026-09-08|23750|PE,f7b9c9aa5fd818c6fbf6ae2c3607053c2c509854676a0434f78b7cbf1fc3953d,4056803c05f676720b4dfbd6e4e21071a657f2d98f7c0cfc087a52e393d1376b,0.0,-8.350000000000001,-7.75,0.20000000000000284,0.09999999999999432
2026-09-07,PE,2026-09-07T09:52:00+00:00,2026-09-07T09:51:00+00:00,2026-09-07T09:52:00+00:00,60.0,NIFTY|2026-09-08|23750|PE,4056803c05f676720b4dfbd6e4e21071a657f2d98f7c0cfc087a52e393d1376b,f6d70d03f2c807167d20c2e27fdfbd17f6b8bc61fa14e59e93f216b55e8a9a82,0.0,2.4000000000000057,2.6000000000000014,0.09999999999999432,0.10000000000000142
2026-09-07,PE,2026-09-07T09:53:00+00:00,2026-09-07T09:52:00+00:00,2026-09-07T09:53:00+00:00,60.0,NIFTY|2026-09-08|23750|PE,f6d70d03f2c807167d20c2e27fdfbd17f6b8bc61fa14e59e93f216b55e8a9a82,c2cf111d869feaac9efecc5082ad5ddd5a9b5f5deafde3369e82dfa3fd3a3dd5,0.0,-0.8000000000000114,-1.0,0.10000000000000142,0.10000000000000142
2026-09-07,PE,2026-09-07T09:54:00+00:00,2026-09-07T09:53:00+00:00,2026-09-07T09:54:00+00:00,60.0,NIFTY|2026-09-08|23750|PE,c2cf111d869feaac9efecc5082ad5ddd5a9b5f5deafde3369e82dfa3fd3a3dd5,8b60c477acffebfc012a2f2731cf8b851f1541fdb139718ba276c72c0352208a,0.0,0.05000000000001137,0.20000000000000284,0.10000000000000142,0.10000000000000142
2026-09-07,PE,2026-09-07T09:55:00+00:00,2026-09-07T09:54:00+00:00,2026-09-07T09:55:00+00:00,60.0,NIFTY|2026-09-08|23750|PE,8b60c477acffebfc012a2f2731cf8b851f1541fdb139718ba276c72c0352208a,5ed53f43d635e9bb60a1874fcf2e7bee8a9d151cf6e1cbff159be37ea590e3ad,0.0,0.6999999999999886,0.75,0.10000000000000142,0.10000000000000142
2026-09-07,PE,2026-09-07T09:56:00+00:00,2026-09-07T09:55:00+00:00,2026-09-07T09:56:00+00:00,60.0,NIFTY|2026-09-08|23750|PE,5ed53f43d635e9bb60a1874fcf2e7bee8a9d151cf6e1cbff159be37ea590e3ad,e55e5fa91f06b58b32a942a0b8fdac9e3e6217b2e39ea7ab1f216bad5a320a7f,0.0,-0.9249999999999972,-0.9500000000000028,0.10000000000000142,0.05000000000000426
2026-09-07,PE,2026-09-07T09:57:00+00:00,2026-09-07T09:56:00+00:00,2026-09-07T09:57:00+00:00,60.0,NIFTY|2026-09-08|23750|PE,e55e5fa91f06b58b32a942a0b8fdac9e3e6217b2e39ea7ab1f216bad5a320a7f,8c0e17a65d665530c69982035f903a86f0650efb8499deacc2f4108e55e30f85,0.0,2.5250000000000057,2.549999999999997,0.05000000000000426,0.19999999999999574
2026-09-07,PE,2026-09-07T09:58:00+00:00,2026-09-07T09:57:00+00:00,2026-09-07T09:58:00+00:00,60.0,NIFTY|2026-09-08|23750|PE,8c0e17a65d665530c69982035f903a86f0650efb8499deacc2f4108e55e30f85,276ff0b0f08c2b0d7b9009af75b60c6c608b259f03daefa78817fb9cd98966ce,0.0,0.7749999999999915,1.0,0.19999999999999574,0.14999999999999858
2026-09-07,PE,2026-09-07T09:59:00+00:00,2026-09-07T09:58:00+00:00,2026-09-07T09:59:00+00:00,60.0,NIFTY|2026-09-08|23750|PE,276ff0b0f08c2b0d7b9009af75b60c6c608b259f03daefa78817fb9cd98966ce,43bf8c1e0d81e2f05c480dcd5797bc019c869c2e3255b70ed4f07f5331462d26,0.0,-0.5999999999999943,-0.8999999999999986,0.14999999999999858,0.15000000000000568
2026-09-08,CE,2026-09-08T03:47:00+00:00,2026-09-08T03:46:00+00:00,2026-09-08T03:47:00+00:00,60.0,NIFTY|2026-09-08|23700|CE,2798b85586458aebbba2c05419f942eeadade59f55479f80f5400d81a9d36931,d1d8f87f55fd850ca5bc7fcce4cf3a518c4db42178277958256bf1b4ecbc1a3f,0.5500000000029104,-1.125,-1.1999999999999957,0.14999999999999858,0.10000000000000142
2026-09-08,CE,2026-09-08T03:48:00+00:00,2026-09-08T03:47:00+00:00,2026-09-08T03:48:00+00:00,60.0,NIFTY|2026-09-08|23700|CE,d1d8f87f55fd850ca5bc7fcce4cf3a518c4db42178277958256bf1b4ecbc1a3f,db4fb4e4f2099bf83f56eb824151343a7e825c40a0fe49aa2b354ad173bc2e18,-0.6500000000014552,-0.29999999999999716,-0.3500000000000014,0.10000000000000142,0.10000000000000142
2026-09-08,CE,2026-09-08T03:49:00+00:00,2026-09-08T03:48:00+00:00,2026-09-08T03:49:00+00:00,60.0,NIFTY|2026-09-08|23700|CE,db4fb4e4f2099bf83f56eb824151343a7e825c40a0fe49aa2b354ad173bc2e18,0881491b0c69e60ce8c9e2475cd5b2a748d8736218a3ead13630c33fa4012bc7,3.25,1.9249999999999972,1.9499999999999957,0.10000000000000142,0.14999999999999858
2026-09-08,CE,2026-09-08T03:50:00+00:00,2026-09-08T03:49:00+00:00,2026-09-08T03:50:00+00:00,60.0,NIFTY|2026-09-08|23700|CE,0881491b0c69e60ce8c9e2475cd5b2a748d8736218a3ead13630c33fa4012bc7,06414cbafd355669edb3fd938f4116860e27bf79ee6fa91297d2533e46060488,-1.1500000000014552,-2.0,-2.799999999999997,0.14999999999999858,0.14999999999999858
2026-09-08,CE,2026-09-08T03:51:00+00:00,2026-09-08T03:50:00+00:00,2026-09-08T03:51:00+00:00,60.0,NIFTY|2026-09-08|23700|CE,06414cbafd355669edb3fd938f4116860e27bf79ee6fa91297d2533e46060488,36414030612a5ccccc34308e5db1258dbab61242142d0f780cecf11627edce33,-2.1999999999970896,-1.7000000000000028,-1.0,0.14999999999999858,0.15000000000000568
2026-09-08,CE,2026-09-08T03:52:00+00:00,2026-09-08T03:51:00+00:00,2026-09-08T03:52:00+00:00,60.0,NIFTY|2026-09-08|23700|CE,36414030612a5ccccc34308e5db1258dbab61242142d0f780cecf11627edce33,c404580537ff628f39c001f8fb0a845c2911b3ed10aa16e7783309d83e2e5661,-1.4500000000007276,1.5999999999999943,1.7000000000000028,0.15000000000000568,0.14999999999999858
2026-09-08,CE,2026-09-08T03:54:00+00:00,2026-09-08T03:53:00+00:00,2026-09-08T03:54:00+00:00,60.0,NIFTY|2026-09-08|23700|CE,307b917a2d52ab105aa28f11c53e48e55949e9bad8c8a24ea6f2edd5caca9c7e,7eaffd70a5e34cd0b849373b51ac8bed0bc7a15bdc91e41ee1c47eba7ffc5599,-7.799999999999272,-3.674999999999997,-4.0,0.05000000000000426,0.10000000000000142
2026-09-08,CE,2026-09-08T03:55:00+00:00,2026-09-08T03:54:00+00:00,2026-09-08T03:55:00+00:00,60.0,NIFTY|2026-09-08|23700|CE,7eaffd70a5e34cd0b849373b51ac8bed0bc7a15bdc91e41ee1c47eba7ffc5599,394e2979a8d1ca060b2bbababf478f87ed5f6d846a4178bfeb2528b30f9031cd,-3.350000000002183,-0.45000000000000284,-0.5500000000000043,0.10000000000000142,0.10000000000000142
2026-09-08,CE,2026-09-08T03:56:00+00:00,2026-09-08T03:55:00+00:00,2026-09-08T03:56:00+00:00,60.0,NIFTY|2026-09-08|23700|CE,394e2979a8d1ca060b2bbababf478f87ed5f6d846a4178bfeb2528b30f9031cd,5181d9f001f62e60cb5055906e072460515959d036ecc0998e97983d25725325,1.7000000000007276,0.4749999999999943,0.3999999999999986,0.10000000000000142,0.14999999999999858
2026-09-08,CE,2026-09-08T03:57:00+00:00,2026-09-08T03:56:00+00:00,2026-09-08T03:57:00+00:00,60.0,NIFTY|2026-09-08|23700|CE,5181d9f001f62e60cb5055906e072460515959d036ecc0998e97983d25725325,b370015c32a4f95037c88004587676ab876c28267fcd1be2f79c2ff12a3d2fbb,-0.3999999999978172,-0.19999999999999574,-0.09999999999999432,0.14999999999999858,0.04999999999999716
2026-09-08,CE,2026-09-08T04:00:00+00:00,2026-09-08T03:59:00+00:00,2026-09-08T04:00:00+00:00,60.0,NIFTY|2026-09-08|23650|CE,48899ef09edcaf13c14a8354ec0d7b92879d39655590826ecad2558e8a7be9e7,cbf853f7de2a31d231f93605642a61701bb0e9a3bae85a5998b74cd77cdf1868,-3.25,-2.325000000000003,-1.6999999999999886,0.19999999999998863,0.15000000000000568
2026-09-08,CE,2026-09-08T04:01:00+00:00,2026-09-08T04:00:00+00:00,2026-09-08T04:01:00+00:00,60.0,NIFTY|2026-09-08|23650|CE,cbf853f7de2a31d231f93605642a61701bb0e9a3bae85a5998b74cd77cdf1868,cfed2307b3a663c5e77374c6e9a6eba134b02c69a984526db9d24c8bacd2fc6f,0.9500000000007276,0.8750000000000142,0.5499999999999972,0.15000000000000568,0.20000000000000284
2026-09-08,CE,2026-09-08T04:06:00+00:00,2026-09-08T04:05:00+00:00,2026-09-08T04:06:00+00:00,60.0,NIFTY|2026-09-08|23700|CE,8f9c0c6f4a153e9ec8d30ed34ad74090cd281655b8524a8bb58d7461f1cea05b,2bbfa981385b8f3e489002ab0e73a4e65167b2d97bb9d513001d8cde15b2c659,6.349999999998545,1.75,1.8999999999999986,0.14999999999999858,0.14999999999999858
2026-09-08,CE,2026-09-08T04:07:00+00:00,2026-09-08T04:06:00+00:00,2026-09-08T04:07:00+00:00,60.0,NIFTY|2026-09-08|23700|CE,2bbfa981385b8f3e489002ab0e73a4e65167b2d97bb9d513001d8cde15b2c659,20d9e8719648d82469120bc9fb6b16299801bcd9c954b8242e810375e7c2902c,2.150000000001455,0.5499999999999972,0.14999999999999858,0.14999999999999858,0.14999999999999858
2026-09-08,CE,2026-09-08T04:08:00+00:00,2026-09-08T04:07:00+00:00,2026-09-08T04:08:00+00:00,60.0,NIFTY|2026-09-08|23700|CE,20d9e8719648d82469120bc9fb6b16299801bcd9c954b8242e810375e7c2902c,0519c86f43abc73b6b6471cc9eb32e8efc59697cb7f71bf31df484f7fb95ceb2,5.849999999998545,1.875,2.299999999999997,0.14999999999999858,0.10000000000000142
2026-09-08,CE,2026-09-08T04:09:00+00:00,2026-09-08T04:08:00+00:00,2026-09-08T04:09:00+00:00,60.0,NIFTY|2026-09-08|23700|CE,0519c86f43abc73b6b6471cc9eb32e8efc59697cb7f71bf31df484f7fb95ceb2,d52eca2bac831dc564e4877ee4862cd7e8b7c0c51e496452fef003f02baa6b1f,-0.049999999999272404,-0.875,-0.9499999999999957,0.10000000000000142,0.05000000000000426
2026-09-08,CE,2026-09-08T04:10:00+00:00,2026-09-08T04:09:00+00:00,2026-09-08T04:10:00+00:00,60.0,NIFTY|2026-09-08|23700|CE,d52eca2bac831dc564e4877ee4862cd7e8b7c0c51e496452fef003f02baa6b1f,3e9e0ab8db491fa8574a85a8cd9f09648bf88473dfb74993f50516c6d6f61551,-2.25,-0.9500000000000028,-0.8999999999999986,0.05000000000000426,0.04999999999999716
2026-09-08,CE,2026-09-08T04:11:00+00:00,2026-09-08T04:10:00+00:00,2026-09-08T04:11:00+00:00,60.0,NIFTY|2026-09-08|23700|CE,3e9e0ab8db491fa8574a85a8cd9f09648bf88473dfb74993f50516c6d6f61551,81743a77bd07b7580f369e314ec34688686b06dadf7b5f1d457f6b9a22190a54,-7.0,-2.875,-2.950000000000003,0.04999999999999716,0.09999999999999432
2026-09-08,CE,2026-09-08T04:12:00+00:00,2026-09-08T04:11:00+00:00,2026-09-08T04:12:00+00:00,60.0,NIFTY|2026-09-08|23700|CE,81743a77bd07b7580f369e314ec34688686b06dadf7b5f1d457f6b9a22190a54,0b6a09f7ef6a1f64c3ab584622dfe4328fae9c81c3e88b1bbfd2032bb43122f8,5.349999999998545,1.5750000000000028,1.5499999999999972,0.09999999999999432,0.14999999999999858
2026-09-08,CE,2026-09-08T04:13:00+00:00,2026-09-08T04:12:00+00:00,2026-09-08T04:13:00+00:00,60.0,NIFTY|2026-09-08|23700|CE,0b6a09f7ef6a1f64c3ab584622dfe4328fae9c81c3e88b1bbfd2032bb43122f8,9d58061e27e4520da9b2724e5e91517d8db27a0093a85e3981927f84470d5f25,-10.099999999998545,-4.25,-4.149999999999999,0.14999999999999858,0.14999999999999858
2026-09-08,CE,2026-09-08T04:15:00+00:00,2026-09-08T04:14:00+00:00,2026-09-08T04:15:00+00:00,60.0,NIFTY|2026-09-08|23650|CE,7c7a04cca0f16bb6d08de7011afb3ba152758a7e29622ace3b85b8ffadfaf715,826c71a0d9c9cc7d55148c3e961ef8da9be5f0ddde1e0f281e33be17983e6806,1.8500000000021828,0.875,1.0499999999999972,0.20000000000000284,0.04999999999999716
2026-09-08,CE,2026-09-08T04:18:00+00:00,2026-09-08T04:17:00+00:00,2026-09-08T04:18:00+00:00,60.0,NIFTY|2026-09-08|23700|CE,8814fca56d552b4b5c5927a439bf2da549d104269903bd8dae2669518a534f8d,81e1af3aefcae653d7fd645ac69b4565434258bf1fef19d40472fcbf29df0d15,0.8499999999985448,-0.6000000000000085,-0.6499999999999986,0.14999999999999858,0.05000000000000426
2026-09-08,CE,2026-09-08T04:19:00+00:00,2026-09-08T04:18:00+00:00,2026-09-08T04:19:00+00:00,60.0,NIFTY|2026-09-08|23700|CE,81e1af3aefcae653d7fd645ac69b4565434258bf1fef19d40472fcbf29df0d15,70302f84a63db4fd552f4b0981f54bb50574929b9ff4425b67b1affee19ac9d5,-0.6999999999970896,0.15000000000000568,0.09999999999999432,0.05000000000000426,0.14999999999999858
2026-09-08,CE,2026-09-08T04:20:00+00:00,2026-09-08T04:19:00+00:00,2026-09-08T04:20:00+00:00,60.0,NIFTY|2026-09-08|23700|CE,70302f84a63db4fd552f4b0981f54bb50574929b9ff4425b67b1affee19ac9d5,b12469b8046a6f8225ac8452d83a60e7f3e30f1fb28c49b61c743d4b0e4bb28d,6.299999999999272,4.375,4.100000000000001,0.14999999999999858,0.10000000000000142
2026-09-08,CE,2026-09-08T04:21:00+00:00,2026-09-08T04:20:00+00:00,2026-09-08T04:21:00+00:00,60.0,NIFTY|2026-09-08|23700|CE,b12469b8046a6f8225ac8452d83a60e7f3e30f1fb28c49b61c743d4b0e4bb28d,47987f1f8a0e37b5ffac7ed5109d2de0e0f916838f844fbc6523770062fb94a7,3.5,-0.4000000000000057,0.05000000000000426,0.10000000000000142,0.10000000000000142
2026-09-08,CE,2026-09-08T04:23:00+00:00,2026-09-08T04:22:00+00:00,2026-09-08T04:23:00+00:00,60.0,NIFTY|2026-09-08|23700|CE,653fd2eff5b8cf0a74fa9bc9b5b71b99efff0dc6c0f4e58f500486cfc9bb5cc0,a7a61f7cdfda19b89fb98173f67c94b4ec9e019823d54f8ee992cdd846773bc1,-3.9500000000007276,-1.5749999999999957,-1.4499999999999957,0.10000000000000142,0.04999999999999716
2026-09-08,CE,2026-09-08T04:26:00+00:00,2026-09-08T04:25:00+00:00,2026-09-08T04:26:00+00:00,60.0,NIFTY|2026-09-08|23700|CE,1fdaefc12b41404fca054a900bd03574c3b2e6696d9e162eba925c68b7695336,1b841ec690d13e5e0c9292c863cad63d98f474c515026c5a5cdd3c7565f03ba0,-4.950000000000728,-1.4249999999999972,-1.2999999999999972,0.10000000000000142,0.14999999999999858
2026-09-08,CE,2026-09-08T04:29:00+00:00,2026-09-08T04:28:00+00:00,2026-09-08T04:29:00+00:00,60.0,NIFTY|2026-09-08|23650|CE,a53fa6df193fa99528495e6889f7d802feb8e38b0036d7e0d4b4d82f42fac6ee,c3bc4bea0d00fcfaad4ae890c7ba77efb306f5ed063706a53dab78ce0819b64d,-4.200000000000728,-4.225000000000001,-4.3500000000000085,0.15000000000000568,0.20000000000000284
2026-09-08,CE,2026-09-08T04:30:00+00:00,2026-09-08T04:29:00+00:00,2026-09-08T04:30:00+00:00,60.0,NIFTY|2026-09-08|23650|CE,c3bc4bea0d00fcfaad4ae890c7ba77efb306f5ed063706a53dab78ce0819b64d,c6d37f454a52e3952f2fd7190f96f2b559186a9a66ab26cdd67450174f3aaf91,-0.75,0.625,0.6500000000000057,0.20000000000000284,0.04999999999999716
2026-09-08,CE,2026-09-08T04:31:00+00:00,2026-09-08T04:30:00+00:00,2026-09-08T04:31:00+00:00,60.0,NIFTY|2026-09-08|23650|CE,c6d37f454a52e3952f2fd7190f96f2b559186a9a66ab26cdd67450174f3aaf91,9366d1a5e246747a76c5a2737c0a598b544871915cee4a1f275a52b901d0fa92,7.899999999997817,2.4250000000000043,2.549999999999997,0.04999999999999716,0.10000000000000853
2026-09-08,CE,2026-09-08T04:32:00+00:00,2026-09-08T04:31:00+00:00,2026-09-08T04:32:00+00:00,60.0,NIFTY|2026-09-08|23650|CE,9366d1a5e246747a76c5a2737c0a598b544871915cee4a1f275a52b901d0fa92,a61116fce78437760870ae711f5bfa054aa7d2fcaf3f32dbf57d6bbb71d5eedf,-3.5,-1.3499999999999943,-1.6500000000000057,0.10000000000000853,0.20000000000000284
2026-09-08,CE,2026-09-08T04:33:00+00:00,2026-09-08T04:32:00+00:00,2026-09-08T04:33:00+00:00,60.0,NIFTY|2026-09-08|23650|CE,a61116fce78437760870ae711f5bfa054aa7d2fcaf3f32dbf57d6bbb71d5eedf,0febd78eefdc6b96283578fca15dedb8ea44832c02b4918766f7109f232f3a7a,-5.799999999999272,-2.6750000000000114,-2.549999999999997,0.20000000000000284,0.15000000000000568
2026-09-08,CE,2026-09-08T04:35:00+00:00,2026-09-08T04:33:55+00:00,2026-09-08T04:34:55+00:00,60.0,NIFTY|2026-09-08|23650|CE,0dc8f4bde48469a82fcbd30208d7781191ab3c0d34e9bd92b497350de14844a8,75134e11883492c88d51721d4c0cdacd2d34fbbdd0f0f1e0ce0f082b078d37b4,-0.6500000000014552,0.0,-0.20000000000000284,0.15000000000000568,0.15000000000000568
2026-09-08,CE,2026-09-08T04:39:00+00:00,2026-09-08T04:38:00+00:00,2026-09-08T04:39:00+00:00,60.0,NIFTY|2026-09-08|23700|CE,4949627334ac78ed3fce85b05326d159ac18e0685f509ff273efadfbe1e28c30,0efac23db37c360059edd54a7757ee085de467a40de6720cf3f329e19302f713,3.5,2.3999999999999986,2.1500000000000057,0.05000000000000426,0.04999999999999716
2026-09-08,CE,2026-09-08T04:40:00+00:00,2026-09-08T04:39:00+00:00,2026-09-08T04:40:00+00:00,60.0,NIFTY|2026-09-08|23700|CE,0efac23db37c360059edd54a7757ee085de467a40de6720cf3f329e19302f713,8638b233fb381aae1bd96ef132581d119e791c295b2087f088d3d5d415bebf47,-0.5,1.1000000000000014,1.3499999999999943,0.04999999999999716,0.05000000000000426
2026-09-08,CE,2026-09-08T04:41:00+00:00,2026-09-08T04:40:00+00:00,2026-09-08T04:41:00+00:00,60.0,NIFTY|2026-09-08|23700|CE,8638b233fb381aae1bd96ef132581d119e791c295b2087f088d3d5d415bebf47,a6173f60e20373f72530147ed4f1d38debc7e2e70167ae9ae0fc1cea54651841,-1.6999999999970896,-1.0499999999999972,-1.0999999999999943,0.05000000000000426,0.14999999999999858
2026-09-08,CE,2026-09-08T04:42:00+00:00,2026-09-08T04:41:00+00:00,2026-09-08T04:42:00+00:00,60.0,NIFTY|2026-09-08|23700|CE,a6173f60e20373f72530147ed4f1d38debc7e2e70167ae9ae0fc1cea54651841,6859e0bf17881b71f17b74fddf963261c867b1ec1418f754072661334f27275d,2.149999999997817,1.3499999999999943,1.0999999999999943,0.14999999999999858,0.04999999999999716
2026-09-08,CE,2026-09-08T04:43:00+00:00,2026-09-08T04:42:00+00:00,2026-09-08T04:43:00+00:00,60.0,NIFTY|2026-09-08|23700|CE,6859e0bf17881b71f17b74fddf963261c867b1ec1418f754072661334f27275d,38b1bc71ebdddd50ea72223dc7fb5dc06ce9a17645a2617a937419cf0df657e3,8.150000000001455,4.150000000000006,4.450000000000003,0.04999999999999716,0.14999999999999858
2026-09-08,CE,2026-09-08T04:44:00+00:00,2026-09-08T04:43:00+00:00,2026-09-08T04:44:00+00:00,60.0,NIFTY|2026-09-08|23700|CE,38b1bc71ebdddd50ea72223dc7fb5dc06ce9a17645a2617a937419cf0df657e3,8c262aeabe2db7f696a64ed9c764d0f26f58062585f0c3294debd360bc051586,8.649999999997817,2.8499999999999943,2.6000000000000014,0.14999999999999858,0.04999999999999716
2026-09-08,CE,2026-09-08T04:45:00+00:00,2026-09-08T04:44:00+00:00,2026-09-08T04:45:00+00:00,60.0,NIFTY|2026-09-08|23700|CE,8c262aeabe2db7f696a64ed9c764d0f26f58062585f0c3294debd360bc051586,6d63bb032b39bb9255c665ef8e526c48ead5c98badfcf4ca4d522db68b285cc9,9.650000000001455,8.799999999999997,8.75,0.04999999999999716,0.14999999999999858
2026-09-08,CE,2026-09-08T04:46:00+00:00,2026-09-08T04:45:00+00:00,2026-09-08T04:46:00+00:00,60.0,NIFTY|2026-09-08|23700|CE,6d63bb032b39bb9255c665ef8e526c48ead5c98badfcf4ca4d522db68b285cc9,47e0d0c0eac2c356148c4f722e0fb17eb9f9211dc1aefb50419bf09d0689ec39,-0.3499999999985448,-3.299999999999997,-3.6000000000000014,0.14999999999999858,0.15000000000000568
2026-09-08,CE,2026-09-08T04:47:00+00:00,2026-09-08T04:46:00+00:00,2026-09-08T04:47:00+00:00,60.0,NIFTY|2026-09-08|23700|CE,47e0d0c0eac2c356148c4f722e0fb17eb9f9211dc1aefb50419bf09d0689ec39,568a144595bf04d5e6ad1bedd498467a1e98c68933ad8cfc1c049c0eaf4717ac,-1.1500000000014552,-0.9749999999999943,-0.7000000000000028,0.15000000000000568,0.10000000000000142
2026-09-08,CE,2026-09-08T04:48:00+00:00,2026-09-08T04:47:00+00:00,2026-09-08T04:48:00+00:00,60.0,NIFTY|2026-09-08|23700|CE,568a144595bf04d5e6ad1bedd498467a1e98c68933ad8cfc1c049c0eaf4717ac,a94e069863693d851881f8fd99a5a8c0584e66016002eca436ee9fddc64b9960,-3.400000000001455,-4.825000000000003,-4.849999999999994,0.10000000000000142,0.14999999999999858
2026-09-08,CE,2026-09-08T04:49:00+00:00,2026-09-08T04:48:00+00:00,2026-09-08T04:49:00+00:00,60.0,NIFTY|2026-09-08|23700|CE,a94e069863693d851881f8fd99a5a8c0584e66016002eca436ee9fddc64b9960,769385b00687742df37332c8b2ce9bf44f237d47040d6c35dc7754782b081712,-4.849999999998545,-0.45000000000000284,0.09999999999999432,0.14999999999999858,0.15000000000000568
2026-09-08,CE,2026-09-08T04:50:00+00:00,2026-09-08T04:49:00+00:00,2026-09-08T04:50:00+00:00,60.0,NIFTY|2026-09-08|23700|CE,769385b00687742df37332c8b2ce9bf44f237d47040d6c35dc7754782b081712,8be8390ce8cfc99bae756edc4ff36264994f2c07ce786f90cf1a433e2950b08e,5.0,5.575000000000003,5.25,0.15000000000000568,0.10000000000000142
2026-09-08,CE,2026-09-08T04:52:00+00:00,2026-09-08T04:51:00+00:00,2026-09-08T04:52:00+00:00,60.0,NIFTY|2026-09-08|23700|CE,4da6262bd80b804629580d2ca0f5b32a5d2f30652bd5017f9fa64383a534603c,dcae3bae7b196a0d2185c0be78dd5325a9f61bf372e5678e88c53c629827d856,-3.2000000000007276,0.09999999999999432,0.3999999999999986,0.14999999999999858,0.15000000000000568
2026-09-08,CE,2026-09-08T04:53:00+00:00,2026-09-08T04:52:00+00:00,2026-09-08T04:53:00+00:00,60.0,NIFTY|2026-09-08|23700|CE,dcae3bae7b196a0d2185c0be78dd5325a9f61bf372e5678e88c53c629827d856,744a96bd1ffd19b7eb00e566e46812dae05a447280065e820bdfa5a942ab0ac0,-0.09999999999854481,-0.09999999999999432,0.0,0.15000000000000568,0.14999999999999858
2026-09-08,CE,2026-09-08T04:54:00+00:00,2026-09-08T04:53:00+00:00,2026-09-08T04:54:00+00:00,60.0,NIFTY|2026-09-08|23700|CE,744a96bd1ffd19b7eb00e566e46812dae05a447280065e820bdfa5a942ab0ac0,1a58439ab8c64e22d69beabffbda9601e5ddcd7c180bab18a3c0f1c473290cf8,0.8499999999985448,-0.625,-0.5999999999999943,0.14999999999999858,0.10000000000000142
2026-09-08,PE,2026-09-08T03:47:00+00:00,2026-09-08T03:46:00+00:00,2026-09-08T03:47:00+00:00,60.0,NIFTY|2026-09-08|23700|PE,a0799947c60672678f33c2c0fa05608b2f3020a034932ce61a108b5f2f69d52f,c11cb44169f0dc96010b7aadafcf80dc650cb04e47824cc0a4267b49473d4a2a,0.5500000000029104,1.75,2.3000000000000043,0.15000000000000568,0.15000000000000568
2026-09-08,PE,2026-09-08T03:48:00+00:00,2026-09-08T03:47:00+00:00,2026-09-08T03:48:00+00:00,60.0,NIFTY|2026-09-08|23700|PE,c11cb44169f0dc96010b7aadafcf80dc650cb04e47824cc0a4267b49473d4a2a,dae8654b41d99d5f099a47e1e24778e0bf66e3bd2fbfb98a09fba58ab4036415,-0.6500000000014552,1.5250000000000057,1.3999999999999986,0.15000000000000568,0.10000000000000142
2026-09-08,PE,2026-09-08T03:49:00+00:00,2026-09-08T03:48:00+00:00,2026-09-08T03:49:00+00:00,60.0,NIFTY|2026-09-08|23700|PE,dae8654b41d99d5f099a47e1e24778e0bf66e3bd2fbfb98a09fba58ab4036415,265f91eaf6b667f6dae65744183b84452637755894e979e11896d54d69d16c22,3.25,-2.125000000000007,-2.200000000000003,0.10000000000000142,0.04999999999999716
2026-09-08,PE,2026-09-08T03:50:00+00:00,2026-09-08T03:49:00+00:00,2026-09-08T03:50:00+00:00,60.0,NIFTY|2026-09-08|23700|PE,265f91eaf6b667f6dae65744183b84452637755894e979e11896d54d69d16c22,2d4cec990a15f7cd15bfdf4f62a8861a5bfa79f54e382dedfea4d49f0fc24307,-1.1500000000014552,0.3999999999999986,0.8000000000000043,0.04999999999999716,0.14999999999999858
2026-09-08,PE,2026-09-08T03:51:00+00:00,2026-09-08T03:50:00+00:00,2026-09-08T03:51:00+00:00,60.0,NIFTY|2026-09-08|23700|PE,2d4cec990a15f7cd15bfdf4f62a8861a5bfa79f54e382dedfea4d49f0fc24307,480647acb14c1fdce8619e222be029e255a20b8d003dce80eb28ebf52ff6634f,-2.1999999999970896,1.9750000000000085,1.6999999999999957,0.14999999999999858,0.10000000000000142
2026-09-08,PE,2026-09-08T03:52:00+00:00,2026-09-08T03:51:00+00:00,2026-09-08T03:52:00+00:00,60.0,NIFTY|2026-09-08|23700|PE,480647acb14c1fdce8619e222be029e255a20b8d003dce80eb28ebf52ff6634f,c144f93e5fb06d2f4d3573cd10964c9c9361b1b58ead1a64b30b6897e6c010f8,-1.4500000000007276,-1.4250000000000043,-1.5,0.10000000000000142,0.04999999999999716
2026-09-08,PE,2026-09-08T03:54:00+00:00,2026-09-08T03:53:00+00:00,2026-09-08T03:54:00+00:00,60.0,NIFTY|2026-09-08|23700|PE,94f3eae0cbc3d0bcb752104514e15b395c2417aee8ddda08b104afd292021241,c51c32c3d49040adcd286549f86e5078ca24ba3af6bfb7097efa6a10b3533cdb,-7.799999999999272,5.549999999999997,5.599999999999994,0.14999999999999858,0.14999999999999858
2026-09-08,PE,2026-09-08T03:55:00+00:00,2026-09-08T03:54:00+00:00,2026-09-08T03:55:00+00:00,60.0,NIFTY|2026-09-08|23700|PE,c51c32c3d49040adcd286549f86e5078ca24ba3af6bfb7097efa6a10b3533cdb,e1a52da21d3c46ffec2ea6a67ac8fe29ef03eff1ea14bff3556ef7b69c65c3e5,-3.350000000002183,1.0500000000000114,1.3000000000000043,0.14999999999999858,0.14999999999999858
2026-09-08,PE,2026-09-08T03:56:00+00:00,2026-09-08T03:55:00+00:00,2026-09-08T03:56:00+00:00,60.0,NIFTY|2026-09-08|23700|PE,e1a52da21d3c46ffec2ea6a67ac8fe29ef03eff1ea14bff3556ef7b69c65c3e5,d1213d1d7f91e9951331c4c8792919573ab2e3e5c8cd9db4150ffd96f4b3af4a,1.7000000000007276,-1.3000000000000114,-1.3500000000000014,0.14999999999999858,0.14999999999999858
2026-09-08,PE,2026-09-08T03:57:00+00:00,2026-09-08T03:56:00+00:00,2026-09-08T03:57:00+00:00,60.0,NIFTY|2026-09-08|23700|PE,d1213d1d7f91e9951331c4c8792919573ab2e3e5c8cd9db4150ffd96f4b3af4a,4d8736f5f101e5b44cef2f7d5a85ba16c9e1815de37bcee82d57d11ddbed5bc3,-0.3999999999978172,0.4750000000000085,0.45000000000000284,0.14999999999999858,0.10000000000000142
2026-09-08,PE,2026-09-08T04:00:00+00:00,2026-09-08T03:59:00+00:00,2026-09-08T04:00:00+00:00,60.0,NIFTY|2026-09-08|23650|PE,c7f005957763d8cebf8e52bd90aeaf5ec07fcbbcd99fb508e833fce88c8e0bff,f55b2f709b328b64628eadf03909e4519821b75f7330808b954e7916ea18fda0,-3.25,0.9250000000000114,0.75,0.10000000000000142,0.14999999999999858
2026-09-08,PE,2026-09-08T04:01:00+00:00,2026-09-08T04:00:00+00:00,2026-09-08T04:01:00+00:00,60.0,NIFTY|2026-09-08|23650|PE,f55b2f709b328b64628eadf03909e4519821b75f7330808b954e7916ea18fda0,c9fcbbbe7a217c083b4fad44bde36b9f137127fbc8c2adc15d9b4ab3a3b22d15,0.9500000000007276,-0.8000000000000114,-0.8999999999999986,0.14999999999999858,0.14999999999999858
2026-09-08,PE,2026-09-08T04:06:00+00:00,2026-09-08T04:05:00+00:00,2026-09-08T04:06:00+00:00,60.0,NIFTY|2026-09-08|23700|PE,76cd99d366b24919a1be3227798db18ce20c2f50b2f665b148f07d7e320b0973,c23dae3f52189607a7acaa7c73222aff21e6757f6273110f7aa2300e6b3db33d,6.349999999998545,-2.424999999999997,-2.25,0.15000000000000568,0.10000000000000142
2026-09-08,PE,2026-09-08T04:07:00+00:00,2026-09-08T04:06:00+00:00,2026-09-08T04:07:00+00:00,60.0,NIFTY|2026-09-08|23700|PE,c23dae3f52189607a7acaa7c73222aff21e6757f6273110f7aa2300e6b3db33d,bcac9c02ac627fe88221911476105bf5851c57f91e35e7efc22f8e7b3d10d051,2.150000000001455,-1.5250000000000057,-1.5499999999999972,0.10000000000000142,0.14999999999999858
2026-09-08,PE,2026-09-08T04:08:00+00:00,2026-09-08T04:07:00+00:00,2026-09-08T04:08:00+00:00,60.0,NIFTY|2026-09-08|23700|PE,bcac9c02ac627fe88221911476105bf5851c57f91e35e7efc22f8e7b3d10d051,9c63419aef0a939b42a16dae5e8c47101df1c0ae0fb5e9f45c4acf0f44edf208,5.849999999998545,-3.299999999999997,-3.6000000000000014,0.14999999999999858,0.15000000000000568
2026-09-08,PE,2026-09-08T04:09:00+00:00,2026-09-08T04:08:00+00:00,2026-09-08T04:09:00+00:00,60.0,NIFTY|2026-09-08|23700|PE,9c63419aef0a939b42a16dae5e8c47101df1c0ae0fb5e9f45c4acf0f44edf208,50a66e056ce9d0f911acb95631c6e598cb66411d1bf97fdc846ee9ae3823895f,-0.049999999999272404,0.8250000000000028,0.75,0.15000000000000568,0.10000000000000142
2026-09-08,PE,2026-09-08T04:10:00+00:00,2026-09-08T04:09:00+00:00,2026-09-08T04:10:00+00:00,60.0,NIFTY|2026-09-08|23700|PE,50a66e056ce9d0f911acb95631c6e598cb66411d1bf97fdc846ee9ae3823895f,62d4707297fe0456a4b176a83de8e955f2f37521d01b87e7b55ee58cca9b2fb5,-2.25,1.5750000000000028,1.9500000000000028,0.10000000000000142,0.14999999999999858
2026-09-08,PE,2026-09-08T04:11:00+00:00,2026-09-08T04:10:00+00:00,2026-09-08T04:11:00+00:00,60.0,NIFTY|2026-09-08|23700|PE,62d4707297fe0456a4b176a83de8e955f2f37521d01b87e7b55ee58cca9b2fb5,c07855b08279d5cede5c3e81464332b8a0a581ef7aac6b6b847df8077b9e6238,-7.0,2.4499999999999886,2.5,0.14999999999999858,0.14999999999999858
2026-09-08,PE,2026-09-08T04:12:00+00:00,2026-09-08T04:11:00+00:00,2026-09-08T04:12:00+00:00,60.0,NIFTY|2026-09-08|23700|PE,c07855b08279d5cede5c3e81464332b8a0a581ef7aac6b6b847df8077b9e6238,263a6499cd98119fcee1144ef2c40e51c6b70af57b11c1f2fc22175237c725c9,5.349999999998545,-1.1749999999999972,-1.2000000000000028,0.14999999999999858,0.10000000000000142
2026-09-08,PE,2026-09-08T04:13:00+00:00,2026-09-08T04:12:00+00:00,2026-09-08T04:13:00+00:00,60.0,NIFTY|2026-09-08|23700|PE,263a6499cd98119fcee1144ef2c40e51c6b70af57b11c1f2fc22175237c725c9,51415c8e541863dcd2c16615b1415f2cc5ffd38e1aac74fe58902c1f71a69e66,-10.099999999998545,4.150000000000006,3.8500000000000014,0.10000000000000142,0.10000000000000142
2026-09-08,PE,2026-09-08T04:15:00+00:00,2026-09-08T04:14:00+00:00,2026-09-08T04:15:00+00:00,60.0,NIFTY|2026-09-08|23650|PE,378bd6d1ba3af2f12f291618c861483cea686554cca67746a8e03db0891336d3,babd2abf19919b5c7d652c5612143e3ec6d76e3330c7b6d1636e8376873e97ea,1.8500000000021828,-0.8249999999999957,-0.8500000000000014,0.10000000000000142,0.04999999999999716
2026-09-08,PE,2026-09-08T04:18:00+00:00,2026-09-08T04:17:00+00:00,2026-09-08T04:18:00+00:00,60.0,NIFTY|2026-09-08|23700|PE,c4837e1ec9278a46658a9d2fbc4e3c924cbde8ba96733c229de08f7c5856ff6e,ef4bd9815cfe75a8e4335aaaac12cce50fa1f5333df8e1946c702a1bcd468a5a,0.8499999999985448,1.3250000000000028,1.6000000000000014,0.14999999999999858,0.19999999999999574
2026-09-08,PE,2026-09-08T04:19:00+00:00,2026-09-08T04:18:00+00:00,2026-09-08T04:19:00+00:00,60.0,NIFTY|2026-09-08|23700|PE,ef4bd9815cfe75a8e4335aaaac12cce50fa1f5333df8e1946c702a1bcd468a5a,baa9c870de25ab27fe6e008f8962b4c7daa7bf342177b939e8d46db5db7f4b71,-0.6999999999970896,-0.45000000000000284,-0.6000000000000014,0.19999999999999574,0.10000000000000142
2026-09-08,PE,2026-09-08T04:20:00+00:00,2026-09-08T04:19:00+00:00,2026-09-08T04:20:00+00:00,60.0,NIFTY|2026-09-08|23700|PE,baa9c870de25ab27fe6e008f8962b4c7daa7bf342177b939e8d46db5db7f4b71,996b99b723dd8bb86b2d00fcedf720c6ba2260ac8025c2e8b16f15ab40c03345,6.299999999999272,-5.424999999999997,-5.349999999999994,0.10000000000000142,0.14999999999999858
2026-09-08,PE,2026-09-08T04:21:00+00:00,2026-09-08T04:20:00+00:00,2026-09-08T04:21:00+00:00,60.0,NIFTY|2026-09-08|23700|PE,996b99b723dd8bb86b2d00fcedf720c6ba2260ac8025c2e8b16f15ab40c03345,0637b34f07b54070527afb54fc845277b3d2d889ebc5f7f5db6a4550525028ff,3.5,0.6500000000000057,0.75,0.14999999999999858,0.14999999999999858
2026-09-08,PE,2026-09-08T04:23:00+00:00,2026-09-08T04:22:00+00:00,2026-09-08T04:23:00+00:00,60.0,NIFTY|2026-09-08|23700|PE,67438e6bd690ca344b14be72e88c2cb4e0d567e035cd0df4a8ba3e2f7e73eaca,2c25cc2379555b134f28ca66132aecd224a0d9d256bf227a19e2063e02d1b138,-3.9500000000007276,1.0999999999999943,0.8499999999999943,0.14999999999999858,0.15000000000000568
2026-09-08,PE,2026-09-08T04:26:00+00:00,2026-09-08T04:25:00+00:00,2026-09-08T04:26:00+00:00,60.0,NIFTY|2026-09-08|23700|PE,8fefbbe4bf28793bc46402c3ecec78dc7cab687a73ab6188409402e9866acc06,f2b1af931bcf8267cdb0d3f2221eb145c686c071376246e67d1164a4c7321b71,-4.950000000000728,1.8999999999999986,1.9500000000000028,0.04999999999999716,0.14999999999999858
2026-09-08,PE,2026-09-08T04:29:00+00:00,2026-09-08T04:28:00+00:00,2026-09-08T04:29:00+00:00,60.0,NIFTY|2026-09-08|23650|PE,7cf2ae23a89a99f7f0e998c1a139bdff85984f69ef29a24daf7f2e4de3968af2,d484c46f5f3a82a4141be1852e1ab2519063b1157e8abc3414fd36bc8b6f439e,-4.200000000000728,1.9750000000000014,2.0500000000000007,0.10000000000000142,0.04999999999999716
2026-09-08,PE,2026-09-08T04:30:00+00:00,2026-09-08T04:29:00+00:00,2026-09-08T04:30:00+00:00,60.0,NIFTY|2026-09-08|23650|PE,d484c46f5f3a82a4141be1852e1ab2519063b1157e8abc3414fd36bc8b6f439e,0ea8d42130c4db714eb434c9acf2ef5fdff303d9221bbad2ec40ce1146441423,-0.75,-0.6250000000000071,-0.8000000000000043,0.04999999999999716,0.10000000000000142
2026-09-08,PE,2026-09-08T04:31:00+00:00,2026-09-08T04:30:00+00:00,2026-09-08T04:31:00+00:00,60.0,NIFTY|2026-09-08|23650|PE,0ea8d42130c4db714eb434c9acf2ef5fdff303d9221bbad2ec40ce1146441423,658b07ef6164d17cdfdacb6478e67f7e516d14d082f403f4af7e441b4b9df88f,7.899999999997817,-2.149999999999995,-2.099999999999998,0.10000000000000142,0.10000000000000142
2026-09-08,PE,2026-09-08T04:32:00+00:00,2026-09-08T04:31:00+00:00,2026-09-08T04:32:00+00:00,60.0,NIFTY|2026-09-08|23650|PE,658b07ef6164d17cdfdacb6478e67f7e516d14d082f403f4af7e441b4b9df88f,a4395eba97968c7d0b6a38458e7cc7e2fd9693245678a8dab728eae1609afdab,-3.5,1.0250000000000021,1.1500000000000021,0.10000000000000142,0.15000000000000213
2026-09-08,PE,2026-09-08T04:33:00+00:00,2026-09-08T04:32:00+00:00,2026-09-08T04:33:00+00:00,60.0,NIFTY|2026-09-08|23650|PE,a4395eba97968c7d0b6a38458e7cc7e2fd9693245678a8dab728eae1609afdab,2d20d6d189cf45a41155875394bc91cbe3c22830cc3774caee0e486ef81a136f,-5.799999999999272,2.299999999999997,2.1999999999999957,0.15000000000000213,0.04999999999999716
2026-09-08,PE,2026-09-08T04:35:00+00:00,2026-09-08T04:33:55+00:00,2026-09-08T04:34:55+00:00,60.0,NIFTY|2026-09-08|23650|PE,6dc673824c6a2904a1fe10ee614bbf51a83186f924812852bc83abb189dd9eb6,75d38a81e3204e3d06d5636693d54e71e5dce5ad9963a81114e7ffa33aa2ac1f,-0.6500000000014552,-0.4000000000000057,-0.4000000000000057,0.09999999999999432,0.10000000000000142
2026-09-08,PE,2026-09-08T04:39:00+00:00,2026-09-08T04:38:00+00:00,2026-09-08T04:39:00+00:00,60.0,NIFTY|2026-09-08|23700|PE,9cb8bd409d8f299577d56f5f6951f41c9a2ad548cc25707554a7db2bb1ee9041,527090d34bde7b80b4e2287f3f6e1f0fa98e348ff7b09b03e711f1a490e8a26c,3.5,-2.549999999999997,-2.6500000000000057,0.10000000000000142,0.10000000000000142
2026-09-08,PE,2026-09-08T04:40:00+00:00,2026-09-08T04:39:00+00:00,2026-09-08T04:40:00+00:00,60.0,NIFTY|2026-09-08|23700|PE,527090d34bde7b80b4e2287f3f6e1f0fa98e348ff7b09b03e711f1a490e8a26c,e0f1cba4740f41859049aa18025071f84fb6a389babf320a8b6671064eac1faf,-0.5,-0.9500000000000028,-0.7999999999999972,0.10000000000000142,0.10000000000000142
2026-09-08,PE,2026-09-08T04:41:00+00:00,2026-09-08T04:40:00+00:00,2026-09-08T04:41:00+00:00,60.0,NIFTY|2026-09-08|23700|PE,e0f1cba4740f41859049aa18025071f84fb6a389babf320a8b6671064eac1faf,e9b97ee4e2aefd3177b85feb1f37f290abe54258c116fdc66608bc5e7984ef9f,-1.6999999999970896,1.8999999999999915,1.7000000000000028,0.10000000000000142,0.10000000000000142
2026-09-08,PE,2026-09-08T04:42:00+00:00,2026-09-08T04:41:00+00:00,2026-09-08T04:42:00+00:00,60.0,NIFTY|2026-09-08|23700|PE,e9b97ee4e2aefd3177b85feb1f37f290abe54258c116fdc66608bc5e7984ef9f,63f0871768ef695aab01614aa5b49ab34865e397b8bd40c424c608c31bf35109,2.149999999997817,-1.0499999999999972,-0.9500000000000028,0.10000000000000142,0.10000000000000142
2026-09-08,PE,2026-09-08T04:43:00+00:00,2026-09-08T04:42:00+00:00,2026-09-08T04:43:00+00:00,60.0,NIFTY|2026-09-08|23700|PE,63f0871768ef695aab01614aa5b49ab34865e397b8bd40c424c608c31bf35109,97a0fefdf61fc7e9dccc55a33314b899564a3a1f42a7340d6aa9215077c52b43,8.150000000001455,-5.224999999999994,-5.5,0.10000000000000142,0.14999999999999858
2026-09-08,PE,2026-09-08T04:44:00+00:00,2026-09-08T04:43:00+00:00,2026-09-08T04:44:00+00:00,60.0,NIFTY|2026-09-08|23700|PE,97a0fefdf61fc7e9dccc55a33314b899564a3a1f42a7340d6aa9215077c52b43,822db8ed39f0e121160a8ec25dc675fe2efdc131d6a289fff82a515c82dc833d,8.649999999997817,-3.325000000000003,-2.950000000000003,0.14999999999999858,0.09999999999999432
2026-09-08,PE,2026-09-08T04:45:00+00:00,2026-09-08T04:44:00+00:00,2026-09-08T04:45:00+00:00,60.0,NIFTY|2026-09-08|23700|PE,822db8ed39f0e121160a8ec25dc675fe2efdc131d6a289fff82a515c82dc833d,833dcc0e3985fb8beb3128dd68986a5965ca193fa330575327fddfcb672a4b5e,9.650000000001455,-4.599999999999994,-5.649999999999999,0.09999999999999432,0.10000000000000142
2026-09-08,PE,2026-09-08T04:46:00+00:00,2026-09-08T04:45:00+00:00,2026-09-08T04:46:00+00:00,60.0,NIFTY|2026-09-08|23700|PE,833dcc0e3985fb8beb3128dd68986a5965ca193fa330575327fddfcb672a4b5e,67bca84252a6a8607718082319f0eab9e2b399d111de7015262d39ce834756d5,-0.3499999999985448,0.42499999999999716,1.6000000000000014,0.10000000000000142,0.14999999999999858
2026-09-08,PE,2026-09-08T04:47:00+00:00,2026-09-08T04:46:00+00:00,2026-09-08T04:47:00+00:00,60.0,NIFTY|2026-09-08|23700|PE,67bca84252a6a8607718082319f0eab9e2b399d111de7015262d39ce834756d5,02c559debca08299dd69b36ff73c3645f3473a40e0bd36078a4b30e97680aaff,-1.1500000000014552,0.8999999999999915,0.6499999999999986,0.14999999999999858,0.14999999999999858
2026-09-08,PE,2026-09-08T04:48:00+00:00,2026-09-08T04:47:00+00:00,2026-09-08T04:48:00+00:00,60.0,NIFTY|2026-09-08|23700|PE,02c559debca08299dd69b36ff73c3645f3473a40e0bd36078a4b30e97680aaff,4db8444047761bac3d1ce7babf2f57e997fb9e55d43ecee3eefb7aec86e8a5a8,-3.400000000001455,2.200000000000003,2.3000000000000043,0.14999999999999858,0.05000000000000426
2026-09-08,PE,2026-09-08T04:49:00+00:00,2026-09-08T04:48:00+00:00,2026-09-08T04:49:00+00:00,60.0,NIFTY|2026-09-08|23700|PE,4db8444047761bac3d1ce7babf2f57e997fb9e55d43ecee3eefb7aec86e8a5a8,02e52971e94a0af51c0ab41a8f4c0207ffe728c4ed1c3b822fc979f9d653ccfb,-4.849999999998545,1.1500000000000057,0.8999999999999986,0.05000000000000426,0.14999999999999858
2026-09-08,PE,2026-09-08T04:50:00+00:00,2026-09-08T04:49:00+00:00,2026-09-08T04:50:00+00:00,60.0,NIFTY|2026-09-08|23700|PE,02e52971e94a0af51c0ab41a8f4c0207ffe728c4ed1c3b822fc979f9d653ccfb,5e2f901d128e0abb3b4041edb7155767df884dd2f5497e6c6dae5e248408b9dd,5.0,-3.5250000000000057,-3.3999999999999986,0.14999999999999858,0.10000000000000142
2026-09-08,PE,2026-09-08T04:52:00+00:00,2026-09-08T04:51:00+00:00,2026-09-08T04:52:00+00:00,60.0,NIFTY|2026-09-08|23700|PE,8a95914e2f210272e94f72f73cac6f845cb0a58164f3e5e234f4878016f10ab9,ba6b841a03b00edc0c273fbca2fd8db16decd2aa02d120e9f594418613c9e83d,-3.2000000000007276,0.32499999999999574,0.04999999999999716,0.10000000000000142,0.04999999999999716
2026-09-08,PE,2026-09-08T04:53:00+00:00,2026-09-08T04:52:00+00:00,2026-09-08T04:53:00+00:00,60.0,NIFTY|2026-09-08|23700|PE,ba6b841a03b00edc0c273fbca2fd8db16decd2aa02d120e9f594418613c9e83d,4b9ac4984982d43901c86e75c8cdad57b35467e9b72dce89c8fe2b56eead2d15,-0.09999999999854481,-0.1250000000000071,-0.29999999999999716,0.04999999999999716,0.10000000000000142
2026-09-08,PE,2026-09-08T04:54:00+00:00,2026-09-08T04:53:00+00:00,2026-09-08T04:54:00+00:00,60.0,NIFTY|2026-09-08|23700|PE,4b9ac4984982d43901c86e75c8cdad57b35467e9b72dce89c8fe2b56eead2d15,c01c773e73238c0c3e821146a26f9fed0a55b8fd6287ab13bf12edeb4dcf6609,0.8499999999985448,0.4000000000000057,0.3999999999999986,0.10000000000000142,0.09999999999999432
2026-09-09,CE,2026-09-09T03:48:00+00:00,2026-09-09T03:46:55.505623+00:00,2026-09-09T03:47:55.606379+00:00,60.100756,NIFTY|2026-09-15|23500|CE,83f1faa6ce9ea642dd79121c7433755c32323741ab81171b2f12a826e196e8d4,a3256c3486f7f10cde0e66e736bb04011bb2304215bd00a9fbd1fe6a4f60e02a,3.649999999997817,-0.32499999999998863,0.20000000000001705,0.4000000000000057,0.3499999999999943
2026-09-09,CE,2026-09-09T03:50:00+00:00,2026-09-09T03:48:55.487213+00:00,2026-09-09T03:49:55.498543+00:00,60.01133,NIFTY|2026-09-15|23500|CE,6853001fb7ea6bada07dd766836f200e84bcb090f057f7af4c03b1e4ea5956c7,a79a5e2ea78f9b0244af083c75fe46a4f71d588ab0ded5862cff65d43a99cd43,6.700000000000728,0.35000000000002274,0.3499999999999943,0.4000000000000057,0.30000000000001137
2026-09-09,CE,2026-09-09T03:52:00+00:00,2026-09-09T03:50:55.384548+00:00,2026-09-09T03:51:55.451483+00:00,60.066935,NIFTY|2026-09-15|23500|CE,8b8557badedfc666b92954897702fc3ebf4629a856cb8005c4c4f79655fff08a,0165659db17f2b94c9a0cc9119f91a67e90b1178537075193a5604d226307ac9,4.799999999999272,-0.30000000000001137,-0.6500000000000057,0.29999999999998295,0.39999999999997726
2026-09-09,CE,2026-09-09T03:53:00+00:00,2026-09-09T03:51:55.451483+00:00,2026-09-09T03:52:55.472997+00:00,60.021514,NIFTY|2026-09-15|23500|CE,0165659db17f2b94c9a0cc9119f91a67e90b1178537075193a5604d226307ac9,61d37a3bb925e9926b4bf7e800283e1f9741c2f25def267666a37a36439958dc,-10.299999999999272,-2.5249999999999773,-2.5,0.39999999999997726,0.3499999999999943
2026-09-09,CE,2026-09-09T03:55:00+00:00,2026-09-09T03:53:55.365481+00:00,2026-09-09T03:54:55.366563+00:00,60.001082,NIFTY|2026-09-15|23500|CE,3795a2a20ead7ca220ff9230b61a9ac8e423b4ecf1414a8c6c751d14ccb30d73,03c5b77656c5b3f72f7e2adea5ac31b42191bdf06be5f2dbed53ba962ae02f88,10.649999999997817,4.649999999999977,4.849999999999994,0.35000000000002274,0.3499999999999943
2026-09-09,CE,2026-09-09T03:56:00+00:00,2026-09-09T03:54:55.366563+00:00,2026-09-09T03:55:55.438373+00:00,60.07181,NIFTY|2026-09-15|23500|CE,03c5b77656c5b3f72f7e2adea5ac31b42191bdf06be5f2dbed53ba962ae02f88,cadb957d67ad6c437941002d3a8dec65657dd1c433537ac10a1eb28877ef4f9a,3.75,1.5500000000000114,1.1500000000000057,0.3499999999999943,0.45000000000001705
2026-09-09,CE,2026-09-09T03:58:00+00:00,2026-09-09T03:56:50.391171+00:00,2026-09-09T03:57:55.371328+00:00,64.980157,NIFTY|2026-09-15|23500|CE,37fdb1fc409fb6fb62cdb6908573399a1eacb0539dd25ab1b91db66d48031c63,ad982fc8956e41cab9853abd6dd8393b9564b228681c803fba61c1023414b1d7,-2.75,0.875,1.5,0.29999999999998295,0.45000000000001705
2026-09-09,CE,2026-09-09T04:00:00+00:00,2026-09-09T03:58:50.510573+00:00,2026-09-09T03:59:55.344342+00:00,64.833769,NIFTY|2026-09-15|23500|CE,3fe3e3a9ce942ddbc1322b997ccb2805ba90c511492dd6950c26b98192f3c817,ad0e02954819f7311858fde441eecef9ccaef4e960caeb3a137cf1969455c78f,1.7999999999992724,-0.10000000000002274,-0.09999999999999432,0.44999999999998863,0.15000000000000568
2026-09-09,CE,2026-09-09T04:01:00+00:00,2026-09-09T03:59:55.344342+00:00,2026-09-09T04:00:55.344811+00:00,60.000469,NIFTY|2026-09-15|23500|CE,ad0e02954819f7311858fde441eecef9ccaef4e960caeb3a137cf1969455c78f,be97f61c6bec681d67253a9a2afc92df51ec6632bed7be520474447a074ac6b3,0.3499999999985448,0.05000000000001137,0.25,0.15000000000000568,0.25
2026-09-09,CE,2026-09-09T04:02:00+00:00,2026-09-09T04:00:55.344811+00:00,2026-09-09T04:01:55.363610+00:00,60.018799,NIFTY|2026-09-15|23500|CE,be97f61c6bec681d67253a9a2afc92df51ec6632bed7be520474447a074ac6b3,e025d313dd5002d7a38e07b113412f5c17cb607266a9d079af3b608c2d3d9b3e,0.5499999999992724,0.47500000000002274,0.19999999999998863,0.25,0.29999999999998295
2026-09-09,CE,2026-09-09T04:03:00+00:00,2026-09-09T04:01:55.363610+00:00,2026-09-09T04:02:55.468487+00:00,60.104877,NIFTY|2026-09-15|23500|CE,e025d313dd5002d7a38e07b113412f5c17cb607266a9d079af3b608c2d3d9b3e,2a860d9d5c318f1fc21acbc8e4e5cb93d1f4c09bf4bdb39fc3858eed3a195bc0,-2.2999999999992724,-0.7750000000000057,-0.44999999999998863,0.29999999999998295,0.44999999999998863
2026-09-09,CE,2026-09-09T04:05:00+00:00,2026-09-09T04:03:50.392068+00:00,2026-09-09T04:04:55.344321+00:00,64.952253,NIFTY|2026-09-15|23500|CE,9b6e81c5c0775d58f2e5c407e95cb481ea47f184f81ad67b26844214690bee46,1d9845fb70ba9996614ea88fee06a312ec0e707ec59b01a803026bcea578d313,-0.5499999999992724,1.125,0.8500000000000227,0.15000000000000568,0.4000000000000057
2026-09-09,CE,2026-09-09T04:11:00+00:00,2026-09-09T04:09:55.354642+00:00,2026-09-09T04:10:55.392258+00:00,60.037616,NIFTY|2026-09-15|23550|CE,9193ec2b7ec0856a2e18325e23f877653372edce8db9782cccb20ee6556efff2,c9ac22bf8f62e4ade6bc634727c41a3302c50a320e00348125214dd8a622a1f3,0.8999999999978172,0.7750000000000057,1.0,0.30000000000001137,0.25
2026-09-09,CE,2026-09-09T04:14:00+00:00,2026-09-09T04:12:50.486566+00:00,2026-09-09T04:13:55.417252+00:00,64.930686,NIFTY|2026-09-15|23550|CE,83a6fcb141fd220f062f6ef70fa940f278775fed6504ebdc439a9d7f54fb6be1,c6dbd21b50f8bad2410bfef57e27cfc9ae596af301bce23109a3981a2bb6f8e9,3.2999999999992724,0.8000000000000114,0.950000000000017,0.19999999999998863,0.4000000000000057
2026-09-09,CE,2026-09-09T04:17:00+00:00,2026-09-09T04:15:55.376492+00:00,2026-09-09T04:16:55.381317+00:00,60.004825,NIFTY|2026-09-15|23500|CE,8a13035093081cdf29f0f32c01ec522bf41451405562ef4a1515206350fa9d86,bf41a8325ca89163c83adcd323749ba1a23a905c64a91225804b6b3c7b6384e8,-6.75,-3.0000000000000284,-2.9499999999999886,0.30000000000001137,0.4000000000000057
2026-09-09,CE,2026-09-09T04:18:00+00:00,2026-09-09T04:16:55.381317+00:00,2026-09-09T04:17:55.491947+00:00,60.11063,NIFTY|2026-09-15|23500|CE,bf41a8325ca89163c83adcd323749ba1a23a905c64a91225804b6b3c7b6384e8,51a584de31522c26c45c4986ddf0d45b45efea189b9cb03aee791ed633acc345,-2.75,-2.7749999999999773,-2.8500000000000227,0.4000000000000057,0.35000000000002274
2026-09-09,CE,2026-09-09T04:20:00+00:00,2026-09-09T04:18:55.412305+00:00,2026-09-09T04:19:55.474547+00:00,60.062242,NIFTY|2026-09-15|23500|CE,1c6372ccaafdfc1d238ebda59e2616e9259e1181cb9fdeb471eaf1468c50e051,e60b5c3dea55517308e50213d1fba6750f79f3a809654de993c43678815cc48d,-7.599999999998545,-4.350000000000023,-4.400000000000006,0.3499999999999943,0.35000000000002274
2026-09-09,CE,2026-09-09T04:22:00+00:00,2026-09-09T04:20:55.360058+00:00,2026-09-09T04:21:55.830019+00:00,60.469961,NIFTY|2026-09-15|23500|CE,71888342f57bd5be495724ce818ac8e489515a0457acf752328fd53678c1c9d0,b557c76923a4fae876800b871db03e9f246db7c4cebd1bb7312c8f1bdb01bd95,2.0,1.825000000000017,1.8000000000000114,0.19999999999998863,0.3499999999999943
2026-09-09,CE,2026-09-09T04:23:00+00:00,2026-09-09T04:21:55.830019+00:00,2026-09-09T04:22:56.231226+00:00,60.401207,NIFTY|2026-09-15|23500|CE,b557c76923a4fae876800b871db03e9f246db7c4cebd1bb7312c8f1bdb01bd95,fdafbc4035b4bb93879e0447a5005fe6ac809bee3f96335aa4146775ae7b1750,6.200000000000728,3.4999999999999716,3.299999999999983,0.3499999999999943,0.44999999999998863
2026-09-09,CE,2026-09-09T04:25:00+00:00,2026-09-09T04:23:50.347834+00:00,2026-09-09T04:24:55.339026+00:00,64.991192,NIFTY|2026-09-15|23500|CE,a812b87e4baee3e9b88a816c188a23ab66163e31dbf32929effba9fed318b654,0803140096afadf353a5d65274838e6fffba747bc87318f8accfe71558e012bf,0.3500000000021828,-0.5500000000000114,-0.549999999999983,0.4000000000000057,0.39999999999997726
2026-09-09,CE,2026-09-09T04:26:00+00:00,2026-09-09T04:24:55.339026+00:00,2026-09-09T04:25:55.377019+00:00,60.037993,NIFTY|2026-09-15|23500|CE,0803140096afadf353a5d65274838e6fffba747bc87318f8accfe71558e012bf,767052d935fb180389f0517077243b1f950acce136e04992dc5ffddc68f34405,-1.0500000000029104,-0.47500000000002274,-0.4000000000000057,0.39999999999997726,0.3499999999999943
2026-09-09,CE,2026-09-09T04:29:00+00:00,2026-09-09T04:27:50.376038+00:00,2026-09-09T04:28:55.332629+00:00,64.956591,NIFTY|2026-09-15|23500|CE,420d7e9a481868911779b89994016c89f71934f7c7ca2df30b15565fdbfc66b1,217d3b2c4fde9b87402307e9bedcbc1f70ef6417322bea0cd21003872880f460,-4.099999999998545,-2.9499999999999886,-2.5500000000000114,0.4000000000000057,0.39999999999997726
2026-09-09,CE,2026-09-09T04:30:00+00:00,2026-09-09T04:28:55.332629+00:00,2026-09-09T04:29:55.363150+00:00,60.030521,NIFTY|2026-09-15|23500|CE,217d3b2c4fde9b87402307e9bedcbc1f70ef6417322bea0cd21003872880f460,afcd3d736776e5dfb3788c31d45a00468e8a68ac4087d38c6185724b4ceb8ff4,-0.9000000000014552,0.5749999999999886,0.45000000000001705,0.39999999999997726,0.15000000000000568
2026-09-09,CE,2026-09-09T04:31:00+00:00,2026-09-09T04:29:55.363150+00:00,2026-09-09T04:30:56.159423+00:00,60.796273,NIFTY|2026-09-15|23500|CE,afcd3d736776e5dfb3788c31d45a00468e8a68ac4087d38c6185724b4ceb8ff4,588cfb8a87c095fbc56a0f38789c2af830d254ccf93ecd5ba19e68edf5101382,-9.799999999999272,-3.0249999999999773,-2.75,0.15000000000000568,0.4000000000000057
2026-09-09,CE,2026-09-09T04:34:00+00:00,2026-09-09T04:32:50.424354+00:00,2026-09-09T04:33:55.396169+00:00,64.971815,NIFTY|2026-09-15|23500|CE,7c7147a5fdabf83425942f144bcc7481c704d6faea205766eb4ce8816efa3a46,68e57a164609059549ba8c6bb75c6b6cf886741ab6d986060d10cab561597b13,-2.8000000000029104,-0.7250000000000227,-0.700000000000017,0.3499999999999943,0.30000000000001137
2026-09-09,CE,2026-09-09T04:36:00+00:00,2026-09-09T04:34:55.345437+00:00,2026-09-09T04:35:55.385477+00:00,60.04004,NIFTY|2026-09-15|23500|CE,54d666d9a4c17a8f56583c00f23d39a5edf07d767e3a317d6c8e8151112f24bb,804be57fa7563cadfd4d32bca1910dcb94af56d12eb8be7468b229fa33633e7f,1.4500000000007276,0.25,0.15000000000000568,0.35000000000002274,0.35000000000002274
2026-09-09,CE,2026-09-09T04:39:00+00:00,2026-09-09T04:37:50.814963+00:00,2026-09-09T04:38:55.393292+00:00,64.578329,NIFTY|2026-09-15|23450|CE,7766be7f3ea69a15567de5e1e99d6d1e06aca4020092d19567a7d5e7081eec03,1058d5f50d573c2ca1f722db93f1c3f93e12f165b32e0be789ccc0c830b1114b,1.0499999999992724,-0.25,-0.05000000000001137,0.3499999999999943,0.15000000000000568
2026-09-09,CE,2026-09-09T04:44:00+00:00,2026-09-09T04:42:50.640018+00:00,2026-09-09T04:43:55.413034+00:00,64.773016,NIFTY|2026-09-15|23500|CE,fcba29cbc7018b6371572b32dfdd11d24412660193032f7a6fe98309d459748a,6a07858c6724824134b66e07e373cb488c81b7dc2bd09261919c50216a62e0f9,7.049999999999272,2.6750000000000114,2.0999999999999943,0.39999999999997726,0.3499999999999943
2026-09-09,CE,2026-09-09T04:45:00+00:00,2026-09-09T04:43:55.413034+00:00,2026-09-09T04:44:55.596200+00:00,60.183166,NIFTY|2026-09-15|23500|CE,6a07858c6724824134b66e07e373cb488c81b7dc2bd09261919c50216a62e0f9,54be595cb016ca1b9108a07a623132d5a2a0c0078a4310282d0691b02dbc5e1d,-1.9000000000014552,-0.575000000000017,-0.5500000000000114,0.3499999999999943,0.30000000000001137
2026-09-09,CE,2026-09-09T04:48:00+00:00,2026-09-09T04:46:55.390588+00:00,2026-09-09T04:47:55.455010+00:00,60.064422,NIFTY|2026-09-15|23500|CE,c678a2f17938e73ee9dcea9159545ae9a3b90be5ee577985cbc1875670bb97a2,55c34b39230c99be200f2bfdbbdc2baf70282d4b0859e392efa92a94ad2b5222,6.450000000000728,1.5,1.1500000000000057,0.3499999999999943,0.3499999999999943
2026-09-09,CE,2026-09-09T04:50:00+00:00,2026-09-09T04:48:51.207529+00:00,2026-09-09T04:49:55.382260+00:00,64.174731,NIFTY|2026-09-15|23500|CE,a820d9c64af79ba747524a7978905950b39aed1fcaa18ffe6d9167926cc63351,fa98f9ab7e2ae729cf21bdb34daa5e066fea7fd313fa548b05bfda170ac5080a,6.700000000000728,3.6499999999999773,3.8499999999999943,0.19999999999998863,0.4000000000000057
2026-09-09,CE,2026-09-09T04:55:00+00:00,2026-09-09T04:53:50.390114+00:00,2026-09-09T04:54:55.340342+00:00,64.950228,NIFTY|2026-09-15|23550|CE,951910aebe3d132629c8baa08f3a58957a7f4d3147d44e4231521acb92e9b74e,3cef5c15d535d4479483e76ad9051d0ff7c8cfec7ee2fb7c49123abc484f525a,9.049999999999272,8.724999999999994,8.849999999999994,0.30000000000001137,0.35000000000002274
2026-09-09,CE,2026-09-09T04:56:00+00:00,2026-09-09T04:54:55.340342+00:00,2026-09-09T04:55:56.202072+00:00,60.86173,NIFTY|2026-09-15|23550|CE,3cef5c15d535d4479483e76ad9051d0ff7c8cfec7ee2fb7c49123abc484f525a,f87719a43dc35d4a74296704878b12af47ce56885530bff72549f9ea49034d29,-3.9500000000007276,-2.5749999999999886,-2.9499999999999886,0.35000000000002274,0.4000000000000057
2026-09-09,CE,2026-09-09T04:59:00+00:00,2026-09-09T04:57:55.393041+00:00,2026-09-09T04:58:55.520517+00:00,60.127476,NIFTY|2026-09-15|23550|CE,0fc66ca24cc18eb9a54b03b7b4f2d7e4303bae92cd279f1f9ecffa04b5355847,beb73caf18b92cace0e9bc8f6bcfe983303b45ea9d0dfd0152c5f0ae0f4c9ab6,1.4000000000014552,1.1999999999999886,1.25,0.3499999999999943,0.35000000000002274
2026-09-09,CE,2026-09-09T05:01:00+00:00,2026-09-09T04:59:55.370739+00:00,2026-09-09T05:00:55.565840+00:00,60.195101,NIFTY|2026-09-15|23550|CE,8034ab8cf0fe59d0da2e1742ed1e70c12f3603bcf9f6cc00c9db6c88ba2513af,9160f56546f2eacb623651d0e8d2e901fdfa7a78ea5b4128ad9f03526d33a3f6,-1.0999999999985448,-1.2500000000000284,-1.3999999999999773,0.3499999999999943,0.25
2026-09-09,CE,2026-09-09T05:03:00+00:00,2026-09-09T05:01:55.377962+00:00,2026-09-09T05:02:55.394828+00:00,60.016866,NIFTY|2026-09-15|23550|CE,ebb28f492f74a51645ac82dc81d33088d6be6ec3bbb1eae7f42ea9cb80e75da9,6212d4ee77f3c6bd7559af73aa39736c7598336633719682d7c6ad6635c79c3c,0.3500000000021828,0.75,1.1500000000000057,0.3499999999999943,0.3499999999999943
2026-09-09,CE,2026-09-09T05:07:00+00:00,2026-09-09T05:05:55.342400+00:00,2026-09-09T05:06:55.854589+00:00,60.512189,NIFTY|2026-09-15|23500|CE,a07ede4d4895ae1d3208f094b1e8e5e41ea67193f896cbc0a8c785566ffbc2a6,6341c3d4a3ee5d252f9b4810ed1f466f8557d0fafc38415260e7edc8b39e7612,3.2000000000007276,2.8499999999999943,3.4000000000000057,0.3499999999999943,0.25
2026-09-09,CE,2026-09-09T05:08:00+00:00,2026-09-09T05:06:55.854589+00:00,2026-09-09T05:07:56.146448+00:00,60.291859,NIFTY|2026-09-15|23500|CE,6341c3d4a3ee5d252f9b4810ed1f466f8557d0fafc38415260e7edc8b39e7612,25811a822d431483ea3ba5a81d6062c1a7250fed582fd71b9e67ba92107bc1b7,-6.150000000001455,-6.125000000000028,-6.75,0.25,0.4000000000000057
2026-09-09,CE,2026-09-09T05:10:00+00:00,2026-09-09T05:08:55.804027+00:00,2026-09-09T05:09:55.815114+00:00,60.011087,NIFTY|2026-09-15|23500|CE,d2b078f032cc6dde0d8f544d15af1263d62f1fa649fc77395d8a7df3829da004,42f23f509eedf2f32b6570c608e9c0b0ac3466ae43eba90de74357f04630a6d1,-0.75,0.8249999999999886,0.9499999999999886,0.4000000000000057,0.45000000000001705
2026-09-09,CE,2026-09-09T05:12:00+00:00,2026-09-09T05:10:55.503304+00:00,2026-09-09T05:11:55.512631+00:00,60.009327,NIFTY|2026-09-15|23500|CE,8aa128272952612f73233c83cc001ff91f18d2d74a8a55920f10d15b0109eb2d,fa73cabd5c78d55c8ee34d3ea99b04e54f9b3fec21ed677011d7c7077fd9b277,0.9000000000014552,0.15000000000000568,0.0,0.25,0.35000000000002274
2026-09-09,CE,2026-09-09T05:13:00+00:00,2026-09-09T05:11:55.512631+00:00,2026-09-09T05:12:55.518245+00:00,60.005614,NIFTY|2026-09-15|23500|CE,fa73cabd5c78d55c8ee34d3ea99b04e54f9b3fec21ed677011d7c7077fd9b277,6c5e686bab4049084ab6ae38d520501368ad9c548d2ffbb6f4d42783e74ab75f,-3.650000000001455,-2.7749999999999773,-2.5,0.35000000000002274,0.09999999999999432
2026-09-09,CE,2026-09-09T05:14:00+00:00,2026-09-09T05:12:55.518245+00:00,2026-09-09T05:13:55.527801+00:00,60.009556,NIFTY|2026-09-15|23500|CE,6c5e686bab4049084ab6ae38d520501368ad9c548d2ffbb6f4d42783e74ab75f,2db38d66a9c1129dbf7e92ba1a593ac50e47b9ae0b2b924c9bb02a033c5e2faa,4.350000000002183,1.8999999999999773,1.6500000000000057,0.09999999999999432,0.39999999999997726
2026-09-09,CE,2026-09-09T05:15:00+00:00,2026-09-09T05:13:55.527801+00:00,2026-09-09T05:14:55.820395+00:00,60.292594,NIFTY|2026-09-15|23500|CE,2db38d66a9c1129dbf7e92ba1a593ac50e47b9ae0b2b924c9bb02a033c5e2faa,638a7362dd91b204697c4bb4fe497de428b243fea71424c69f54fedf5eda7caf,3.599999999998545,2.3999999999999773,2.5,0.39999999999997726,0.4000000000000057
2026-09-09,CE,2026-09-09T05:17:00+00:00,2026-09-09T05:15:51.258359+00:00,2026-09-09T05:16:55.510572+00:00,64.252213,NIFTY|2026-09-15|23500|CE,9f2a91f455ddc0dbabd34da1d5c2015c9c4394ebb6f0e02089d8ba4d524a4895,25281f336c3a53469f3d4749145c65836caa8298da1a610724b24db70b543fc6,4.75,0.5000000000000284,1.049999999999983,0.44999999999998863,0.3499999999999943
2026-09-09,CE,2026-09-09T05:18:00+00:00,2026-09-09T05:16:55.510572+00:00,2026-09-09T05:17:55.512498+00:00,60.001926,NIFTY|2026-09-15|23500|CE,25281f336c3a53469f3d4749145c65836caa8298da1a610724b24db70b543fc6,e2977e5f13fdbce0dd1c4675566a7ade318478255052ddb10d97e1284fdb3d49,1.3000000000029104,-0.2750000000000341,-0.25,0.3499999999999943,0.29999999999998295
2026-09-09,CE,2026-09-09T05:19:00+00:00,2026-09-09T05:17:55.512498+00:00,2026-09-09T05:18:55.513869+00:00,60.001371,NIFTY|2026-09-15|23500|CE,e2977e5f13fdbce0dd1c4675566a7ade318478255052ddb10d97e1284fdb3d49,e5b49476255aedb269483eab96fb2fdc3d98e5f85d892111c9c5ea75685b9bb4,1.6999999999970896,1.1000000000000227,0.700000000000017,0.29999999999998295,0.4000000000000057
2026-09-09,CE,2026-09-09T05:20:00+00:00,2026-09-09T05:18:55.513869+00:00,2026-09-09T05:19:55.517160+00:00,60.003291,NIFTY|2026-09-15|23500|CE,e5b49476255aedb269483eab96fb2fdc3d98e5f85d892111c9c5ea75685b9bb4,1920c3c90a8f2023029d6b06ca8f1d4efb03724c5f24a2f435fde96c1e97bf77,-1.8999999999978172,-0.7250000000000227,-0.30000000000001137,0.4000000000000057,0.15000000000000568
2026-09-09,CE,2026-09-09T05:23:00+00:00,2026-09-09T05:21:55.514050+00:00,2026-09-09T05:22:55.593668+00:00,60.079618,NIFTY|2026-09-15|23500|CE,2ba58257bc04f6caa03883aca4810280f456dd4c89c7138a121fcdd43f714535,5a929ecf01c0e72a3f466e5433852cddce99b675e7963af22c99bd4c478fbdcc,0.25,1.375,1.4000000000000057,0.3499999999999943,0.29999999999998295
2026-09-09,CE,2026-09-09T05:24:00+00:00,2026-09-09T05:22:55.593668+00:00,2026-09-09T05:23:55.821101+00:00,60.227433,NIFTY|2026-09-15|23500|CE,5a929ecf01c0e72a3f466e5433852cddce99b675e7963af22c99bd4c478fbdcc,03c4c613afa25ddf0dcf79fecdaa63b835055c6933ea4fdb518934c290d8de98,5.150000000001455,4.675000000000011,5.049999999999983,0.29999999999998295,0.44999999999998863
2026-09-09,CE,2026-09-09T05:27:00+00:00,2026-09-09T05:25:55.502963+00:00,2026-09-09T05:26:55.698647+00:00,60.195684,NIFTY|2026-09-15|23550|CE,8bda35b33d71abcb47ebcf3e33f2448d8ab7833bf46b7069837e230db7b3302c,669c791b2dfba9ddccbe434bf29392444a5044f65a26380742513ba80ce82189,-0.10000000000218279,0.9000000000000341,0.5500000000000114,0.3499999999999943,0.25
2026-09-09,CE,2026-09-09T05:30:00+00:00,2026-09-09T05:28:50.500993+00:00,2026-09-09T05:29:55.482297+00:00,64.981304,NIFTY|2026-09-15|23550|CE,212d1942fe94aca72c196a2fe561f34be4a74644aaf281855aa993e4a7f248cf,0425abc1c13885d8bab9ed990889589095fa69a795c1052af6199d1aa853b595,6.150000000001455,3.4499999999999886,3.549999999999983,0.30000000000001137,0.30000000000001137
2026-09-09,CE,2026-09-09T05:31:00+00:00,2026-09-09T05:29:55.482297+00:00,2026-09-09T05:30:55.508111+00:00,60.025814,NIFTY|2026-09-15|23550|CE,0425abc1c13885d8bab9ed990889589095fa69a795c1052af6199d1aa853b595,d80e5c91a58a31ad188dde8d687b1b6f3d529334d630c504504e27a4ab1f7722,1.75,3.2500000000000284,3.200000000000017,0.30000000000001137,0.4000000000000057
2026-09-09,CE,2026-09-09T05:32:00+00:00,2026-09-09T05:30:55.508111+00:00,2026-09-09T05:31:55.551913+00:00,60.043802,NIFTY|2026-09-15|23550|CE,d80e5c91a58a31ad188dde8d687b1b6f3d529334d630c504504e27a4ab1f7722,669eccdcab09f7e0f69f4ae020fa343d12399024ddb041d4a888e12692dc41bf,-1.2000000000007276,-3.2500000000000284,-2.9000000000000057,0.4000000000000057,0.30000000000001137
2026-09-09,CE,2026-09-09T05:33:00+00:00,2026-09-09T05:31:55.551913+00:00,2026-09-09T05:32:55.571523+00:00,60.01961,NIFTY|2026-09-15|23550|CE,669eccdcab09f7e0f69f4ae020fa343d12399024ddb041d4a888e12692dc41bf,ee8c7ae29b3858aab2e6d4e3f3a595089279a17a6395f5631084ff3f561fd1ac,1.7000000000007276,2.2500000000000284,2.0,0.30000000000001137,0.4000000000000057
2026-09-09,CE,2026-09-09T05:35:00+00:00,2026-09-09T05:33:50.771384+00:00,2026-09-09T05:34:55.495335+00:00,64.723951,NIFTY|2026-09-15|23550|CE,290917f4023bf779369f93e9e5798b5f35badbcf8e47d30b2122ad7c2575fa7d,f33e0d9f1d9870cf62bfa6d0965247a70c1634302f1ee664f798158cf7d5504f,-2.900000000001455,-1.299999999999983,-1.0,0.25,0.3499999999999943
2026-09-09,CE,2026-09-09T05:36:00+00:00,2026-09-09T05:34:55.495335+00:00,2026-09-09T05:35:55.501994+00:00,60.006659,NIFTY|2026-09-15|23550|CE,f33e0d9f1d9870cf62bfa6d0965247a70c1634302f1ee664f798158cf7d5504f,d3a8a1ee43e026474e9e4b206392dde44fe0f1dd80405ca229062012253460c2,-2.5,-1.2750000000000057,-1.799999999999983,0.3499999999999943,0.30000000000001137
2026-09-09,CE,2026-09-09T05:38:00+00:00,2026-09-09T05:36:55.446209+00:00,2026-09-09T05:37:55.508713+00:00,60.062504,NIFTY|2026-09-15|23550|CE,7dd1caf7c648bb587f45bc13db909faa9665d4fda8f653a7f69477bdf1c01011,6b0e635f9fcd721de5761021653a486262471ad064dd850fd2684076a9132907,5.25,3.2250000000000227,3.950000000000017,0.29999999999998295,0.25
2026-09-09,CE,2026-09-09T05:39:00+00:00,2026-09-09T05:37:55.508713+00:00,2026-09-09T05:38:55.699559+00:00,60.190846,NIFTY|2026-09-15|23550|CE,6b0e635f9fcd721de5761021653a486262471ad064dd850fd2684076a9132907,e7dcc142bc0f7e776bff4182fca6f790dc7c67f1f09e14d3ceba18c4964a558b,-0.5500000000029104,-0.7750000000000057,-1.0500000000000114,0.25,0.30000000000001137
2026-09-09,CE,2026-09-09T05:41:00+00:00,2026-09-09T05:39:55.477846+00:00,2026-09-09T05:40:55.510138+00:00,60.032292,NIFTY|2026-09-15|23550|CE,4241abc728daffd22cb5bae846555658b12a69733849e3dff01838ea1997dc0a,5c8036eb0e776fc493497c5a1a7cae38106eb9af26a38b0254ee1e1e6af6794b,-2.5499999999992724,-1.3000000000000114,-1.4000000000000057,0.30000000000001137,0.4000000000000057
2026-09-09,CE,2026-09-09T05:43:00+00:00,2026-09-09T05:41:55.462158+00:00,2026-09-09T05:42:56.424786+00:00,60.962628,NIFTY|2026-09-15|23550|CE,7072219cb120ed84ec6ad6d647ee997249e31f6ca799a91182c3f5e8be820cfd,5b98c6755dee41af4672809038729253a25b8a286366cf41e158454de4423698,-2.0499999999992724,-1.325000000000017,-1.0500000000000114,0.4000000000000057,0.05000000000001137
2026-09-09,CE,2026-09-09T05:45:00+00:00,2026-09-09T05:43:55.479852+00:00,2026-09-09T05:44:55.484748+00:00,60.004896,NIFTY|2026-09-15|23550|CE,7dc0b0ac87d98c5942d567ce84358349d10fb254c0192864fcb066b24bf89152,47b869026394923efd51c5f044e20a084b21c53e78f0dd3dc497cf8b1062a0e9,0.4500000000007276,-2.8500000000000227,-2.6000000000000227,0.3499999999999943,0.25
2026-09-09,CE,2026-09-09T05:46:00+00:00,2026-09-09T05:44:55.484748+00:00,2026-09-09T05:45:55.522130+00:00,60.037382,NIFTY|2026-09-15|23550|CE,47b869026394923efd51c5f044e20a084b21c53e78f0dd3dc497cf8b1062a0e9,eef7dbc458d1106527fb90d3771c55d4adba69c5dd9ead6a7e1eb1c666f80c0c,2.399999999997817,3.950000000000017,3.950000000000017,0.25,0.25
2026-09-09,CE,2026-09-09T05:49:00+00:00,2026-09-09T05:47:55.451296+00:00,2026-09-09T05:48:55.486197+00:00,60.034901,NIFTY|2026-09-15|23500|CE,58e714ba6aff8e5f1605e30c0d756f51aa842a7844ec539d043bde112556244c,6a8318fe7ca7838f48f1628e89d428bf05ab1a4dc858768afcb346e7eee079ef,0.0,1.375,0.9499999999999886,0.4000000000000057,0.3499999999999943
2026-09-09,CE,2026-09-09T05:51:00+00:00,2026-09-09T05:49:55.497698+00:00,2026-09-09T05:50:55.630109+00:00,60.132411,NIFTY|2026-09-15|23550|CE,2f0b24df75c3efa350b04d3f1e3f8b1d72090395685d07b07d1c5346de8042a6,bb577cdcc880df9266e6ff451f937223905c80aeaf88efebb087d5cbab291836,0.5999999999985448,-0.025000000000034106,0.0,0.4000000000000057,0.3499999999999943
2026-09-09,CE,2026-09-09T05:54:00+00:00,2026-09-09T05:52:50.493453+00:00,2026-09-09T05:53:55.453290+00:00,64.959837,NIFTY|2026-09-15|23500|CE,e098df1ceb7caab2741a89d64b253357131773d92ad8669176c7cdfac9c7a084,fc681cbae7677467eea5bb7381029f6387707c1396cc76dc002393c5b16b0b2d,-0.9500000000007276,0.22499999999999432,0.5,0.39999999999997726,0.44999999999998863
2026-09-09,CE,2026-09-09T05:55:00+00:00,2026-09-09T05:53:55.453290+00:00,2026-09-09T05:54:55.492054+00:00,60.038764,NIFTY|2026-09-15|23500|CE,fc681cbae7677467eea5bb7381029f6387707c1396cc76dc002393c5b16b0b2d,5d975260cec21998f473e8bbaf80099b1eb22e414f139dfb428539fe201bfa83,0.2000000000007276,1.1250000000000284,1.450000000000017,0.44999999999998863,0.4000000000000057
2026-09-09,CE,2026-09-09T05:57:00+00:00,2026-09-09T05:55:50.488151+00:00,2026-09-09T05:56:55.466563+00:00,64.978412,NIFTY|2026-09-15|23500|CE,9a9f49c42d11535b2230ff4beaa2264610ef0c530fb22430886203a6a3a250a5,e0f3da55f9e3dcf569cc29ebbac97345e5bd6c7fe421ac03518d1e0489cc94d0,-5.600000000002183,-3.0249999999999773,-3.450000000000017,0.45000000000001705,0.4000000000000057
2026-09-09,CE,2026-09-09T05:58:00+00:00,2026-09-09T05:56:55.466563+00:00,2026-09-09T05:57:55.477905+00:00,60.011342,NIFTY|2026-09-15|23500|CE,e0f3da55f9e3dcf569cc29ebbac97345e5bd6c7fe421ac03518d1e0489cc94d0,05697704703654ccaff816f9b7e73ac85c681a56883dde83e765794a0c123058,-2.75,-0.6750000000000114,-0.5,0.4000000000000057,0.25
2026-09-09,CE,2026-09-09T05:59:00+00:00,2026-09-09T05:57:55.477905+00:00,2026-09-09T05:58:55.568808+00:00,60.090903,NIFTY|2026-09-15|23500|CE,05697704703654ccaff816f9b7e73ac85c681a56883dde83e765794a0c123058,03cd339324eb75b17652836db752c2a7637db01245980a1d5e4addb991e27bd8,4.150000000001455,0.6750000000000114,0.8499999999999943,0.25,0.4000000000000057
2026-09-09,CE,2026-09-09T06:01:00+00:00,2026-09-09T05:59:55.468283+00:00,2026-09-09T06:00:55.529377+00:00,60.061094,NIFTY|2026-09-15|23500|CE,f0363906a1753a09918c6f8098743eb3c8c3ece79aa0ef730a3ea0b69868c4a3,08cc77a4cc971324d071fb054208216b142330eba2a23212406d0c82d5c2d80d,-0.05000000000291038,1.2749999999999773,1.6500000000000057,0.29999999999998295,0.45000000000001705
2026-09-09,CE,2026-09-09T06:03:00+00:00,2026-09-09T06:01:55.821965+00:00,2026-09-09T06:02:55.920122+00:00,60.098157,NIFTY|2026-09-15|23500|CE,2de5ffd30ea161da125f7d7f48dddc37873a30d3ae46adc6812209ff03d29b94,efaab70d0ef8316bd53e9f36d93ae091476e3371b0420b01103eacd7e08f4266,-2.349999999998545,0.35000000000002274,0.5999999999999943,0.3499999999999943,0.45000000000001705
2026-09-09,CE,2026-09-09T06:05:00+00:00,2026-09-09T06:03:50.793278+00:00,2026-09-09T06:04:55.341813+00:00,64.548535,NIFTY|2026-09-15|23500|CE,b4fec9122df65dbbb38f27898704149517b75ecf10de6614544631384191af8e,08a1117b5a6621cb4bdd88ba49ee48545e30d098f8b2c8c4a9b1279e38bc5d88,-0.8500000000021828,-2.1750000000000114,-2.3499999999999943,0.29999999999998295,0.3499999999999943
2026-09-09,CE,2026-09-09T06:07:00+00:00,2026-09-09T06:05:55.336273+00:00,2026-09-09T06:06:55.384363+00:00,60.04809,NIFTY|2026-09-15|23500|CE,a83530687ccf72578f464869a048217f6718daec7d24763b17535092a857d1c6,0287ce894b17500fe93bf0e9751452fb46383fcf234b5315a962228263457c57,-1.25,-3.2250000000000227,-3.1999999999999886,0.3499999999999943,0.4000000000000057
2026-09-09,CE,2026-09-09T06:08:00+00:00,2026-09-09T06:06:55.384363+00:00,2026-09-09T06:07:55.478963+00:00,60.0946,NIFTY|2026-09-15|23500|CE,0287ce894b17500fe93bf0e9751452fb46383fcf234b5315a962228263457c57,aa8b9bd052374036d951c651d91f3f9723518ba0e23d5edb14dd2156386b264c,-2.4499999999970896,-0.674999999999983,-0.5,0.4000000000000057,0.25
2026-09-09,CE,2026-09-09T06:10:00+00:00,2026-09-09T06:08:55.360484+00:00,2026-09-09T06:09:55.380145+00:00,60.019661,NIFTY|2026-09-15|23500|CE,1af7ed4cba1c47aa4d1feb7a2634dbf32eed88fa244c8fc993027949366cbe2a,2e52bd47f6b49293bb82d6e5071c22349cbd02be0037ddf02ffc53582af11349,-1.7999999999992724,-1.900000000000034,-1.5,0.3499999999999943,0.3499999999999943
2026-09-09,CE,2026-09-09T06:12:00+00:00,2026-09-09T06:10:55.352124+00:00,2026-09-09T06:11:55.372645+00:00,60.020521,NIFTY|2026-09-15|23500|CE,0b41bb3054f5f16555390c207478ea849b21f273a785540df26d83af8ddc3f1e,64558162139c47307ee02055c8c6fb202b2f6d231209562af0f1a47f7ddc0904,4.900000000001455,1.299999999999983,1.4000000000000057,0.4000000000000057,0.30000000000001137
2026-09-09,CE,2026-09-09T06:52:00+00:00,2026-09-09T06:50:50.384326+00:00,2026-09-09T06:51:55.340556+00:00,64.95623,NIFTY|2026-09-15|23500|CE,af7639fdc0898bd883a72f89d095544958386049a89a2aa4edbb91d1a124a974,3a44403dd4383d976a73f3b69b4a30336ccba85cd583f1f73d48084774434847,1.5,-0.375,-0.30000000000001137,0.15000000000000568,0.29999999999998295
2026-09-09,CE,2026-09-09T06:53:00+00:00,2026-09-09T06:51:55.340556+00:00,2026-09-09T06:52:55.384319+00:00,60.043763,NIFTY|2026-09-15|23500|CE,3a44403dd4383d976a73f3b69b4a30336ccba85cd583f1f73d48084774434847,2913daff2fb85b1b2b8fcba03777def2f07fb67573a38141080be95ede56fd51,-0.75,-2.5,-2.5,0.29999999999998295,0.29999999999998295
2026-09-09,CE,2026-09-09T06:56:00+00:00,2026-09-09T06:54:55.374811+00:00,2026-09-09T06:55:55.380365+00:00,60.005554,NIFTY|2026-09-15|23500|CE,e983eae5456354afee225057a787a157a29bd1617ba3c976943d5dab46ee93d4,21b8460b0bafefe07906b2d640f4de6d5672f8a619f4be45cfc5fccb59b0af26,3.5,1.8499999999999943,1.75,0.3499999999999943,0.44999999999998863
2026-09-09,CE,2026-09-09T06:57:00+00:00,2026-09-09T06:55:55.380365+00:00,2026-09-09T06:56:55.387602+00:00,60.007237,NIFTY|2026-09-15|23500|CE,21b8460b0bafefe07906b2d640f4de6d5672f8a619f4be45cfc5fccb59b0af26,57fb2058da37f07db2475099302935da4a625f8873e75fff88eb1212352a568a,6.149999999997817,2.5999999999999943,2.5500000000000114,0.44999999999998863,0.25
2026-09-09,CE,2026-09-09T06:59:00+00:00,2026-09-09T06:57:55.335022+00:00,2026-09-09T06:58:55.381558+00:00,60.046536,NIFTY|2026-09-15|23500|CE,7ce5f88e91b34c40755f52105caeb68809bea7c6598cb84374997b2d1476d261,6ec88bc1e246eee924e7996616575c7ed3a6819d820e5241b3546b898e945128,1.5499999999992724,1.674999999999983,1.6999999999999886,0.30000000000001137,0.3499999999999943
2026-09-09,CE,2026-09-09T07:01:00+00:00,2026-09-09T06:59:55.372803+00:00,2026-09-09T07:00:55.430467+00:00,60.057664,NIFTY|2026-09-15|23500|CE,640a53e3c26763db8ccc5ab307fe19d6585ae603c0575cd82b6400906b4cdc84,2406127ca0ca2faeaaa7672d449e15ca2e4ff22e233c98065da9581542f39250,5.950000000000728,3.5749999999999886,3.6500000000000057,0.3499999999999943,0.4000000000000057
2026-09-09,CE,2026-09-09T07:05:00+00:00,2026-09-09T07:03:55.461233+00:00,2026-09-09T07:04:55.556513+00:00,60.09528,NIFTY|2026-09-15|23550|CE,f8cd3ae5547878027b31f367884e1fd98adaea2fcb9433e0cea5179ef3818696,63b74d1e8011b52f48f7033cc458f47ec89571ce320d2b21bd26dc3273af48a3,-3.100000000002183,-2.1000000000000227,-2.4000000000000057,0.3499999999999943,0.3499999999999943
2026-09-09,CE,2026-09-09T07:08:00+00:00,2026-09-09T07:06:55.376923+00:00,2026-09-09T07:07:55.743339+00:00,60.366416,NIFTY|2026-09-15|23550|CE,cb43c9109cfb89598c736426678d7cd98d80c42a9a4e3bceb2dd4563a91d7b10,a62a603cfddc2def90e0db2f9ff7b42081aca731d4075910ca598ae56059ed47,1.0500000000029104,0.7499999999999716,0.19999999999998863,0.3499999999999943,0.44999999999998863
2026-09-09,CE,2026-09-09T07:10:00+00:00,2026-09-09T07:08:50.430809+00:00,2026-09-09T07:09:55.371337+00:00,64.940528,NIFTY|2026-09-15|23550|CE,a8f6b6414dc3637a1c1167baee4807c4c9f548f5184d0de754282ec9f71b7faf,0d00038cc4082ad2a16360ece3af120256312318a163a6e792ae56a8857783a5,-2.8000000000029104,-0.30000000000001137,-0.39999999999997726,0.3499999999999943,0.3499999999999943
2026-09-09,CE,2026-09-09T07:11:00+00:00,2026-09-09T07:09:55.371337+00:00,2026-09-09T07:10:55.452084+00:00,60.080747,NIFTY|2026-09-15|23550|CE,0d00038cc4082ad2a16360ece3af120256312318a163a6e792ae56a8857783a5,7c4a8408ebd1151668169be95c06151989905f5ed783938b009adfb2e0c2eaa4,-0.09999999999854481,-0.9749999999999659,-0.8500000000000227,0.3499999999999943,0.29999999999998295
2026-09-09,CE,2026-09-09T07:15:00+00:00,2026-09-09T07:13:50.395659+00:00,2026-09-09T07:14:55.335218+00:00,64.939559,NIFTY|2026-09-15|23550|CE,56a5736ebde20090c4ac012942bada8e127e543ba16735866ecee0f0bf60743a,25ac241d0978f6ab734617793e1df68890b5ecd8a002684f3ee15714a50a32a3,-2.8000000000029104,-2.3000000000000114,-2.0,0.3499999999999943,0.25
2026-09-09,CE,2026-09-09T07:16:00+00:00,2026-09-09T07:14:55.335218+00:00,2026-09-09T07:15:55.345032+00:00,60.009814,NIFTY|2026-09-15|23550|CE,25ac241d0978f6ab734617793e1df68890b5ecd8a002684f3ee15714a50a32a3,798ad20b5ae111c6c289981ab093f5d3b91f82a00624b06e9d4aa3638b562950,-7.099999999998545,-2.5749999999999886,-1.8000000000000114,0.25,0.4000000000000057
2026-09-09,CE,2026-09-09T07:17:00+00:00,2026-09-09T07:15:55.345032+00:00,2026-09-09T07:16:55.466708+00:00,60.121676,NIFTY|2026-09-15|23550|CE,798ad20b5ae111c6c289981ab093f5d3b91f82a00624b06e9d4aa3638b562950,3f8d9765a3685b442787304da50764797c82bb9e02da8d544f31d1930b54c406,3.0,1.599999999999966,0.9499999999999886,0.4000000000000057,0.4000000000000057
2026-09-09,CE,2026-09-09T07:18:00+00:00,2026-09-09T07:16:55.466708+00:00,2026-09-09T07:17:55.547392+00:00,60.080684,NIFTY|2026-09-15|23550|CE,3f8d9765a3685b442787304da50764797c82bb9e02da8d544f31d1930b54c406,d0a943606390c1a44842840b10cfc48cedba93805fffa19de755c76ab49e3339,0.5999999999985448,2.9750000000000227,3.4000000000000057,0.4000000000000057,0.44999999999998863
2026-09-09,CE,2026-09-09T07:21:00+00:00,2026-09-09T07:19:55.373558+00:00,2026-09-09T07:20:55.474506+00:00,60.100948,NIFTY|2026-09-15|23550|CE,9bf502c70bfa9d2e3215a46a31b4f7bad41569afdfa6c6d28125487a0538e17d,847a5e81b262109047989433386d02609a53b45de1b3c038bc6ceb25432c509b,-2.0499999999992724,0.825000000000017,0.9000000000000057,0.30000000000001137,0.3499999999999943
2026-09-09,CE,2026-09-09T07:23:00+00:00,2026-09-09T07:21:55.386427+00:00,2026-09-09T07:22:55.387116+00:00,60.000689,NIFTY|2026-09-15|23550|CE,2d2459af98ef40d80709f190f09fbbed7d61ef9ff6d1f009ea975e74e8a159dd,698cc0a8528b093e441b1e152929691d755709186f8909caedd9082d19c78ceb,4.100000000002183,1.4750000000000227,1.3499999999999943,0.30000000000001137,0.3499999999999943
2026-09-09,CE,2026-09-09T07:25:00+00:00,2026-09-09T07:23:55.352085+00:00,2026-09-09T07:24:55.425021+00:00,60.072936,NIFTY|2026-09-15|23550|CE,13bb15a39f05c1089ef6e60efa35059b56d77a4a74c796a993e2becbd2146dc4,21c5b723871ca16c2af1f9c753c820ab54380e155b6c02e937ec9bdc97511781,-4.700000000000728,-3.9750000000000227,-3.5999999999999943,0.39999999999997726,0.3499999999999943
2026-09-09,CE,2026-09-09T07:27:00+00:00,2026-09-09T07:25:55.348244+00:00,2026-09-09T07:26:55.377639+00:00,60.029395,NIFTY|2026-09-15|23550|CE,1f04455a3f8f785a5e97202b7a2c6920f9de91f61db8a5ab36b67f9e57539b13,f26f5aa6a082d3952184ab2f549147f2256077bf4d428a60405e2c3922e496fc,10.850000000002183,7.925000000000011,7.450000000000017,0.35000000000002274,0.09999999999999432
2026-09-09,CE,2026-09-09T07:28:00+00:00,2026-09-09T07:26:55.377639+00:00,2026-09-09T07:27:55.451409+00:00,60.07377,NIFTY|2026-09-15|23550|CE,f26f5aa6a082d3952184ab2f549147f2256077bf4d428a60405e2c3922e496fc,c34e7925cb84d4ddb1eb80999dffcabf2e1e3f2fe7c8cb7a2532e831c6d22d03,1.7999999999992724,0.44999999999998863,1.0999999999999943,0.09999999999999432,0.30000000000001137
2026-09-09,CE,2026-09-09T07:30:00+00:00,2026-09-09T07:28:55.371477+00:00,2026-09-09T07:29:55.391638+00:00,60.020161,NIFTY|2026-09-15|23550|CE,4430bd4bb1b0d916ef56e822d332b64a909384717f642b729e0d2280c2c093d6,7fd3a0a7c4bc2e11ff8f01a55e19f7180ceace11d94cfaf418812b36639083a3,2.7999999999992724,2.400000000000034,1.75,0.4000000000000057,0.4000000000000057
2026-09-09,CE,2026-09-09T07:32:00+00:00,2026-09-09T07:30:55.375077+00:00,2026-09-09T07:31:55.379983+00:00,60.004906,NIFTY|2026-09-15|23550|CE,eafcadcb2a446d99f65ce31ccec009c2293f0f4db4ecdf3c858d7dca89ae8d81,aee491aa16c67ead2be76905dfd63015216b0230c7565d02adcc1a16b174c6d7,-4.05000000000291,-3.75,-3.5,0.4000000000000057,0.09999999999999432
2026-09-09,CE,2026-09-09T07:34:00+00:00,2026-09-09T07:32:50.385506+00:00,2026-09-09T07:33:55.348158+00:00,64.962652,NIFTY|2026-09-15|23550|CE,27abf1c803deaac84fb52d5e3f87aa8f66971e80a6bb17ca4394e04899fe732d,d31e7e5af467805475e171eb34aa0aa88bd43f389694ba7a9275fa28771e8bca,2.5499999999992724,0.14999999999997726,0.15000000000000568,0.3499999999999943,0.3499999999999943
2026-09-09,CE,2026-09-09T07:35:00+00:00,2026-09-09T07:33:55.348158+00:00,2026-09-09T07:34:55.382239+00:00,60.034081,NIFTY|2026-09-15|23550|CE,d31e7e5af467805475e171eb34aa0aa88bd43f389694ba7a9275fa28771e8bca,d5a08cdbdb39bb805c89a790a9e323b5f1ebca390a3296683f391d95ef78e9a1,-1.3499999999985448,0.07499999999998863,-0.35000000000002274,0.3499999999999943,0.4000000000000057
2026-09-09,CE,2026-09-09T07:36:00+00:00,2026-09-09T07:34:55.382239+00:00,2026-09-09T07:35:55.500376+00:00,60.118137,NIFTY|2026-09-15|23550|CE,d5a08cdbdb39bb805c89a790a9e323b5f1ebca390a3296683f391d95ef78e9a1,2c47dcdf66feed7f6fc4378ee095e8c6f7ceadc3b58feababf1518266f398c2e,1.0,-1.125,-0.6999999999999886,0.4000000000000057,0.3499999999999943
2026-09-09,CE,2026-09-09T07:38:00+00:00,2026-09-09T07:36:55.381649+00:00,2026-09-09T07:37:55.493226+00:00,60.111577,NIFTY|2026-09-15|23550|CE,5954d98ad2f81863d7c26cf2ff58a7ee0640a689d00b9cb0f94657cd4256beb7,b42b2965044e72e5fce28fcaa30560a992270b8f900a7dc5d4dfd9f8a6a5fb9a,4.200000000000728,2.7749999999999773,2.5,0.3499999999999943,0.39999999999997726
2026-09-09,CE,2026-09-09T07:41:00+00:00,2026-09-09T07:39:50.376394+00:00,2026-09-09T07:40:55.351935+00:00,64.975541,NIFTY|2026-09-15|23550|CE,32180c6ca149311fd56458a5ea779f551a325a8709b69d1bd5dc7ba2ea128bf4,d19007ca8c1056d4cfd1488cefa51a3a270f2fb4b5038f32f382da2909d1c165,-4.25,-2.9749999999999943,-3.1999999999999886,0.30000000000001137,0.25
2026-09-09,CE,2026-09-09T07:43:00+00:00,2026-09-09T07:41:55.333284+00:00,2026-09-09T07:42:55.364444+00:00,60.03116,NIFTY|2026-09-15|23550|CE,e26e663d4d879a45f0a4db54cca0965fa8fdb48d88a7de818cc955ca0cefab7d,9bd2f29598081f01a31e8cd591d3781c8ec198d6a2c46413c3861032c672c992,-4.799999999999272,-1.6499999999999773,-1.1000000000000227,0.3499999999999943,0.35000000000002274
2026-09-09,CE,2026-09-09T07:44:00+00:00,2026-09-09T07:42:55.364444+00:00,2026-09-09T07:43:55.413011+00:00,60.048567,NIFTY|2026-09-15|23550|CE,9bd2f29598081f01a31e8cd591d3781c8ec198d6a2c46413c3861032c672c992,90db49c3c39d99446196684a19f46b05ae573018fc24106371e28f54a92e1580,-1.3999999999978172,-0.35000000000002274,-0.29999999999998295,0.35000000000002274,0.3499999999999943
2026-09-09,CE,2026-09-09T07:46:00+00:00,2026-09-09T07:44:55.352470+00:00,2026-09-09T07:45:55.407739+00:00,60.055269,NIFTY|2026-09-15|23550|CE,db669cb77d89b3809a24a3914c403ad634788c92514c4f251e0e9aad6b25fea5,2286be8da8ae0c00472cd667a11bff6b36073fcc1e34c10b9f719a9713e05c63,-1.2999999999992724,-1.75,-1.75,0.19999999999998863,0.19999999999998863
2026-09-09,CE,2026-09-09T07:48:00+00:00,2026-09-09T07:46:50.379447+00:00,2026-09-09T07:47:55.348015+00:00,64.968568,NIFTY|2026-09-15|23550|CE,df4009b726eb65e6c62b8bd2e8fc3bec03dadaeaeb6102fe630a6081998d5ccf,141d8d76f3c8aa4a2b6fa0350a62a65f97d306c7850e19de609970016626d354,-4.650000000001455,-1.900000000000034,-1.75,0.25,0.3499999999999943
2026-09-09,CE,2026-09-09T07:49:00+00:00,2026-09-09T07:47:55.348015+00:00,2026-09-09T07:48:55.467021+00:00,60.119006,NIFTY|2026-09-15|23550|CE,141d8d76f3c8aa4a2b6fa0350a62a65f97d306c7850e19de609970016626d354,518510fbb3b701c36d125b555ee3b738893b537573ed1c188f861d068bcece76,4.5,0.05000000000001137,0.0,0.3499999999999943,0.3499999999999943
2026-09-09,CE,2026-09-09T07:51:00+00:00,2026-09-09T07:49:55.339203+00:00,2026-09-09T07:50:55.391146+00:00,60.051943,NIFTY|2026-09-15|23550|CE,497c2322427bd3f2fd7a5c7d2fbfde9ab19f5be0d9c096aa1082863abb6c1d92,adb7ba8d6719ca809de9e5ee614a9ecc2957b2f3817a8c593d5957cf612d78e0,-0.6500000000014552,0.2750000000000057,0.5,0.35000000000002274,0.30000000000001137
2026-09-09,CE,2026-09-09T07:54:00+00:00,2026-09-09T07:52:55.375313+00:00,2026-09-09T07:53:55.376125+00:00,60.000812,NIFTY|2026-09-15|23550|CE,2f33b4a14aca006b4a69021229ea1e62dbe27b120d49ffc7b7fd0dd97785c8cd,4f27e9503e3bf803c0a4243cff882882c6f70baeb101c2f01025f5a0f274fffb,-0.3499999999985448,-1.25,-1.9499999999999886,0.30000000000001137,0.30000000000001137
2026-09-09,CE,2026-09-09T07:57:00+00:00,2026-09-09T07:55:55.363181+00:00,2026-09-09T07:56:55.395977+00:00,60.032796,NIFTY|2026-09-15|23550|CE,5f3bf4d4dc792162926667a8dd585b49d7446b92fa7aa4d5e91acea8e50913c7,03a5bd1e3490b3a008a42f225359d6b72af4a4836fbbd5b383d48d69c9cfddfa,2.5499999999992724,0.04999999999998295,0.3499999999999943,0.25,0.15000000000000568
2026-09-09,CE,2026-09-09T07:59:00+00:00,2026-09-09T07:57:55.385371+00:00,2026-09-09T07:58:55.651329+00:00,60.265958,NIFTY|2026-09-15|23550|CE,cf7de13c6f43a4e5bdbf2ad9fc8d9b32f817a6c9bcf630ec3956784202120076,d6b6ee2ca727a4ff42e45c04e18f83f453287fefa4e80fe021742abec31db918,-2.4500000000007276,0.4749999999999659,0.8499999999999943,0.4000000000000057,0.3499999999999943
2026-09-09,CE,2026-09-09T08:01:00+00:00,2026-09-09T07:59:55.374451+00:00,2026-09-09T08:00:55.496014+00:00,60.121563,NIFTY|2026-09-15|23550|CE,ce1345b586eb64e854b795b1c47b16020b1d5df0e94b245290fa53a6acfff4d3,58418f26226ee46f12bc5109f800fe693469d2af6cbf40f496994b848959c7c8,-2.5499999999992724,-0.5500000000000114,-0.8499999999999943,0.3499999999999943,0.3499999999999943
2026-09-09,CE,2026-09-09T08:04:00+00:00,2026-09-09T08:02:50.370777+00:00,2026-09-09T08:03:55.336242+00:00,64.965465,NIFTY|2026-09-15|23550|CE,3de648ec652345f170e80bb9397373be0689b31a415c0391ccf4d6614fd23e6f,541e90511eafb7fee6099759dd1ce00ac9551c5ee28dfa4a89da98f2f28d41d7,-8.399999999997817,-4.224999999999966,-4.350000000000023,0.3499999999999943,0.4000000000000057
2026-09-09,CE,2026-09-09T08:05:00+00:00,2026-09-09T08:03:55.336242+00:00,2026-09-09T08:04:55.378524+00:00,60.042282,NIFTY|2026-09-15|23550|CE,541e90511eafb7fee6099759dd1ce00ac9551c5ee28dfa4a89da98f2f28d41d7,166700ca1d9ae069352d01e52641cd9c8ce0002603a44daf3cf33a8a636caa25,-4.650000000001455,1.5249999999999773,1.75,0.4000000000000057,0.25
2026-09-09,CE,2026-09-09T08:06:00+00:00,2026-09-09T08:04:55.378524+00:00,2026-09-09T08:05:55.384896+00:00,60.006372,NIFTY|2026-09-15|23550|CE,166700ca1d9ae069352d01e52641cd9c8ce0002603a44daf3cf33a8a636caa25,07e3bd4d82691d150ff3b8e6408944a2ee6d69fed9636bebaf6f051c53cc917b,1.7999999999992724,0.30000000000001137,0.5,0.25,0.35000000000002274
2026-09-09,CE,2026-09-09T08:07:00+00:00,2026-09-09T08:05:55.384896+00:00,2026-09-09T08:06:55.414571+00:00,60.029675,NIFTY|2026-09-15|23550|CE,07e3bd4d82691d150ff3b8e6408944a2ee6d69fed9636bebaf6f051c53cc917b,30d60bc9ac040b95c5f3797943e611bbd1b520b285501d2013ca8007884b634b,0.8500000000021828,-0.6000000000000227,-0.5,0.35000000000002274,0.3499999999999943
2026-09-09,CE,2026-09-09T08:09:00+00:00,2026-09-09T08:07:55.383375+00:00,2026-09-09T08:08:55.384424+00:00,60.001049,NIFTY|2026-09-15|23550|CE,079b545892c38a5e6cdd8960d2772f92126bc8deb206d86907ec2c8e63043365,fdca04f7e85c69370e9b1899e88c3b825b595eb8c3d496c380a85a574564530b,5.799999999999272,1.3999999999999773,1.8499999999999943,0.4000000000000057,0.30000000000001137
2026-09-09,CE,2026-09-09T08:11:00+00:00,2026-09-09T08:09:50.366453+00:00,2026-09-09T08:10:55.332571+00:00,64.966118,NIFTY|2026-09-15|23550|CE,fd710f9ebb2da20f32dabab0178ccc600e5845d3f454e045d54c2ca01360dfd3,f098aad8d4bbbe869b7cca6815eba8944907195a70b1f0321826853f5ee39f6a,-2.5,-1.9499999999999886,-2.1999999999999886,0.25,0.35000000000002274
2026-09-09,CE,2026-09-09T08:12:00+00:00,2026-09-09T08:10:55.332571+00:00,2026-09-09T08:11:55.388625+00:00,60.056054,NIFTY|2026-09-15|23550|CE,f098aad8d4bbbe869b7cca6815eba8944907195a70b1f0321826853f5ee39f6a,d810e89ea78b213edee4da754b5e30ff6b522e77f7686a1cc4a454b6e4923cf1,2.650000000001455,2.9750000000000227,3.4000000000000057,0.35000000000002274,0.4000000000000057
2026-09-09,CE,2026-09-09T08:14:00+00:00,2026-09-09T08:12:55.381170+00:00,2026-09-09T08:13:55.503167+00:00,60.121997,NIFTY|2026-09-15|23550|CE,74e41f61a267e0ffbfd598d566edc30d1c30bd623af5ca41414608a07bb74e36,3c3ed05a9710cec1fc25ac2e914e5d5eab41ac6becc62fdbc8af0fe2a63ad63d,0.1500000000014552,-0.27499999999997726,-0.10000000000002274,0.14999999999997726,0.4000000000000057
2026-09-09,CE,2026-09-09T08:16:00+00:00,2026-09-09T08:14:50.395855+00:00,2026-09-09T08:15:55.331879+00:00,64.936024,NIFTY|2026-09-15|23550|CE,8765b24a294acf3b1de1608bbbae2d9bb4fbd1303d04966caa11897a949f7886,cd03938d23350d79d48d96bf6a92c66b38cfd8f08b6688cd50b72cb91fcea9c0,-0.5,-1.5,-2.0,0.3499999999999943,0.3499999999999943
2026-09-09,CE,2026-09-09T08:17:00+00:00,2026-09-09T08:15:55.331879+00:00,2026-09-09T08:16:55.385076+00:00,60.053197,NIFTY|2026-09-15|23550|CE,cd03938d23350d79d48d96bf6a92c66b38cfd8f08b6688cd50b72cb91fcea9c0,d04084dfed8869d698ef1a2107aa696b2efd2c03a99f3ee100a27d763d430c3c,-2.9500000000007276,-2.5750000000000455,-2.200000000000017,0.3499999999999943,0.09999999999999432
2026-09-09,CE,2026-09-09T08:19:00+00:00,2026-09-09T08:17:55.336633+00:00,2026-09-09T08:18:55.370488+00:00,60.033855,NIFTY|2026-09-15|23550|CE,5b3bc53c44a14be2ecf332f2dbe1f3558c515fa464de51f11891c7b9ffb57bfb,7526c36de5ca87b4638bd6193b97742d7fd315621f077cc0a0195127ed07967f,-2.8000000000029104,-2.25,-2.5,0.35000000000002274,0.35000000000002274
2026-09-09,CE,2026-09-09T08:21:00+00:00,2026-09-09T08:19:55.348189+00:00,2026-09-09T08:20:55.792379+00:00,60.44419,NIFTY|2026-09-15|23550|CE,4b7ed85b9de95c66fe2acc192928b8f021adb76e981ea77e36f78549c822f1c7,b4c8d09cd452aaee4e7648667b5f9a511a0f5e810cae08223d5dccf5c4a5e5f7,2.7000000000007276,0.47500000000002274,1.0500000000000114,0.30000000000001137,0.3499999999999943
2026-09-09,CE,2026-09-09T08:23:00+00:00,2026-09-09T08:21:50.733478+00:00,2026-09-09T08:22:55.492575+00:00,64.759097,NIFTY|2026-09-15|23550|CE,6a03d01cdd713364238586d23e45a27f978b56f5f9d08bf5e20c3bc79229fde8,767d19638b6856023c9192c59be32f8e3729ba013f79a8a96b49e0d2403cb355,-0.4000000000014552,0.6000000000000227,0.75,0.3499999999999943,0.35000000000002274
2026-09-09,CE,2026-09-09T08:24:00+00:00,2026-09-09T08:22:55.492575+00:00,2026-09-09T08:23:55.671484+00:00,60.178909,NIFTY|2026-09-15|23550|CE,767d19638b6856023c9192c59be32f8e3729ba013f79a8a96b49e0d2403cb355,34df85697bf9e820d1f5edd794d6a1d2d941420dbe7e93ae9c81761227ee42d2,-0.09999999999854481,-1.75,-2.0,0.35000000000002274,0.35000000000002274
2026-09-09,CE,2026-09-09T08:25:00+00:00,2026-09-09T08:23:55.671484+00:00,2026-09-09T08:24:55.773948+00:00,60.102464,NIFTY|2026-09-15|23550|CE,34df85697bf9e820d1f5edd794d6a1d2d941420dbe7e93ae9c81761227ee42d2,a855cbad633864b56ad98208a33a906c806bea3e4b483df82be87480f1d319d8,-10.5,-6.425000000000011,-6.199999999999989,0.35000000000002274,0.4000000000000057
2026-09-09,CE,2026-09-09T08:27:00+00:00,2026-09-09T08:25:50.820922+00:00,2026-09-09T08:26:55.376800+00:00,64.555878,NIFTY|2026-09-15|23550|CE,25b93eefa35089b977e28945eb544672f20fe0f830333b4daa6970433753e15c,b8ab5d2ae2652c8c343bdbc308d83fd42b8175e42a55434b3125d4c63b5508b7,-4.099999999998545,0.5250000000000057,0.6499999999999773,0.35000000000002274,0.30000000000001137
2026-09-09,CE,2026-09-09T08:29:00+00:00,2026-09-09T08:27:55.344634+00:00,2026-09-09T08:28:55.475925+00:00,60.131291,NIFTY|2026-09-15|23550|CE,b90a9852aec7af68f59bfa05a98c7cf1046dd2f8d43d215883a244bd2e54bbe3,2af9a7b2f7bfe34011176f7a25b4f941993969ad2910d0dade05774e48fd1266,4.150000000001455,2.474999999999966,2.1500000000000057,0.20000000000001705,0.3499999999999943
2026-09-09,CE,2026-09-09T08:30:00+00:00,2026-09-09T08:28:55.475925+00:00,2026-09-09T08:29:55.479754+00:00,60.003829,NIFTY|2026-09-15|23550|CE,2af9a7b2f7bfe34011176f7a25b4f941993969ad2910d0dade05774e48fd1266,e0ba553992fd6068bc85aa603a2aaee4fcb8df237dfe3f26634868496ef8352d,6.349999999998545,4.425000000000011,4.399999999999977,0.3499999999999943,0.4000000000000057
2026-09-09,CE,2026-09-09T08:32:00+00:00,2026-09-09T08:30:50.501181+00:00,2026-09-09T08:31:55.376243+00:00,64.875062,NIFTY|2026-09-15|23550|CE,53a3cc1d077d7012bb6289426f9cb95e3e5d0feb36d54011ace3ab63d05d8bc2,ea786403789b603e840f5793207fe1a253468afc6a062b8a23f3a6cacbd863e1,4.549999999999272,6.200000000000017,5.650000000000006,0.30000000000001137,0.4000000000000057
2026-09-09,CE,2026-09-09T08:34:00+00:00,2026-09-09T08:32:55.352444+00:00,2026-09-09T08:33:55.358183+00:00,60.005739,NIFTY|2026-09-15|23550|CE,c0f2bf9524d943b7bf432dd6c8b263ab8bb66fae497896fb897778552e8f5aa4,e35889d7ba241d530dcdd1b96959d5b948dbd627bb9117661953be0dc139395b,-4.399999999997817,-3.6999999999999886,-3.9499999999999886,0.4000000000000057,0.39999999999997726
2026-09-09,CE,2026-09-09T08:35:00+00:00,2026-09-09T08:33:55.358183+00:00,2026-09-09T08:34:55.385478+00:00,60.027295,NIFTY|2026-09-15|23550|CE,e35889d7ba241d530dcdd1b96959d5b948dbd627bb9117661953be0dc139395b,ee7447a1b668b4615369176e1df8c451b8c3cfe888de9f264b17d6f108148b30,-1.9000000000014552,-0.32499999999998863,-0.30000000000001137,0.39999999999997726,0.3499999999999943
2026-09-09,CE,2026-09-09T08:36:00+00:00,2026-09-09T08:34:55.385478+00:00,2026-09-09T08:35:55.401642+00:00,60.016164,NIFTY|2026-09-15|23550|CE,ee7447a1b668b4615369176e1df8c451b8c3cfe888de9f264b17d6f108148b30,4c0c67abbf998148a8f54a3d579990ece67dd6ac796690b1ceae8e37599df605,5.950000000000728,-0.10000000000002274,-0.15000000000000568,0.3499999999999943,0.3499999999999943
2026-09-09,CE,2026-09-09T08:38:00+00:00,2026-09-09T08:36:50.397558+00:00,2026-09-09T08:37:55.323138+00:00,64.92558,NIFTY|2026-09-15|23550|CE,e7f662de32cd78785275c489ed9706471eeee4124934445f36615d6145aa6fe9,563933e83cb99065a0ed64018c42f2a3b312746f6ea5a56d50ab05e918bd8f0c,-4.0,-2.1499999999999773,-2.4499999999999886,0.30000000000001137,0.4000000000000057
2026-09-09,CE,2026-09-09T08:39:00+00:00,2026-09-09T08:37:55.323138+00:00,2026-09-09T08:38:55.382421+00:00,60.059283,NIFTY|2026-09-15|23550|CE,563933e83cb99065a0ed64018c42f2a3b312746f6ea5a56d50ab05e918bd8f0c,120fae6b62fd140b398549b4d5eaae91771d3c6cc546d08c3b8bda3e7c6bf981,-1.3499999999985448,-2.2500000000000284,-2.25,0.4000000000000057,0.30000000000001137
2026-09-09,CE,2026-09-09T08:40:00+00:00,2026-09-09T08:38:55.382421+00:00,2026-09-09T08:39:55.505886+00:00,60.123465,NIFTY|2026-09-15|23550|CE,120fae6b62fd140b398549b4d5eaae91771d3c6cc546d08c3b8bda3e7c6bf981,d13116164d357d8f1aa2f3c49a4481ccea28270e6fdb36b1722fa317c135a2a7,-2.849999999998545,-3.299999999999983,-3.1999999999999886,0.30000000000001137,0.4000000000000057
2026-09-09,CE,2026-09-09T08:41:00+00:00,2026-09-09T08:39:55.505886+00:00,2026-09-09T08:40:55.745158+00:00,60.239272,NIFTY|2026-09-15|23550|CE,d13116164d357d8f1aa2f3c49a4481ccea28270e6fdb36b1722fa317c135a2a7,699bd816108a86d7b1774e0f80921442f2d33d6cfe3021ccfb972dda9d1aa036,-5.950000000000728,-1.8000000000000114,-2.3000000000000114,0.4000000000000057,0.39999999999997726
2026-09-09,CE,2026-09-09T08:42:00+00:00,2026-09-09T08:40:55.745158+00:00,2026-09-09T08:41:55.754608+00:00,60.00945,NIFTY|2026-09-15|23550|CE,699bd816108a86d7b1774e0f80921442f2d33d6cfe3021ccfb972dda9d1aa036,5f933151bd4a677cc8150aa450777ac4569ac5c2db63f9fcd26b78502b39a933,3.5499999999992724,4.125,4.5,0.39999999999997726,0.35000000000002274
2026-09-09,CE,2026-09-09T08:44:00+00:00,2026-09-09T08:42:50.347601+00:00,2026-09-09T08:43:55.333044+00:00,64.985443,NIFTY|2026-09-15|23550|CE,bb2ec9a35b32cf46f0403dedc7153bbf421a396216649660d7827e11dc862411,c006a87c9e0e873a715a23fbc57fd25152017b601cf45ab369e5ff02dd07c3d2,-9.099999999998545,-5.899999999999977,-6.099999999999994,0.09999999999999432,0.29999999999998295
2026-09-09,CE,2026-09-09T08:45:00+00:00,2026-09-09T08:43:55.333044+00:00,2026-09-09T08:44:55.377752+00:00,60.044708,NIFTY|2026-09-15|23550|CE,c006a87c9e0e873a715a23fbc57fd25152017b601cf45ab369e5ff02dd07c3d2,74c2421310aab897d6728b1bf1c101c8f0419d7038e9b10610728fcf0240d9f6,3.4499999999970896,0.6499999999999773,0.9000000000000057,0.29999999999998295,0.4000000000000057
2026-09-09,CE,2026-09-09T08:46:00+00:00,2026-09-09T08:44:55.377752+00:00,2026-09-09T08:45:55.450785+00:00,60.073033,NIFTY|2026-09-15|23550|CE,74c2421310aab897d6728b1bf1c101c8f0419d7038e9b10610728fcf0240d9f6,f24545e1385078f4ad3b5bd684a5a50391253356142df7190bb4fbdf650d95d8,-1.1499999999978172,-0.8249999999999886,-0.8500000000000227,0.4000000000000057,0.25
2026-09-09,CE,2026-09-09T08:48:00+00:00,2026-09-09T08:46:50.370292+00:00,2026-09-09T08:47:55.342623+00:00,64.972331,NIFTY|2026-09-15|23550|CE,7918f33d69461cbdadb5ec28748c226a25a50823c31be9e994174b8ab0b2e3e7,83c320b58200d027ec9bc6e4579361a21b5140663f85b16b44f22770319b3f6b,1.1500000000014552,3.375,2.799999999999983,0.25,0.30000000000001137
2026-09-09,CE,2026-09-09T08:49:00+00:00,2026-09-09T08:47:55.342623+00:00,2026-09-09T08:48:55.528638+00:00,60.186015,NIFTY|2026-09-15|23550|CE,83c320b58200d027ec9bc6e4579361a21b5140663f85b16b44f22770319b3f6b,f18d53468f56fdab247bf6a52dc777821b72720beae56e7839ed50c708d1c348,-1.5999999999985448,-0.125,0.09999999999999432,0.30000000000001137,0.35000000000002274
2026-09-09,CE,2026-09-09T08:50:00+00:00,2026-09-09T08:48:55.528638+00:00,2026-09-09T08:49:55.620854+00:00,60.092216,NIFTY|2026-09-15|23550|CE,f18d53468f56fdab247bf6a52dc777821b72720beae56e7839ed50c708d1c348,1533b88039ee07510d3afeadc58f5368c4f9667c021883d809244d0f741ddb8a,1.5499999999992724,-0.19999999999998863,-0.14999999999997726,0.35000000000002274,0.25
2026-09-09,CE,2026-09-09T08:52:00+00:00,2026-09-09T08:50:55.348309+00:00,2026-09-09T08:51:55.383454+00:00,60.035145,NIFTY|2026-09-15|23550|CE,94152e767f58d8787b45a84df50d37dc1c833b59f4b06b53533c4e9fba3a194c,a3650ee13a4e7e836b74a552a09f330396f004a7c0ac20da4f53b3ed4ca30514,3.7999999999992724,2.275000000000034,2.5,0.3499999999999943,0.29999999999998295
2026-09-09,CE,2026-09-09T08:55:00+00:00,2026-09-09T08:53:55.350071+00:00,2026-09-09T08:54:55.395565+00:00,60.045494,NIFTY|2026-09-15|23550|CE,159feccd6648766c785cd63ca633da2e438deccfb2847acabae3b8ec8166815f,117bb03b84e98daa4397d3674811ba1a53ee5f3faa90392272cec28df6e0b74c,-3.25,0.35000000000002274,0.4000000000000057,0.4000000000000057,0.19999999999998863
2026-09-09,CE,2026-09-09T08:57:00+00:00,2026-09-09T08:55:50.388190+00:00,2026-09-09T08:56:55.376960+00:00,64.98877,NIFTY|2026-09-15|23550|CE,1431d34a78ced1e3ef912a149a38b34d2e31df74e0f357b923b73059465897e9,560c846cec62e102d118fbe25df9bfce80607af41712b91d31d11278788da82d,1.3499999999985448,0.2750000000000057,0.44999999999998863,0.30000000000001137,0.3499999999999943
2026-09-09,CE,2026-09-09T08:59:00+00:00,2026-09-09T08:57:55.346620+00:00,2026-09-09T08:58:55.347682+00:00,60.001062,NIFTY|2026-09-15|23550|CE,656c1b7cce342b739fb19097da0a1b603b751b4e1d6f9ce089cbe5cc514c7887,6f0db169e51cbd19b30430bd84d2a9004760be1d83875f3d0a853e8a24096a74,2.2000000000007276,3.575000000000017,3.9499999999999886,0.4000000000000057,0.25
2026-09-09,CE,2026-09-09T09:00:00+00:00,2026-09-09T08:58:55.347682+00:00,2026-09-09T08:59:55.380376+00:00,60.032694,NIFTY|2026-09-15|23550|CE,6f0db169e51cbd19b30430bd84d2a9004760be1d83875f3d0a853e8a24096a74,49cecc71e422164715816e2a510b27e2d568b3ae843107163e2dda87e7906fae,-2.600000000002183,-2.2249999999999943,-2.5999999999999943,0.25,0.30000000000001137
2026-09-09,CE,2026-09-09T09:02:00+00:00,2026-09-09T09:00:50.354681+00:00,2026-09-09T09:01:55.326463+00:00,64.971782,NIFTY|2026-09-15|23550|CE,aa6aaa2c24889c8eac47d655a9e3ca66b5d08f44eea2a9e1628753b193164f9e,5b2e42942d042a344781b48b01de75f8c33c495e957bb0ca73de9e9a73921699,-3.149999999997817,-0.6250000000000284,-0.5,0.30000000000001137,0.3499999999999943
2026-09-09,CE,2026-09-09T09:05:00+00:00,2026-09-09T09:03:55.381318+00:00,2026-09-09T09:04:55.398091+00:00,60.016773,NIFTY|2026-09-15|23500|CE,09c041ea53fefa71620892f0c28d2e9414df83cec70f685a829050c93c6f7e48,0352f791cda04150ca3247c79bacc270133bd59de10e6c75739afa6cbe6ac284,-5.049999999999272,-1.625,-1.6500000000000057,0.3499999999999943,0.29999999999998295
2026-09-09,CE,2026-09-09T09:07:00+00:00,2026-09-09T09:05:55.328032+00:00,2026-09-09T09:06:55.338704+00:00,60.010672,NIFTY|2026-09-15|23500|CE,69016dc4f8f9f1f36ede3eee48678dfb9ea2a6dbf6735393172688296613926c,0c4c26f79aa49abef0bc286bc7f2893daecd2624542d773c02740ece960e8199,-3.1999999999970896,-2.275000000000034,-2.4499999999999886,0.3499999999999943,0.4000000000000057
2026-09-09,CE,2026-09-09T09:08:00+00:00,2026-09-09T09:06:55.338704+00:00,2026-09-09T09:07:55.388679+00:00,60.049975,NIFTY|2026-09-15|23500|CE,0c4c26f79aa49abef0bc286bc7f2893daecd2624542d773c02740ece960e8199,36bb06e64f09f0940a76610be3a42bf7fadff07d11e8e6e417c0296d24fbc1c6,-8.30000000000291,-2.5,-2.0999999999999943,0.4000000000000057,0.29999999999998295
2026-09-09,CE,2026-09-09T09:09:00+00:00,2026-09-09T09:07:55.388679+00:00,2026-09-09T09:08:55.479237+00:00,60.090558,NIFTY|2026-09-15|23500|CE,36bb06e64f09f0940a76610be3a42bf7fadff07d11e8e6e417c0296d24fbc1c6,d37daadde138899437735989bfc3c52ae6858b6ade73f1f5f65ee37045c5c3b3,-4.44999999999709,-1.7249999999999943,-2.5,0.29999999999998295,0.05000000000001137
2026-09-09,CE,2026-09-09T09:11:00+00:00,2026-09-09T09:09:55.339016+00:00,2026-09-09T09:10:55.371814+00:00,60.032798,NIFTY|2026-09-15|23500|CE,e4dfcefbeae9f48b781c3b44cb1b8f220eeb60de4406295843ea0405d5059412,14e4a49961794a04accf5ce864b7110a607f799a1b38824011ca84136f8d40ad,-2.9500000000007276,-4.400000000000006,-4.349999999999994,0.15000000000000568,0.25
2026-09-09,CE,2026-09-09T09:12:00+00:00,2026-09-09T09:10:55.371814+00:00,2026-09-09T09:11:55.372927+00:00,60.001113,NIFTY|2026-09-15|23500|CE,14e4a49961794a04accf5ce864b7110a607f799a1b38824011ca84136f8d40ad,ec799ab3df8014e642dc321bc8e3cb0bf9a7ad24e665c6f034ef30b9da8c60d2,2.7000000000007276,2.9999999999999716,3.049999999999983,0.25,0.3499999999999943
2026-09-09,CE,2026-09-09T09:13:00+00:00,2026-09-09T09:11:55.372927+00:00,2026-09-09T09:12:55.388200+00:00,60.015273,NIFTY|2026-09-15|23500|CE,ec799ab3df8014e642dc321bc8e3cb0bf9a7ad24e665c6f034ef30b9da8c60d2,1a9cd43801499aa72b1a0dcdd1186b73251889e5e68cdb352a02500fbfed7ca2,-4.349999999998545,-0.27499999999997726,-0.29999999999998295,0.3499999999999943,0.19999999999998863
2026-09-09,CE,2026-09-09T09:15:00+00:00,2026-09-09T09:13:55.375889+00:00,2026-09-09T09:14:55.390664+00:00,60.014775,NIFTY|2026-09-15|23500|CE,9a749c3fd204a358a1a487261d9f5ca269534018b9e6b61a3a78588e8f0c3845,43787aa056d7cdb3e3e6f4302db56a8e0628021eb7f46ceef8ee3a688e188223,-3.149999999997817,-1.1250000000000284,-1.450000000000017,0.30000000000001137,0.3499999999999943
2026-09-09,CE,2026-09-09T09:17:00+00:00,2026-09-09T09:15:55.350283+00:00,2026-09-09T09:16:55.379556+00:00,60.029273,NIFTY|2026-09-15|23500|CE,8d73bf453ae59b6d8bddeaa7e178a3d0b37483074bc0e7562b58af6aa690e71f,51fa5831f5a67da22b1fe3c1d3d884a84fa1b0cdd69d70c83666e962f0086055,2.850000000002183,1.150000000000034,1.6999999999999886,0.3499999999999943,0.3499999999999943
2026-09-09,CE,2026-09-09T09:19:00+00:00,2026-09-09T09:17:55.362107+00:00,2026-09-09T09:18:55.376759+00:00,60.014652,NIFTY|2026-09-15|23500|CE,8011e441626930e09009f5e03f10df88920e0a7106ce2b2d653f537104962b2b,406de7821daaf96c1eec6b53b1cc24ad440e71e3c28109b9a460a450b60ec337,-0.6500000000014552,-0.14999999999997726,0.09999999999999432,0.4000000000000057,0.29999999999998295
2026-09-09,CE,2026-09-09T09:21:00+00:00,2026-09-09T09:19:55.338406+00:00,2026-09-09T09:20:55.383796+00:00,60.04539,NIFTY|2026-09-15|23500|CE,024ca1d85c727a07916b5ff58868885f6140547ee97ea3e390b658f79b51c71c,5a073a45a99b1b09e3ac8db7ebcb3bd8d4fcf7bcb53d110aad17ceaf95cd6fef,3.100000000002183,1.174999999999983,1.0,0.3499999999999943,0.30000000000001137
2026-09-09,CE,2026-09-09T09:22:00+00:00,2026-09-09T09:20:55.383796+00:00,2026-09-09T09:21:55.387772+00:00,60.003976,NIFTY|2026-09-15|23500|CE,5a073a45a99b1b09e3ac8db7ebcb3bd8d4fcf7bcb53d110aad17ceaf95cd6fef,91e6ea12d3f2d5c17d65c75c63b484603e79f2af4343658490cfac377f52acad,-3.4500000000007276,-2.0250000000000057,-1.5500000000000114,0.30000000000001137,0.25
2026-09-09,CE,2026-09-09T09:24:00+00:00,2026-09-09T09:22:50.397319+00:00,2026-09-09T09:23:55.364509+00:00,64.96719,NIFTY|2026-09-15|23500|CE,0f8ea5081e88cbfcaf1412fb11cf258ba563088865e0b29226c7fa5bc0ceec81,336b232bb17d3849c5fadb4c4bacb24fdcd9677eb0786e1eb5a6ecb83e6525d9,3.5,1.275000000000034,1.0500000000000114,0.3499999999999943,0.4000000000000057
2026-09-09,CE,2026-09-09T09:25:00+00:00,2026-09-09T09:23:55.364509+00:00,2026-09-09T09:24:55.378682+00:00,60.014173,NIFTY|2026-09-15|23500|CE,336b232bb17d3849c5fadb4c4bacb24fdcd9677eb0786e1eb5a6ecb83e6525d9,90f1d6fecffea4a92da7fd84c5dbe6cfeb5d451f58643ea9b50e3e76777dc38d,-1.3499999999985448,-0.47500000000002274,-0.4000000000000057,0.4000000000000057,0.25
2026-09-09,CE,2026-09-09T09:27:00+00:00,2026-09-09T09:25:50.559785+00:00,2026-09-09T09:26:55.336701+00:00,64.776916,NIFTY|2026-09-15|23500|CE,07ec43c5597b58b80daba3a9f63ef5acb0e99143e5848026548be5f0a2b66ea3,6c4013464005238513084df3c2be3ada57e1ae94ce6229322c0a5aa45f2251d1,-6.150000000001455,-2.9750000000000227,-3.1000000000000227,0.4000000000000057,0.3499999999999943
2026-09-09,CE,2026-09-09T09:28:00+00:00,2026-09-09T09:26:55.336701+00:00,2026-09-09T09:27:55.633662+00:00,60.296961,NIFTY|2026-09-15|23500|CE,6c4013464005238513084df3c2be3ada57e1ae94ce6229322c0a5aa45f2251d1,3e74c9a43afe7ee9a7a5d224ddcde1a71a3e9b0aafa776b1c9f9e54d69a804ce,4.25,1.950000000000017,1.9000000000000057,0.3499999999999943,0.25
2026-09-09,CE,2026-09-09T09:30:00+00:00,2026-09-09T09:28:55.372639+00:00,2026-09-09T09:29:55.379400+00:00,60.006761,NIFTY|2026-09-15|23500|CE,cbce6975ec48eb22271a19480a62bb6e53ef2d41e141573ea8897ca25d388ac4,52bb20ab40f42de8d59394d56429c023af03a955405b67c53cb529ed9086aeb7,0.1500000000014552,0.025000000000005684,-0.19999999999998863,0.30000000000001137,0.25
2026-09-09,CE,2026-09-09T09:31:00+00:00,2026-09-09T09:29:55.379400+00:00,2026-09-09T09:30:55.385595+00:00,60.006195,NIFTY|2026-09-15|23500|CE,52bb20ab40f42de8d59394d56429c023af03a955405b67c53cb529ed9086aeb7,f91ce7fbb528e381906f6eed3e6719adaffd911f70c4c885efd6eb91eed74f8c,-0.3000000000029104,-1.7749999999999773,-1.5500000000000114,0.25,0.4000000000000057
2026-09-09,CE,2026-09-09T09:32:00+00:00,2026-09-09T09:30:55.385595+00:00,2026-09-09T09:31:55.464151+00:00,60.078556,NIFTY|2026-09-15|23500|CE,f91ce7fbb528e381906f6eed3e6719adaffd911f70c4c885efd6eb91eed74f8c,fbf78af7c7a5a04c76e964206f1d8cd43043e4dacce1854ce1ea651915fc4807,-5.5,-3.150000000000034,-3.1999999999999886,0.4000000000000057,0.29999999999998295
2026-09-09,CE,2026-09-09T09:35:00+00:00,2026-09-09T09:33:55.358810+00:00,2026-09-09T09:34:55.409663+00:00,60.050853,NIFTY|2026-09-15|23450|CE,bc16dbc23bb8dced0931551cfae19c3d7ac15b9d2ffbf477d0f36c9f334464ba,a953582a33f02592e39a11ccbdb814f2cedc7f3fbc00bd4217b15d81b101be40,-5.649999999997817,-8.125,-8.099999999999994,0.29999999999998295,0.3499999999999943
2026-09-09,CE,2026-09-09T09:37:00+00:00,2026-09-09T09:35:55.384873+00:00,2026-09-09T09:36:55.392660+00:00,60.007787,NIFTY|2026-09-15|23450|CE,f1b4bae0e0e94b9a3b9b334ceb5ef8caed27ecc3b8a1ef4790755b3c63b301bd,71183ea3e58177005555904c0ec4afb72ea25858aa8a46962bb0422d615ae784,-2.7000000000007276,-3.6499999999999773,-3.6500000000000057,0.4000000000000057,0.20000000000001705
2026-09-09,CE,2026-09-09T09:39:00+00:00,2026-09-09T09:37:55.372615+00:00,2026-09-09T09:38:55.411930+00:00,60.039315,NIFTY|2026-09-15|23450|CE,9a3f9a1bcb00855a1457b5bf2304fb03c6bfecd3fcd22c335d8a42aa781475b3,90d99e32c2577f3c332c325bc5c8a5ab75efcb0c2cf7394b9f2f7fc0b941a45b,10.049999999999272,5.300000000000011,4.800000000000011,0.3499999999999943,0.45000000000001705
2026-09-09,CE,2026-09-09T09:41:00+00:00,2026-09-09T09:39:50.381803+00:00,2026-09-09T09:40:55.335918+00:00,64.954115,NIFTY|2026-09-15|23450|CE,ada4670faab4c4e4151b6dcc23c6d1b4c802c8515b482bffad969d215ea25886,58caa0508c7d371481dad221d0c36102ebf850035fc9683623df063ef7cf5272,2.7000000000007276,2.5,2.0,0.35000000000002274,0.25
2026-09-09,CE,2026-09-09T09:42:00+00:00,2026-09-09T09:40:55.335918+00:00,2026-09-09T09:41:55.401016+00:00,60.065098,NIFTY|2026-09-15|23450|CE,58caa0508c7d371481dad221d0c36102ebf850035fc9683623df063ef7cf5272,6adb67626c49bb208c2ed5e04655f6ea18d11837d5a74c919711c237ec4635ed,-4.0,-2.7749999999999773,-2.9000000000000057,0.25,0.4000000000000057
2026-09-09,CE,2026-09-09T09:44:00+00:00,2026-09-09T09:42:55.335460+00:00,2026-09-09T09:43:55.347238+00:00,60.011778,NIFTY|2026-09-15|23450|CE,f3b4b55fb037413d628ec0f99e9997ca09c0abb78895e4f901ece47e698aeae7,e19b310623a8ed330b8f9a53129d17eca723e5745540e2c334e1c9556ba36627,3.600000000002183,0.22499999999999432,1.5500000000000114,0.35000000000002274,0.19999999999998863
2026-09-09,CE,2026-09-09T09:45:00+00:00,2026-09-09T09:43:55.347238+00:00,2026-09-09T09:44:55.358553+00:00,60.011315,NIFTY|2026-09-15|23450|CE,e19b310623a8ed330b8f9a53129d17eca723e5745540e2c334e1c9556ba36627,d50d030cbd083cc248c339de593465d4c3d30bea56d204efce46072a1fb84ae3,-8.600000000002183,-1.4000000000000057,-1.3499999999999943,0.19999999999998863,0.4000000000000057
2026-09-09,CE,2026-09-09T09:46:00+00:00,2026-09-09T09:44:55.358553+00:00,2026-09-09T09:45:55.398329+00:00,60.039776,NIFTY|2026-09-15|23450|CE,d50d030cbd083cc248c339de593465d4c3d30bea56d204efce46072a1fb84ae3,36e3855de13e76afd17b83e4dd22757d5705dbf0d5f5b11e9a44ff2f0556ecf4,1.9000000000014552,-0.44999999999998863,-0.950000000000017,0.4000000000000057,0.39999999999997726
2026-09-09,CE,2026-09-09T09:48:00+00:00,2026-09-09T09:46:55.355128+00:00,2026-09-09T09:47:55.401237+00:00,60.046109,NIFTY|2026-09-15|23450|CE,d51f85097f260d868cffd167b7d055506b13221ba8a91b03c17b93268c12c4f7,3b50d53aa495dcfd545a0544cfc21f4ebf9ccd1421518a10f477b08a67f5b167,0.0,-1.4749999999999943,-1.3000000000000114,0.4000000000000057,0.05000000000001137
2026-09-09,CE,2026-09-09T09:53:00+00:00,2026-09-09T09:51:55.342423+00:00,2026-09-09T09:52:55.383553+00:00,60.04113,NIFTY|2026-09-15|23450|CE,87835d0dca2f06eb7903638822dc42a2d9a1334d9758c4fed3136b3d990a66a1,978f6aeda2b6f568f17f439d164dff27f44c2c38733ff0bcb433dac4ed6c3115,0.0,-1.6999999999999886,-1.5,0.19999999999998863,0.30000000000001137
2026-09-09,CE,2026-09-09T09:55:00+00:00,2026-09-09T09:53:55.344019+00:00,2026-09-09T09:54:55.349626+00:00,60.005607,NIFTY|2026-09-15|23450|CE,7c5cf34289004c388cf8555e16cb0528a09a4fc40ef65db3cfb91db3110dbb98,974a65143a17c17f7653efff2e4217a3cc834589a1e2fd897adb895aaba4d8db,0.0,2.9499999999999886,3.0,0.4000000000000057,0.39999999999997726
2026-09-09,CE,2026-09-09T09:56:00+00:00,2026-09-09T09:54:55.349626+00:00,2026-09-09T09:55:56.106012+00:00,60.756386,NIFTY|2026-09-15|23450|CE,974a65143a17c17f7653efff2e4217a3cc834589a1e2fd897adb895aaba4d8db,4ac5b73012c44995b943952882ad32df531add0a066d83e4b6d50fc27df6e8f4,0.0,-0.15000000000000568,0.09999999999999432,0.39999999999997726,0.30000000000001137
2026-09-09,CE,2026-09-09T09:58:00+00:00,2026-09-09T09:56:55.338000+00:00,2026-09-09T09:57:55.341839+00:00,60.003839,NIFTY|2026-09-15|23450|CE,23cb6e3faffb69c9f0bb44edb6c22c922d56ca82420d29d310222dcc2d0369a0,47798a4ef8a9e358b246d209149c9af338aaf869d0c17364aec2dcdcfbfd6d84,0.0,1.0,0.6499999999999773,0.25,0.3499999999999943
2026-09-09,CE,2026-09-09T10:00:00+00:00,2026-09-09T09:58:50.469519+00:00,2026-09-09T09:59:55.337944+00:00,64.868425,NIFTY|2026-09-15|23450|CE,cf49226d7707cb4dfc692bb2576da31abea6c33bb60384095b8e51ce866d26ce,bf3f361272cde1ca4827c0edbec339cf10eee0a83784aa93d91091cd6e63614b,0.0,-1.349999999999966,-1.3500000000000227,0.4000000000000057,0.4000000000000057
2026-09-09,PE,2026-09-09T03:48:00+00:00,2026-09-09T03:46:55.505623+00:00,2026-09-09T03:47:55.606379+00:00,60.100756,NIFTY|2026-09-15|23500|PE,accc166b2d012d15446dda0886ca70304bd511ce4ac99fe73c77cd84176ee3ee,cfdf4925f09396730fc2bc84d9ab60cf6877ff85f293d2c028de561f64aa2cdd,3.649999999997817,2.700000000000017,2.549999999999997,0.29999999999999716,0.29999999999999716
2026-09-09,PE,2026-09-09T03:50:00+00:00,2026-09-09T03:48:55.487213+00:00,2026-09-09T03:49:55.498543+00:00,60.01133,NIFTY|2026-09-15|23500|PE,e6748513286fccb60825825f88f0071adbfef41e6d31ef1535e95467c0c04edf,7fbe94b3ceb7392d37959500a64d30730a978ad5f6bc8b8bd5cc069e47494b4f,6.700000000000728,0.20000000000000284,-0.09999999999999432,0.3499999999999943,0.25
2026-09-09,PE,2026-09-09T03:52:00+00:00,2026-09-09T03:50:55.384548+00:00,2026-09-09T03:51:55.451483+00:00,60.066935,NIFTY|2026-09-15|23500|PE,188631e8c7be7d4bb38badd441a98008c79b16b29cb1d554c4d844371843094f,59228c2a58c8efae0a17c5ce56f76acc395890fd5d91a49294f7e1925859548a,4.799999999999272,-0.20000000000001705,-0.09999999999999432,0.20000000000000284,0.29999999999999716
2026-09-09,PE,2026-09-09T03:53:00+00:00,2026-09-09T03:51:55.451483+00:00,2026-09-09T03:52:55.472997+00:00,60.021514,NIFTY|2026-09-15|23500|PE,59228c2a58c8efae0a17c5ce56f76acc395890fd5d91a49294f7e1925859548a,eec64d066cd69839c3fb548dab1d007f506314b4dea1b24ec4e8a9319bf71f58,-10.299999999999272,3.25,3.1499999999999915,0.29999999999999716,0.20000000000000284
2026-09-09,PE,2026-09-09T03:55:00+00:00,2026-09-09T03:53:55.365481+00:00,2026-09-09T03:54:55.366563+00:00,60.001082,NIFTY|2026-09-15|23500|PE,535c9938341fb053fc21cac222cca0383b055bbff1bd8cc9b872253772d8a56e,60ba726ca21e38c88557216739f0587de4d21140bff2d2f47c34cdce9bf3b6f0,10.649999999997817,-3.7249999999999943,-3.8000000000000114,0.29999999999999716,0.25
2026-09-09,PE,2026-09-09T03:56:00+00:00,2026-09-09T03:54:55.366563+00:00,2026-09-09T03:55:55.438373+00:00,60.07181,NIFTY|2026-09-15|23500|PE,60ba726ca21e38c88557216739f0587de4d21140bff2d2f47c34cdce9bf3b6f0,f6caf45722d53a3dcda93cb9a692d33dbfb6ee397a45ce1f6ab3194de6668be2,3.75,-1.7750000000000057,-1.3999999999999915,0.25,0.29999999999999716
2026-09-09,PE,2026-09-09T03:58:00+00:00,2026-09-09T03:56:50.391171+00:00,2026-09-09T03:57:55.371328+00:00,64.980157,NIFTY|2026-09-15|23500|PE,845f96ed18e2f5485019d123918c154d2726d4e1f423baef069cd0608c9943ff,3ec1f597a12f3703e9eb059ca2cf055ab454b387bbe5ac19a45ef09d97d641d4,-2.75,-0.3999999999999915,-0.5,0.04999999999999716,0.15000000000000568
2026-09-09,PE,2026-09-09T04:00:00+00:00,2026-09-09T03:58:50.510573+00:00,2026-09-09T03:59:55.344342+00:00,64.833769,NIFTY|2026-09-15|23500|PE,c70facd31978a61c04414e20d2c7dfaca1c5ab76059826c47f43d2b5c01fca09,d333b7c33ebaca59bd0ce84d0b25331b90e07d061b4ddda352c47c21b2e64303,1.7999999999992724,-0.07499999999998863,0.0,0.14999999999999147,0.20000000000000284
2026-09-09,PE,2026-09-09T04:01:00+00:00,2026-09-09T03:59:55.344342+00:00,2026-09-09T04:00:55.344811+00:00,60.000469,NIFTY|2026-09-15|23500|PE,d333b7c33ebaca59bd0ce84d0b25331b90e07d061b4ddda352c47c21b2e64303,8cdbfa20203496e20121f2ce9f56424d91b2edaaebc1c5ff3adf785c145600ec,0.3499999999985448,-0.5750000000000028,-1.0,0.20000000000000284,0.15000000000000568
2026-09-09,PE,2026-09-09T04:02:00+00:00,2026-09-09T04:00:55.344811+00:00,2026-09-09T04:01:55.363610+00:00,60.018799,NIFTY|2026-09-15|23500|PE,8cdbfa20203496e20121f2ce9f56424d91b2edaaebc1c5ff3adf785c145600ec,b0386a855db9ec0cdf8764246069ac0572390376f5b8425eed469f7595e92b67,0.5499999999992724,-0.6250000000000142,-0.15000000000000568,0.15000000000000568,0.29999999999999716
2026-09-09,PE,2026-09-09T04:03:00+00:00,2026-09-09T04:01:55.363610+00:00,2026-09-09T04:02:55.468487+00:00,60.104877,NIFTY|2026-09-15|23500|PE,b0386a855db9ec0cdf8764246069ac0572390376f5b8425eed469f7595e92b67,c8e588e527721b68d6476de09f6e1da68d8b120af114ce39ab8628d69497d08b,-2.2999999999992724,0.6500000000000057,0.5,0.29999999999999716,0.29999999999999716
2026-09-09,PE,2026-09-09T04:05:00+00:00,2026-09-09T04:03:50.392068+00:00,2026-09-09T04:04:55.344321+00:00,64.952253,NIFTY|2026-09-15|23500|PE,8fd6a27ede28af40ee35896f069c5e91b2da72341312190cba1b6de3ffefad1c,9e880fff51f34a9a75718c49b079cd244bd29230da1aceaa948b889a7c5efa04,-0.5499999999992724,-1.2750000000000057,-1.25,0.14999999999999147,0.19999999999998863
2026-09-09,PE,2026-09-09T04:11:00+00:00,2026-09-09T04:09:55.354642+00:00,2026-09-09T04:10:55.392258+00:00,60.037616,NIFTY|2026-09-15|23550|PE,670bfc3f1c6a8424fdc27a2b72eb459459bc62a973e256783619748501086179,ded53c1209826ce5e71905ef3ece54b3fc85762ddc10f5fec7e29b6d178076fe,0.8999999999978172,0.375,-0.04999999999999716,0.25,0.30000000000001137
2026-09-09,PE,2026-09-09T04:14:00+00:00,2026-09-09T04:12:50.486566+00:00,2026-09-09T04:13:55.417252+00:00,64.930686,NIFTY|2026-09-15|23550|PE,ad58a29abc68404cf86843de6496920302979e7fa8ea4e329d43dea74e065d98,83bd447bd25c3be30e13a816d6c44b9cbb758d2c46634109078566f62d72e690,3.2999999999992724,-1.0750000000000028,-1.1500000000000057,0.15000000000000568,0.09999999999999432
2026-09-09,PE,2026-09-09T04:17:00+00:00,2026-09-09T04:15:55.376492+00:00,2026-09-09T04:16:55.381317+00:00,60.004825,NIFTY|2026-09-15|23500|PE,3500c3646446e79e012f0d3944b0f7a1cb4debf73a254fd73b06d764c18d7a9f,e54d1ddefbd8a882f416694492c81f799dcf4135c56261288ecf34db70e54105,-6.75,1.4999999999999858,1.3499999999999943,0.09999999999999432,0.20000000000000284
2026-09-09,PE,2026-09-09T04:18:00+00:00,2026-09-09T04:16:55.381317+00:00,2026-09-09T04:17:55.491947+00:00,60.11063,NIFTY|2026-09-15|23500|PE,e54d1ddefbd8a882f416694492c81f799dcf4135c56261288ecf34db70e54105,d72b54057ac34989b29e95311450ae8935494c351d9508875a40613d3aa6360d,-2.75,2.3500000000000227,2.450000000000003,0.20000000000000284,0.20000000000000284
2026-09-09,PE,2026-09-09T04:20:00+00:00,2026-09-09T04:18:55.412305+00:00,2026-09-09T04:19:55.474547+00:00,60.062242,NIFTY|2026-09-15|23500|PE,cc02e982b80692dc8112cadb3a33b3a7af989373d1c61410a11536cd42de97f5,0b395eae965d673c9b28c88b38fde4d977ac302e8b44941796ca8fa0d5a0d903,-7.599999999998545,1.9000000000000057,1.6499999999999915,0.30000000000001137,0.20000000000000284
2026-09-09,PE,2026-09-09T04:22:00+00:00,2026-09-09T04:20:55.360058+00:00,2026-09-09T04:21:55.830019+00:00,60.469961,NIFTY|2026-09-15|23500|PE,21ff60364cf40ddd0117cca78141719714e3cba2b802f22c6f041423edd8b773,7abae2577c126e68f3477454a53def928a46eb61d937a897515b9a175c769bbe,2.0,-0.5,-0.5,0.20000000000000284,0.20000000000000284
2026-09-09,PE,2026-09-09T04:23:00+00:00,2026-09-09T04:21:55.830019+00:00,2026-09-09T04:22:56.231226+00:00,60.401207,NIFTY|2026-09-15|23500|PE,7abae2577c126e68f3477454a53def928a46eb61d937a897515b9a175c769bbe,2f97f6f8450a7caa2a1166398da02abe8267b2a6c219fbc621e25527be1258a0,6.200000000000728,-3.1500000000000057,-2.6500000000000057,0.20000000000000284,0.20000000000000284
2026-09-09,PE,2026-09-09T04:25:00+00:00,2026-09-09T04:23:50.347834+00:00,2026-09-09T04:24:55.339026+00:00,64.991192,NIFTY|2026-09-15|23500|PE,01cef4fe84ceccfe8ec4e3e83b5874101c1b40e41aa5d431b8fc67ac87eb10f9,86010092ac08743537cf2a26f8758b78ce9ece47bef1ac3abc297c206725ef77,0.3500000000021828,0.2750000000000057,0.45000000000000284,0.25,0.20000000000000284
2026-09-09,PE,2026-09-09T04:26:00+00:00,2026-09-09T04:24:55.339026+00:00,2026-09-09T04:25:55.377019+00:00,60.037993,NIFTY|2026-09-15|23500|PE,86010092ac08743537cf2a26f8758b78ce9ece47bef1ac3abc297c206725ef77,e68d1f06c7072f8b18f5f2ca40ffb4eab5c14a9dc9b7f3ecfc38ae9098440ae8,-1.0500000000029104,0.799999999999983,0.7999999999999972,0.20000000000000284,0.20000000000000284
2026-09-09,PE,2026-09-09T04:29:00+00:00,2026-09-09T04:27:50.376038+00:00,2026-09-09T04:28:55.332629+00:00,64.956591,NIFTY|2026-09-15|23500|PE,da645bae6b851eb69f221a02c106a93d4f7fe1358728c7b4708cdd6f293bfd8e,68f8b4deec9ecd8e61ba6ab48be23280c0dad2c0df686c052534cf20cc7593fb,-4.099999999998545,1.6500000000000057,1.5999999999999943,0.20000000000000284,0.29999999999999716
2026-09-09,PE,2026-09-09T04:30:00+00:00,2026-09-09T04:28:55.332629+00:00,2026-09-09T04:29:55.363150+00:00,60.030521,NIFTY|2026-09-15|23500|PE,68f8b4deec9ecd8e61ba6ab48be23280c0dad2c0df686c052534cf20cc7593fb,1d6d11134bd357018d0177b880be277c7d4c4fe5426c0524930c9cae5c41065c,-0.9000000000014552,-0.950000000000017,-1.0,0.29999999999999716,0.10000000000000853
2026-09-09,PE,2026-09-09T04:31:00+00:00,2026-09-09T04:29:55.363150+00:00,2026-09-09T04:30:56.159423+00:00,60.796273,NIFTY|2026-09-15|23500|PE,1d6d11134bd357018d0177b880be277c7d4c4fe5426c0524930c9cae5c41065c,1347284c794ad117586ae1a3903f3bf1937db3625ee279340a3729ef699bb7fa,-9.799999999999272,2.5250000000000057,2.450000000000003,0.10000000000000853,0.3499999999999943
2026-09-09,PE,2026-09-09T04:34:00+00:00,2026-09-09T04:32:50.424354+00:00,2026-09-09T04:33:55.396169+00:00,64.971815,NIFTY|2026-09-15|23500|PE,0b954c25b969b2f84532471e657f92df211b101bcb673b96a507d2aa0766f742,e4ecb201a346dd406a1bccdd49f883c5eafd77b35ac8713fae313ba1f6d66626,-2.8000000000029104,1.2249999999999943,1.0500000000000114,0.25,0.20000000000000284
2026-09-09,PE,2026-09-09T04:36:00+00:00,2026-09-09T04:34:55.345437+00:00,2026-09-09T04:35:55.385477+00:00,60.04004,NIFTY|2026-09-15|23500|PE,865a8ee1a5cc1a4a43e4eccda6ee2671809b0c185f494e2d7102b61f85523c7b,57ddec8a3a6c4cf692aac01096de7908c72e4e17df41e7b0d18bf8173ff4495d,1.4500000000007276,0.2749999999999915,-0.04999999999999716,0.25,0.29999999999999716
2026-09-09,PE,2026-09-09T04:39:00+00:00,2026-09-09T04:37:50.814963+00:00,2026-09-09T04:38:55.393292+00:00,64.578329,NIFTY|2026-09-15|23450|PE,a248991718fa2357abe8400d18e73160126d8bbf1736f29f58f655499d2ad9ee,aa043f5d107b88f0a8d29bf4281a750be819ae6fe84f643278d0f90ae797d518,1.0499999999992724,0.22500000000000853,0.0,0.20000000000000284,0.25
2026-09-09,PE,2026-09-09T04:44:00+00:00,2026-09-09T04:42:50.640018+00:00,2026-09-09T04:43:55.413034+00:00,64.773016,NIFTY|2026-09-15|23500|PE,18c0753572dd95fe887c9c84f6a1acea5e7631f92bf0c9dac4c6eb61edd2fcfb,7b6807e6b825fb67f652adca4b0267ddeb9d64fcb1f97661a7b387b02ef4f557,7.049999999999272,-3.25,-2.8999999999999915,0.19999999999998863,0.19999999999998863
2026-09-09,PE,2026-09-09T04:45:00+00:00,2026-09-09T04:43:55.413034+00:00,2026-09-09T04:44:55.596200+00:00,60.183166,NIFTY|2026-09-15|23500|PE,7b6807e6b825fb67f652adca4b0267ddeb9d64fcb1f97661a7b387b02ef4f557,1acd52686579b37c7efe14760b34d0e008e9105a982a2cf9d016a3967ba1fb16,-1.9000000000014552,1.6749999999999972,1.5999999999999943,0.19999999999998863,0.25
2026-09-09,PE,2026-09-09T04:48:00+00:00,2026-09-09T04:46:55.390588+00:00,2026-09-09T04:47:55.455010+00:00,60.064422,NIFTY|2026-09-15|23500|PE,2fdd0e7fa11ebc26f3412cce89e9b049456e43299d3875e32bd6ce3a776d4191,da243c362ab6bdc8c9753ad9a6a43e3fc4aff6fe129837a79e422bb3fc625e58,6.450000000000728,-1.9750000000000085,-1.7999999999999972,0.25,0.10000000000000853
2026-09-09,PE,2026-09-09T04:50:00+00:00,2026-09-09T04:48:51.207529+00:00,2026-09-09T04:49:55.382260+00:00,64.174731,NIFTY|2026-09-15|23500|PE,bc335f9a0a0a4cfbec050c136e57ab04550b96df7ea300b35a43d05a367f5387,2ebc8582a080a883e8f9b8a06fb9774c6cafdb0d102032ff8f65ebf685d5938e,6.700000000000728,-3.299999999999983,-3.200000000000003,0.20000000000000284,0.20000000000000284
2026-09-09,PE,2026-09-09T04:55:00+00:00,2026-09-09T04:53:50.390114+00:00,2026-09-09T04:54:55.340342+00:00,64.950228,NIFTY|2026-09-15|23550|PE,84e5f9b14960ceeacb4c4161a8fc3965137e4376b85cc65aef7e6149a0f17a71,06055dc76c116372f6927566573142250d0c0f4a6184f2be1e0b24ea7d8857d1,9.049999999999272,-5.700000000000003,-5.599999999999994,0.15000000000000568,0.14999999999999147
2026-09-09,PE,2026-09-09T04:56:00+00:00,2026-09-09T04:54:55.340342+00:00,2026-09-09T04:55:56.202072+00:00,60.86173,NIFTY|2026-09-15|23550|PE,06055dc76c116372f6927566573142250d0c0f4a6184f2be1e0b24ea7d8857d1,e5b6f86e4e7817123dc7ccc017aad326800acec4259dc00eaa10786c75f5b7d0,-3.9500000000007276,3.375,3.799999999999997,0.14999999999999147,0.29999999999999716
2026-09-09,PE,2026-09-09T04:59:00+00:00,2026-09-09T04:57:55.393041+00:00,2026-09-09T04:58:55.520517+00:00,60.127476,NIFTY|2026-09-15|23550|PE,fdc95508b567e0a66d683515c544ac8010386c3dac0a02a55e27ce003469fbd5,cdf35df5de6c5495e51508cb3bbec635477c04a140f6778b0b3f518e818b9a9a,1.4000000000014552,-0.2749999999999915,-0.5999999999999943,0.25,0.10000000000000853
2026-09-09,PE,2026-09-09T05:01:00+00:00,2026-09-09T04:59:55.370739+00:00,2026-09-09T05:00:55.565840+00:00,60.195101,NIFTY|2026-09-15|23550|PE,2d4de35cce8db4eca9dd89a480db422bc54c56082327b8c332f653cfc55f1c73,10638e9e22047451f48c8e86d7fdc78ce0732319d27af532580821e26fe40f76,-1.0999999999985448,1.825000000000017,1.8000000000000114,0.20000000000000284,0.25
2026-09-09,PE,2026-09-09T05:03:00+00:00,2026-09-09T05:01:55.377962+00:00,2026-09-09T05:02:55.394828+00:00,60.016866,NIFTY|2026-09-15|23550|PE,3c770c26ae9fbbb0c142bc9471c274d03d206386b851e0f8752a9701df38e73d,93fa019d4ddff54059e94624d6058bf3c4d57a68743f59492efbeaadd7eff4db,0.3500000000021828,-0.5499999999999972,-0.5499999999999972,0.10000000000000853,0.09999999999999432
2026-09-09,PE,2026-09-09T05:07:00+00:00,2026-09-09T05:05:55.342400+00:00,2026-09-09T05:06:55.854589+00:00,60.512189,NIFTY|2026-09-15|23500|PE,7762d953fdad82a6985e0d9fd21491c7bfca45aa8ea516c456be1235074a1bda,adf2ea5f53a116b7a40ec5f875698816e9e253b49c112367556343d60545a804,3.2000000000007276,-1.3500000000000085,-1.5,0.25,0.14999999999999147
2026-09-09,PE,2026-09-09T05:08:00+00:00,2026-09-09T05:06:55.854589+00:00,2026-09-09T05:07:56.146448+00:00,60.291859,NIFTY|2026-09-15|23500|PE,adf2ea5f53a116b7a40ec5f875698816e9e253b49c112367556343d60545a804,8d667102523ecba540e41d50fcf2a5e58a85fbe400d0b0dd531f1471ef9c71f9,-6.150000000001455,3.0,2.9000000000000057,0.14999999999999147,0.25
2026-09-09,PE,2026-09-09T05:10:00+00:00,2026-09-09T05:08:55.804027+00:00,2026-09-09T05:09:55.815114+00:00,60.011087,NIFTY|2026-09-15|23500|PE,a6687a628c7e248b98e890d14e7d38e81f74b87197865e37a298b0c9aa810b29,f7dae4589d3603e5533d3984411300d32766f10458832472e4648b50966ee6f4,-0.75,-0.07499999999998863,-0.09999999999999432,0.25,0.29999999999999716
2026-09-09,PE,2026-09-09T05:12:00+00:00,2026-09-09T05:10:55.503304+00:00,2026-09-09T05:11:55.512631+00:00,60.009327,NIFTY|2026-09-15|23500|PE,9e179cebcc3e1f44f536d3f693e79b1139c24cad031b05a889903ee0d8ee8d30,a042a575553dad86cc4c764b705138793599b49f85c00ab385bf2fec484cf8f4,0.9000000000014552,-0.04999999999999716,-0.25,0.25,0.25
2026-09-09,PE,2026-09-09T05:13:00+00:00,2026-09-09T05:11:55.512631+00:00,2026-09-09T05:12:55.518245+00:00,60.005614,NIFTY|2026-09-15|23500|PE,a042a575553dad86cc4c764b705138793599b49f85c00ab385bf2fec484cf8f4,b7713b01dafacff0e1f1f542ba1c8567ba5d24bfe76be75e8d34528a63219445,-3.650000000001455,1.4249999999999972,1.0999999999999943,0.25,0.20000000000000284
2026-09-09,PE,2026-09-09T05:14:00+00:00,2026-09-09T05:12:55.518245+00:00,2026-09-09T05:13:55.527801+00:00,60.009556,NIFTY|2026-09-15|23500|PE,b7713b01dafacff0e1f1f542ba1c8567ba5d24bfe76be75e8d34528a63219445,eefaa3d3719ea23cc094200df1b948c7203af6c2815e063edc5a1090e3efcc8a,4.350000000002183,-1.1999999999999886,-0.7999999999999972,0.20000000000000284,0.29999999999999716
2026-09-09,PE,2026-09-09T05:15:00+00:00,2026-09-09T05:13:55.527801+00:00,2026-09-09T05:14:55.820395+00:00,60.292594,NIFTY|2026-09-15|23500|PE,eefaa3d3719ea23cc094200df1b948c7203af6c2815e063edc5a1090e3efcc8a,cc6814ecf652b7444f0d389afd982524886ca73827f01fa92de1b4ded27c3319,3.599999999998545,-1.8499999999999943,-2.049999999999997,0.29999999999999716,0.20000000000000284
2026-09-09,PE,2026-09-09T05:17:00+00:00,2026-09-09T05:15:51.258359+00:00,2026-09-09T05:16:55.510572+00:00,64.252213,NIFTY|2026-09-15|23500|PE,6dc69089193e7cae691b24cd30b59008597d3a15e53eeca0d02fd93e0151a8cb,565fad0101a006812960b4b3d2872f7d5d9ef7196c1c30eafa7a4128b3cb6757,4.75,-0.32500000000001705,-0.3999999999999915,0.25,0.20000000000000284
2026-09-09,PE,2026-09-09T05:18:00+00:00,2026-09-09T05:16:55.510572+00:00,2026-09-09T05:17:55.512498+00:00,60.001926,NIFTY|2026-09-15|23500|PE,565fad0101a006812960b4b3d2872f7d5d9ef7196c1c30eafa7a4128b3cb6757,9bca5cd56e2863b13b5b419d29f9e8f666a44cc9f641d4edb47325747b6fc167,1.3000000000029104,0.10000000000002274,-0.25,0.20000000000000284,0.20000000000000284
2026-09-09,PE,2026-09-09T05:19:00+00:00,2026-09-09T05:17:55.512498+00:00,2026-09-09T05:18:55.513869+00:00,60.001371,NIFTY|2026-09-15|23500|PE,9bca5cd56e2863b13b5b419d29f9e8f666a44cc9f641d4edb47325747b6fc167,9643a9039517d954ad33a874087359dd5f505bd97e2b0dcd9a35e506e768c0c5,1.6999999999970896,-0.8750000000000142,-0.8500000000000085,0.20000000000000284,0.25
2026-09-09,PE,2026-09-09T05:20:00+00:00,2026-09-09T05:18:55.513869+00:00,2026-09-09T05:19:55.517160+00:00,60.003291,NIFTY|2026-09-15|23500|PE,9643a9039517d954ad33a874087359dd5f505bd97e2b0dcd9a35e506e768c0c5,c519f2b4af44dc363a1074ba49b0d01912a9dd8e719edd9742abf17a1f025579,-1.8999999999978172,0.4000000000000057,0.6500000000000057,0.25,0.25
2026-09-09,PE,2026-09-09T05:23:00+00:00,2026-09-09T05:21:55.514050+00:00,2026-09-09T05:22:55.593668+00:00,60.079618,NIFTY|2026-09-15|23500|PE,e2ff0cca1725ec17eeff2b6e6d237427a2f0d8001e00bed3411179d41b8db088,779cef39c511f5734894a2ed368f742ed4d72c98ea4a095aced0eaaa16c54d41,0.25,-0.7000000000000028,-0.6999999999999886,0.25,0.15000000000000568
2026-09-09,PE,2026-09-09T05:24:00+00:00,2026-09-09T05:22:55.593668+00:00,2026-09-09T05:23:55.821101+00:00,60.227433,NIFTY|2026-09-15|23500|PE,779cef39c511f5734894a2ed368f742ed4d72c98ea4a095aced0eaaa16c54d41,46011f8d1158285f9bfd8c980494af6539d08f312c69036ffbe3ec94e26e6e3c,5.150000000001455,-3.049999999999997,-3.0,0.15000000000000568,0.25
2026-09-09,PE,2026-09-09T05:27:00+00:00,2026-09-09T05:25:55.502963+00:00,2026-09-09T05:26:55.698647+00:00,60.195684,NIFTY|2026-09-15|23550|PE,dbce920c43b89d01320cae27509199bbc9ec345c65bc1bd9d4bbc8cc599fba5b,078617ccdf43cd41b9d7c29ce47c78a9281863db742e5ae6ec8d15a0d1eda830,-0.10000000000218279,-0.5999999999999943,-0.8000000000000114,0.25,0.15000000000000568
2026-09-09,PE,2026-09-09T05:30:00+00:00,2026-09-09T05:28:50.500993+00:00,2026-09-09T05:29:55.482297+00:00,64.981304,NIFTY|2026-09-15|23550|PE,c594cf87285fc88864bc272abda309a9bf2027bf8ba8264af9b19769cd207891,c0f6893d2e013e317ce49ce8a0f187129c44cbd020c47fc2f57a67495159918d,6.150000000001455,-3.0500000000000114,-3.299999999999997,0.29999999999999716,0.29999999999999716
2026-09-09,PE,2026-09-09T05:31:00+00:00,2026-09-09T05:29:55.482297+00:00,2026-09-09T05:30:55.508111+00:00,60.025814,NIFTY|2026-09-15|23550|PE,c0f6893d2e013e317ce49ce8a0f187129c44cbd020c47fc2f57a67495159918d,a046c08fb79bd9d29886205d7252678af2a0cbf92e7564095f641ba31327d0f3,1.75,-2.4749999999999943,-2.450000000000003,0.29999999999999716,0.25
2026-09-09,PE,2026-09-09T05:32:00+00:00,2026-09-09T05:30:55.508111+00:00,2026-09-09T05:31:55.551913+00:00,60.043802,NIFTY|2026-09-15|23550|PE,a046c08fb79bd9d29886205d7252678af2a0cbf92e7564095f641ba31327d0f3,23f8eea18a0a31306d772a54ff64d7a426d012c4890eb3d863568080f6f81ba3,-1.2000000000007276,1.9249999999999972,2.0999999999999943,0.25,0.09999999999999432
2026-09-09,PE,2026-09-09T05:33:00+00:00,2026-09-09T05:31:55.551913+00:00,2026-09-09T05:32:55.571523+00:00,60.01961,NIFTY|2026-09-15|23550|PE,23f8eea18a0a31306d772a54ff64d7a426d012c4890eb3d863568080f6f81ba3,4b37a8e0a61af727a0f5cbf945f8aeeebff285bc7abaf7af898f7bbd72b04f3b,1.7000000000007276,-0.9249999999999972,-0.7999999999999972,0.09999999999999432,0.25
2026-09-09,PE,2026-09-09T05:35:00+00:00,2026-09-09T05:33:50.771384+00:00,2026-09-09T05:34:55.495335+00:00,64.723951,NIFTY|2026-09-15|23550|PE,7eb37ac854f592fbc0fe2279b03b100e974eb4be37dc7bfb0f296a806a928b99,38277016f19e5e54253ee5c86858bcf765e3a644d47af5473d1d2b44711d389e,-2.900000000001455,0.7499999999999858,0.6499999999999915,0.04999999999999716,0.15000000000000568
2026-09-09,PE,2026-09-09T05:36:00+00:00,2026-09-09T05:34:55.495335+00:00,2026-09-09T05:35:55.501994+00:00,60.006659,NIFTY|2026-09-15|23550|PE,38277016f19e5e54253ee5c86858bcf765e3a644d47af5473d1d2b44711d389e,ccfb587f7a9182f43b0913bdb80ec24d442b7677e91dafc38b084c0536dd633c,-2.5,1.1749999999999972,1.4500000000000028,0.15000000000000568,0.20000000000000284
2026-09-09,PE,2026-09-09T05:38:00+00:00,2026-09-09T05:36:55.446209+00:00,2026-09-09T05:37:55.508713+00:00,60.062504,NIFTY|2026-09-15|23550|PE,456c02aa5d9f5a84ba3cdc743031fd55fd7633b802f102e9fa66885354017011,fda35994decb46cfef7a7b7c8592e0c8597315f2196ce0fb8db1430f569cfb10,5.25,-2.3499999999999943,-2.3499999999999943,0.19999999999998863,0.29999999999999716
2026-09-09,PE,2026-09-09T05:39:00+00:00,2026-09-09T05:37:55.508713+00:00,2026-09-09T05:38:55.699559+00:00,60.190846,NIFTY|2026-09-15|23550|PE,fda35994decb46cfef7a7b7c8592e0c8597315f2196ce0fb8db1430f569cfb10,d6888ca65d5647d76096b04223936486265539c34239a79011a0e62fbdf5a52d,-0.5500000000029104,0.5249999999999915,0.7999999999999972,0.29999999999999716,0.25
2026-09-09,PE,2026-09-09T05:41:00+00:00,2026-09-09T05:39:55.477846+00:00,2026-09-09T05:40:55.510138+00:00,60.032292,NIFTY|2026-09-15|23550|PE,92914c76ff23ba1a5d9dbbfcaac722edb0a2974c8c672376408d33bb525e0012,1e7bfb38befb9ebc877456882f11428d3f9710bfd7ed17738b805a9cddeef75b,-2.5499999999992724,0.8250000000000028,0.8499999999999943,0.25,0.30000000000001137
2026-09-09,PE,2026-09-09T05:43:00+00:00,2026-09-09T05:41:55.462158+00:00,2026-09-09T05:42:56.424786+00:00,60.962628,NIFTY|2026-09-15|23550|PE,e601c8128e8d6bf5f1a508b163016738129610b6141d8ac94da425c77ef1a954,09987396abe4176bb3f2b3fa23abe9af98bab512fea39e40e0e183f2759039db,-2.0499999999992724,0.4749999999999943,0.7000000000000028,0.10000000000000853,0.25
2026-09-09,PE,2026-09-09T05:45:00+00:00,2026-09-09T05:43:55.479852+00:00,2026-09-09T05:44:55.484748+00:00,60.004896,NIFTY|2026-09-15|23550|PE,98770d224d25a7ff612f1f67a5193369b844d0ead4b112972cd5aa8268d1f0bd,53881b057613079941c5b8c7a671d32a905bc46cbac38449106a6d836e07dd9a,0.4500000000007276,1.3749999999999858,1.4000000000000057,0.20000000000000284,0.15000000000000568
2026-09-09,PE,2026-09-09T05:46:00+00:00,2026-09-09T05:44:55.484748+00:00,2026-09-09T05:45:55.522130+00:00,60.037382,NIFTY|2026-09-15|23550|PE,53881b057613079941c5b8c7a671d32a905bc46cbac38449106a6d836e07dd9a,dafb7e1c23d19c6dfd83588f154b41070be28ce08e121e6144bdca2f60959e96,2.399999999997817,-2.5999999999999943,-2.549999999999997,0.15000000000000568,0.25
2026-09-09,PE,2026-09-09T05:49:00+00:00,2026-09-09T05:47:55.451296+00:00,2026-09-09T05:48:55.486197+00:00,60.034901,NIFTY|2026-09-15|23500|PE,5737a0d972d8b5cf41ad48c60436e2acda3edabef8df35ee81848ec8efa15c2d,8abc21cf018cb657d3ffdc8a0d553395b4db12e12d4b2ca78cb9fe018851f3f9,0.0,-0.3499999999999943,-0.15000000000000568,0.20000000000000284,0.20000000000000284
2026-09-09,PE,2026-09-09T05:51:00+00:00,2026-09-09T05:49:55.497698+00:00,2026-09-09T05:50:55.630109+00:00,60.132411,NIFTY|2026-09-15|23550|PE,c80b9ab48ed284fd2ea62e8f6504f0b3bdbe768449df827174c18ca6169496c3,cd0fd6ed1f9ca894c27bf1d4a54bc7f34fbb585a990dc955817f563b1654f4d6,0.5999999999985448,0.125,0.20000000000000284,0.14999999999999147,0.20000000000000284
2026-09-09,PE,2026-09-09T05:54:00+00:00,2026-09-09T05:52:50.493453+00:00,2026-09-09T05:53:55.453290+00:00,64.959837,NIFTY|2026-09-15|23500|PE,d99dff218cb324ae4ec737e525593a9f50d400cb0143dcf9e81e14886a61f44f,6e0c4fd42feaf67944327057958dfd63ecba3d20e21640b0d1654aaeeb9c5eb3,-0.9500000000007276,0.07499999999998863,0.20000000000000284,0.20000000000000284,0.25
2026-09-09,PE,2026-09-09T05:55:00+00:00,2026-09-09T05:53:55.453290+00:00,2026-09-09T05:54:55.492054+00:00,60.038764,NIFTY|2026-09-15|23500|PE,6e0c4fd42feaf67944327057958dfd63ecba3d20e21640b0d1654aaeeb9c5eb3,02e0f90652078242184cb201578cbd57666872cc365e9898e5f630756cca8d99,0.2000000000007276,-1.0249999999999915,-1.0499999999999972,0.25,0.09999999999999432
2026-09-09,PE,2026-09-09T05:57:00+00:00,2026-09-09T05:55:50.488151+00:00,2026-09-09T05:56:55.466563+00:00,64.978412,NIFTY|2026-09-15|23500|PE,40ae7c9cbf68f6345306974bc9aaba25552f172b2fa57095ebd50577a0e81c86,21880052b1bece24a2bbf0ef2eda45614299c12d5436403f86f83a2ca273ce0c,-5.600000000002183,2.0,2.200000000000003,0.14999999999999147,0.25
2026-09-09,PE,2026-09-09T05:58:00+00:00,2026-09-09T05:56:55.466563+00:00,2026-09-09T05:57:55.477905+00:00,60.011342,NIFTY|2026-09-15|23500|PE,21880052b1bece24a2bbf0ef2eda45614299c12d5436403f86f83a2ca273ce0c,f657a970188a9e5f068db04db639fa55c7e462cdd0d6060c78dc384a77169ec0,-2.75,0.22499999999999432,0.25,0.25,0.20000000000000284
2026-09-09,PE,2026-09-09T05:59:00+00:00,2026-09-09T05:57:55.477905+00:00,2026-09-09T05:58:55.568808+00:00,60.090903,NIFTY|2026-09-15|23500|PE,f657a970188a9e5f068db04db639fa55c7e462cdd0d6060c78dc384a77169ec0,6990707c43979cfa42fbcccb1e1d8e9da7e3906951deeb6e976df74d9b63cbce,4.150000000001455,-0.5749999999999886,-0.5499999999999972,0.20000000000000284,0.25
2026-09-09,PE,2026-09-09T06:01:00+00:00,2026-09-09T05:59:55.468283+00:00,2026-09-09T06:00:55.529377+00:00,60.061094,NIFTY|2026-09-15|23500|PE,c55cb5950bed81d98119aa7a5142a16747dd3e863b3d3fb55496dcdbefc9ce18,3b4be06c244b1e0eb0f80d3c6944b8b08ed067f4b06adf035a37c7742c0d5b7a,-0.05000000000291038,-1.2250000000000085,-1.0,0.25,0.20000000000000284
2026-09-09,PE,2026-09-09T06:03:00+00:00,2026-09-09T06:01:55.821965+00:00,2026-09-09T06:02:55.920122+00:00,60.098157,NIFTY|2026-09-15|23500|PE,812068cc61f9863c1be84b6a357fdcc64d4af1cfd92215e77ad5f7fceb105d8b,06086f342490ec984c1afb94f16e0ca52672f69ed48dd7a264c5b9112d7be64f,-2.349999999998545,0.07499999999998863,0.29999999999999716,0.20000000000000284,0.25
2026-09-09,PE,2026-09-09T06:05:00+00:00,2026-09-09T06:03:50.793278+00:00,2026-09-09T06:04:55.341813+00:00,64.548535,NIFTY|2026-09-15|23500|PE,bda53450595793fb9c09ca6dc8aea9065cebbb16367ef64b30e9e5e984c1730d,57850986325fc1db5ff69825c8aeaa6ec639eb6546a039fee9435810ecfa1990,-0.8500000000021828,1.2750000000000057,1.4000000000000057,0.25,0.20000000000000284
2026-09-09,PE,2026-09-09T06:07:00+00:00,2026-09-09T06:05:55.336273+00:00,2026-09-09T06:06:55.384363+00:00,60.04809,NIFTY|2026-09-15|23500|PE,9a5375f29c4c296ec624f61c6740937c5c802c0ac9d14eb82dc47590e1bce100,efd7b22efe8a95edc0d11ffa89a2116d106601a0c22f2a639e988115448c8214,-1.25,1.7000000000000028,1.6500000000000057,0.25,0.15000000000000568
2026-09-09,PE,2026-09-09T06:08:00+00:00,2026-09-09T06:06:55.384363+00:00,2026-09-09T06:07:55.478963+00:00,60.0946,NIFTY|2026-09-15|23500|PE,efd7b22efe8a95edc0d11ffa89a2116d106601a0c22f2a639e988115448c8214,8910e8d77f729939a33140488c8e3f4287c136787f90333dda65f6afda1f3f04,-2.4499999999970896,-0.20000000000000284,0.0,0.15000000000000568,0.15000000000000568
2026-09-09,PE,2026-09-09T06:10:00+00:00,2026-09-09T06:08:55.360484+00:00,2026-09-09T06:09:55.380145+00:00,60.019661,NIFTY|2026-09-15|23500|PE,869900c1127f1dd687f29a093b35cd5d683eb876b7524978f49635708fe79d02,fa2e19201fc5ee633d6b4c8cd8920ed448a1d889330b38a6256d8bb1a7a15349,-1.7999999999992724,1.2250000000000085,1.1499999999999915,0.14999999999999147,0.09999999999999432
2026-09-09,PE,2026-09-09T06:12:00+00:00,2026-09-09T06:10:55.352124+00:00,2026-09-09T06:11:55.372645+00:00,60.020521,NIFTY|2026-09-15|23500|PE,1420c60c3c68a0a260af9d2b0ecab95e1e387cbd448e92b6e063f97508670250,442dbf204b5c037267d7247352a3b41cae84905e8937625494cdd1ab3db4c6c4,4.900000000001455,-1.0,-1.1999999999999886,0.20000000000000284,0.20000000000000284
2026-09-09,PE,2026-09-09T06:52:00+00:00,2026-09-09T06:50:50.384326+00:00,2026-09-09T06:51:55.340556+00:00,64.95623,NIFTY|2026-09-15|23500|PE,9fad9cc264850b19026427390bf95888039a610b8f20650b161379be6588f800,35c9297c2fae13f250c3b4470e450a82fa01d66b8c8b238d9a4846b65a72a813,1.5,-0.10000000000000853,-0.4000000000000057,0.25,0.25
2026-09-09,PE,2026-09-09T06:53:00+00:00,2026-09-09T06:51:55.340556+00:00,2026-09-09T06:52:55.384319+00:00,60.043763,NIFTY|2026-09-15|23500|PE,35c9297c2fae13f250c3b4470e450a82fa01d66b8c8b238d9a4846b65a72a813,d9f047d48915a3336f9026145f9a0bc67a4a618fb385782f15109aa24f2f2f75,-0.75,2.5250000000000057,2.549999999999997,0.25,0.30000000000001137
2026-09-09,PE,2026-09-09T06:56:00+00:00,2026-09-09T06:54:55.374811+00:00,2026-09-09T06:55:55.380365+00:00,60.005554,NIFTY|2026-09-15|23500|PE,2143833b4bdea956f7a91fd3a42375cad65258c7d9e8f62b27a140aa298a615a,f2fb166d4e3088078670fe499129ef02cf0c0efa14049235a700aa986ef7619d,3.5,-2.6999999999999886,-2.549999999999997,0.09999999999999432,0.29999999999999716
2026-09-09,PE,2026-09-09T06:57:00+00:00,2026-09-09T06:55:55.380365+00:00,2026-09-09T06:56:55.387602+00:00,60.007237,NIFTY|2026-09-15|23500|PE,f2fb166d4e3088078670fe499129ef02cf0c0efa14049235a700aa986ef7619d,53abd5c86896aeb8c3d8a4b5cdc49a485da8a044f6b77ec818380ee8e8f1d388,6.149999999997817,-2.6750000000000114,-2.700000000000003,0.29999999999999716,0.25
2026-09-09,PE,2026-09-09T06:59:00+00:00,2026-09-09T06:57:55.335022+00:00,2026-09-09T06:58:55.381558+00:00,60.046536,NIFTY|2026-09-15|23500|PE,ad1bd130c6e8a1022a2dd4654f23dbd846b36aabf6134b3c3fd0ef826382dd58,1a97a3c98f2d8832ed558515901bf884fe2cf4673843d8a272aea985510efd42,1.5499999999992724,-1.924999999999983,-1.7999999999999972,0.20000000000000284,0.04999999999999716
2026-09-09,PE,2026-09-09T07:01:00+00:00,2026-09-09T06:59:55.372803+00:00,2026-09-09T07:00:55.430467+00:00,60.057664,NIFTY|2026-09-15|23500|PE,4f4bb4f73ea3e8510e78b305ebec2fd85d53477b1ffda2a30d1f49d9c50d2c9d,6e5baa2222322422709bce58ad2952cb30647d154b62230e384a6f3adc4c0e3b,5.950000000000728,-3.6750000000000114,-3.5,0.20000000000000284,0.25
2026-09-09,PE,2026-09-09T07:05:00+00:00,2026-09-09T07:03:55.461233+00:00,2026-09-09T07:04:55.556513+00:00,60.09528,NIFTY|2026-09-15|23550|PE,0038b707c66a608a3536d0d3d2eec1baf6db7e4403d320e60fc7c8f3a2488517,a38d8d9379c7d4f2dbb25dc4d7d9a7c86a1e682ee7821195a91c5e2f95465313,-3.100000000002183,2.2749999999999915,2.450000000000003,0.20000000000000284,0.25
2026-09-09,PE,2026-09-09T07:08:00+00:00,2026-09-09T07:06:55.376923+00:00,2026-09-09T07:07:55.743339+00:00,60.366416,NIFTY|2026-09-15|23550|PE,a7dff4be98b8d2d4db17c0cb0d686d7eba170315290a27c0e58ff2bb8814f971,c504d611e03108d40c1bfb73bec45c0ff45c5411252eb7b20b40306a6b3fcbf8,1.0500000000029104,0.4000000000000057,0.29999999999999716,0.20000000000000284,0.29999999999999716
2026-09-09,PE,2026-09-09T07:10:00+00:00,2026-09-09T07:08:50.430809+00:00,2026-09-09T07:09:55.371337+00:00,64.940528,NIFTY|2026-09-15|23550|PE,bdbced24866a2c511f0d8056bd25cd1e50d1b562c2b773c6f536d1082a785bcd,dbba63ca8e75f4cdd2827732ad7fce0c0588d35d7a1f6866844fd07bdf50e858,-2.8000000000029104,0.32500000000000284,0.3999999999999915,0.20000000000000284,0.25
2026-09-09,PE,2026-09-09T07:11:00+00:00,2026-09-09T07:09:55.371337+00:00,2026-09-09T07:10:55.452084+00:00,60.080747,NIFTY|2026-09-15|23550|PE,dbba63ca8e75f4cdd2827732ad7fce0c0588d35d7a1f6866844fd07bdf50e858,e7956120aaa00862b3b1e0d16a91974ad53811183f88503d7bb8d5285f82750d,-0.09999999999854481,0.1250000000000142,0.04999999999999716,0.25,0.20000000000000284
2026-09-09,PE,2026-09-09T07:15:00+00:00,2026-09-09T07:13:50.395659+00:00,2026-09-09T07:14:55.335218+00:00,64.939559,NIFTY|2026-09-15|23550|PE,aba4390d394c8167c48295ec8690196d23669cdb582ecd6c6c6ffeba19d8efca,c06d4ec0c02fc93b0e243b59c6f384ba4d69b79397c2c9e97ef2c4a7c00871ec,-2.8000000000029104,0.9249999999999972,0.75,0.15000000000000568,0.19999999999998863
2026-09-09,PE,2026-09-09T07:16:00+00:00,2026-09-09T07:14:55.335218+00:00,2026-09-09T07:15:55.345032+00:00,60.009814,NIFTY|2026-09-15|23550|PE,c06d4ec0c02fc93b0e243b59c6f384ba4d69b79397c2c9e97ef2c4a7c00871ec,ebbaf2bb9610bfbdd207aab588445f961997ac23957b2e2e2d1cd3ab0181afb9,-7.099999999998545,1.875,1.7000000000000028,0.19999999999998863,0.25
2026-09-09,PE,2026-09-09T07:17:00+00:00,2026-09-09T07:15:55.345032+00:00,2026-09-09T07:16:55.466708+00:00,60.121676,NIFTY|2026-09-15|23550|PE,ebbaf2bb9610bfbdd207aab588445f961997ac23957b2e2e2d1cd3ab0181afb9,61dc50f1c85cf0bfe57cbb60c82ecab5039449453c6d041787be655955fce117,3.0,-0.8249999999999886,-0.6499999999999915,0.25,0.20000000000000284
2026-09-09,PE,2026-09-09T07:18:00+00:00,2026-09-09T07:16:55.466708+00:00,2026-09-09T07:17:55.547392+00:00,60.080684,NIFTY|2026-09-15|23550|PE,61dc50f1c85cf0bfe57cbb60c82ecab5039449453c6d041787be655955fce117,6ecf6888e37df1fc3d90f5a4e64f61578879dc2e4e12059e46ace51ec91699cf,0.5999999999985448,-1.6500000000000057,-1.8000000000000114,0.20000000000000284,0.29999999999999716
2026-09-09,PE,2026-09-09T07:21:00+00:00,2026-09-09T07:19:55.373558+00:00,2026-09-09T07:20:55.474506+00:00,60.100948,NIFTY|2026-09-15|23550|PE,a394f3256be000d28b692715ba3d803ff8544780ff0d0c7bb78da7ff0b079171,3007fc08e1080ad0826d72ca80e533887e145ec69f5cbc394c543a28483f0e6e,-2.0499999999992724,-0.6249999999999858,-0.3999999999999915,0.20000000000000284,0.25
2026-09-09,PE,2026-09-09T07:23:00+00:00,2026-09-09T07:21:55.386427+00:00,2026-09-09T07:22:55.387116+00:00,60.000689,NIFTY|2026-09-15|23550|PE,13932fd61879ad6305831b59b71006f75703ae0b7417a461a06a4586494fa499,2b4f6d65cc8b15a9c8dd00586694959096f947fed30d411abd4ddd33ab4194f7,4.100000000002183,-0.75,-0.9500000000000028,0.15000000000000568,0.25
2026-09-09,PE,2026-09-09T07:25:00+00:00,2026-09-09T07:23:55.352085+00:00,2026-09-09T07:24:55.425021+00:00,60.072936,NIFTY|2026-09-15|23550|PE,046626020641ab81f1138072aba1bbd90871e218b0e8612b109c9b8560e6ce6c,8169fc49c5bdfe013a43a5b930ad1bc2d357e99da2bd90ca21dc527ee298f93f,-4.700000000000728,1.6749999999999972,1.4000000000000057,0.15000000000000568,0.20000000000000284
2026-09-09,PE,2026-09-09T07:27:00+00:00,2026-09-09T07:25:55.348244+00:00,2026-09-09T07:26:55.377639+00:00,60.029395,NIFTY|2026-09-15|23550|PE,391c56b7a8d05b77c1b5c5a53acf23f0592e24f348d8e6f5d797537bf972658b,636d83aac51c09819ba76fb672f30fe720912578f0309fada633948c493d727b,10.850000000002183,-4.549999999999983,-4.799999999999997,0.20000000000000284,0.20000000000000284
2026-09-09,PE,2026-09-09T07:28:00+00:00,2026-09-09T07:26:55.377639+00:00,2026-09-09T07:27:55.451409+00:00,60.07377,NIFTY|2026-09-15|23550|PE,636d83aac51c09819ba76fb672f30fe720912578f0309fada633948c493d727b,370252fd68507285c9b6aed19ad5e96b8b9bba629852655ed86d6b3476466a6b,1.7999999999992724,-0.5250000000000057,-0.20000000000000284,0.20000000000000284,0.15000000000000568
2026-09-09,PE,2026-09-09T07:30:00+00:00,2026-09-09T07:28:55.371477+00:00,2026-09-09T07:29:55.391638+00:00,60.020161,NIFTY|2026-09-15|23550|PE,fd300fbd4228ca76f8bc61902f84febbe8c8d91d8dbe30ef10c60233df7eafeb,5cc3e6e25cc67713414be765d03af000c8a6f1f4dcb340a5f5657a073d717d09,2.7999999999992724,-1.1500000000000057,-0.5,0.19999999999998863,0.20000000000000284
2026-09-09,PE,2026-09-09T07:32:00+00:00,2026-09-09T07:30:55.375077+00:00,2026-09-09T07:31:55.379983+00:00,60.004906,NIFTY|2026-09-15|23550|PE,587dbbb5f3e9bfb0368e7ebe4d14715bfb2c660bd0e39f26f36c09164c274ce6,10bee3a0c6297de3bafc0a9b58ba4254386eaa3499d501fbfffa776f85626916,-4.05000000000291,0.9000000000000057,0.8999999999999915,0.04999999999999716,0.25
2026-09-09,PE,2026-09-09T07:34:00+00:00,2026-09-09T07:32:50.385506+00:00,2026-09-09T07:33:55.348158+00:00,64.962652,NIFTY|2026-09-15|23550|PE,f4427a104fdd1edd9c4929ff568cd0caf5e2cf454f7e31270794713479f1892d,81206369f96738ad11e3d8298830d16ea4f90b9fc3fe1c7f2a0474ab80375fdf,2.5499999999992724,-0.5250000000000057,-0.5,0.20000000000000284,0.04999999999999716
2026-09-09,PE,2026-09-09T07:35:00+00:00,2026-09-09T07:33:55.348158+00:00,2026-09-09T07:34:55.382239+00:00,60.034081,NIFTY|2026-09-15|23550|PE,81206369f96738ad11e3d8298830d16ea4f90b9fc3fe1c7f2a0474ab80375fdf,ec5862b9a2d1be2212d03f1309c5fa04819093da155cf7536868a5175943d5be,-1.3499999999985448,-0.125,0.04999999999999716,0.04999999999999716,0.20000000000000284
2026-09-09,PE,2026-09-09T07:36:00+00:00,2026-09-09T07:34:55.382239+00:00,2026-09-09T07:35:55.500376+00:00,60.118137,NIFTY|2026-09-15|23550|PE,ec5862b9a2d1be2212d03f1309c5fa04819093da155cf7536868a5175943d5be,f7962e818fa43b932e81e42cfbd6cba9d3538245b1a9d02a5eb4bd39f2fc8a29,1.0,0.375,0.15000000000000568,0.20000000000000284,0.25
2026-09-09,PE,2026-09-09T07:38:00+00:00,2026-09-09T07:36:55.381649+00:00,2026-09-09T07:37:55.493226+00:00,60.111577,NIFTY|2026-09-15|23550|PE,bf7f93e141d6a774d4e55c8679c766226c539b46ca91a0964a7b7585986335a7,0415ca07e98f54554462d278296dd781ee67850565942c1cf4cf9f745f77e10d,4.200000000000728,-1.7250000000000085,-1.7999999999999972,0.25,0.20000000000000284
2026-09-09,PE,2026-09-09T07:41:00+00:00,2026-09-09T07:39:50.376394+00:00,2026-09-09T07:40:55.351935+00:00,64.975541,NIFTY|2026-09-15|23550|PE,a34f95706b9ebcc1527f74cf40d8a8cc5cc2b538ab504cbead4dbbd42ca64e62,2fd0b3c54778b3ed4bd7d02a77f632d00b4d5c4a635bfe4a582ca06e4342d8af,-4.25,1.3999999999999915,1.4000000000000057,0.15000000000000568,0.25
2026-09-09,PE,2026-09-09T07:43:00+00:00,2026-09-09T07:41:55.333284+00:00,2026-09-09T07:42:55.364444+00:00,60.03116,NIFTY|2026-09-15|23550|PE,c085b192a85ccf4dca7efd21c502e7fa807336b7a6a877fa01dee357f1c3c62a,3cc9a9ec01aee57107bbb21a7b4eab145b7125dc74c233faa9cd2ac90dff625a,-4.799999999999272,1.0999999999999943,0.5999999999999943,0.19999999999998863,0.29999999999999716
2026-09-09,PE,2026-09-09T07:44:00+00:00,2026-09-09T07:42:55.364444+00:00,2026-09-09T07:43:55.413011+00:00,60.048567,NIFTY|2026-09-15|23550|PE,3cc9a9ec01aee57107bbb21a7b4eab145b7125dc74c233faa9cd2ac90dff625a,5c8b40624db2229c0d08e8db65e8bd4cfb3c6c3b6a5944202cab87e9cade439e,-1.3999999999978172,0.20000000000001705,0.5500000000000114,0.29999999999999716,0.29999999999999716
2026-09-09,PE,2026-09-09T07:46:00+00:00,2026-09-09T07:44:55.352470+00:00,2026-09-09T07:45:55.407739+00:00,60.055269,NIFTY|2026-09-15|23550|PE,0bf462ba13104f17e686a079367b7ff0384215ac648915d40a16e33bd5282416,81b4232043441072431e6de5df39b7c6ba1fe256c58f578022eb445e8ef7c582,-1.2999999999992724,0.9500000000000028,1.0,0.25,0.25
2026-09-09,PE,2026-09-09T07:48:00+00:00,2026-09-09T07:46:50.379447+00:00,2026-09-09T07:47:55.348015+00:00,64.968568,NIFTY|2026-09-15|23550|PE,f887c9217f7fc52eb467c01e90054817d3bf20f6050a03650ea76e5f0dd6e89a,ae45773ef71926dd928113a89b01355c3d7ff8179648c1ae2a2f0abed3930d7b,-4.650000000001455,0.8249999999999886,0.5499999999999972,0.25,0.20000000000000284
2026-09-09,PE,2026-09-09T07:49:00+00:00,2026-09-09T07:47:55.348015+00:00,2026-09-09T07:48:55.467021+00:00,60.119006,NIFTY|2026-09-15|23550|PE,ae45773ef71926dd928113a89b01355c3d7ff8179648c1ae2a2f0abed3930d7b,decfe181770ef96ee64a215962b6e124b49455583c5458b4d5026f01badc4a56,4.5,-0.3749999999999858,-0.29999999999999716,0.20000000000000284,0.25
2026-09-09,PE,2026-09-09T07:51:00+00:00,2026-09-09T07:49:55.339203+00:00,2026-09-09T07:50:55.391146+00:00,60.051943,NIFTY|2026-09-15|23550|PE,4566901c14340451d9ebd16cf17b7adc5a5a5fe1e271d80d560e277b24a98542,b32999d5866500e41ae1f1084544562eb9a5a80f35d4e86585ec774a6311dd07,-0.6500000000014552,-0.04999999999998295,0.15000000000000568,0.20000000000000284,0.10000000000000853
2026-09-09,PE,2026-09-09T07:54:00+00:00,2026-09-09T07:52:55.375313+00:00,2026-09-09T07:53:55.376125+00:00,60.000812,NIFTY|2026-09-15|23550|PE,67f96a1462a42a1394546fcd23ea42053b1ee2587cb64d639a8d7904a3bb1389,37e201c26ac5fa9d77a6496edbae1649175d4f56f994dd5b11debadc17abc99e,-0.3499999999985448,0.2750000000000057,0.0,0.20000000000000284,0.25
2026-09-09,PE,2026-09-09T07:57:00+00:00,2026-09-09T07:55:55.363181+00:00,2026-09-09T07:56:55.395977+00:00,60.032796,NIFTY|2026-09-15|23550|PE,863c836496ffdd77903d063cf00c5415a81d6589554f21666d93fc7783667ef9,5a14c1fd3cf94b9e5b9b80c3dfac5b76c771cd265938f401a720ffeb8ddc47e7,2.5499999999992724,0.29999999999999716,0.09999999999999432,0.25,0.15000000000000568
2026-09-09,PE,2026-09-09T07:59:00+00:00,2026-09-09T07:57:55.385371+00:00,2026-09-09T07:58:55.651329+00:00,60.265958,NIFTY|2026-09-15|23550|PE,9f3c66ab147abfeff17be68adb74d8037ffa4aa4c26ea1b29b743c2af55cd1f2,5dbf43227aa86073dacb625f37e05e391f11b4e1237d452be69831c3e7f679ee,-2.4500000000007276,-0.8249999999999886,-1.0499999999999972,0.20000000000000284,0.25
2026-09-09,PE,2026-09-09T08:01:00+00:00,2026-09-09T07:59:55.374451+00:00,2026-09-09T08:00:55.496014+00:00,60.121563,NIFTY|2026-09-15|23550|PE,38d4fa859f960b0880bf9feaf3b16c7d9240a080dc97ca86321ee87e9bd241d6,39a05662e2867826d62a961db8a91b990d5f8c6e6832261c6a3ecd1faf9b3035,-2.5499999999992724,0.4000000000000057,0.20000000000000284,0.25,0.25
2026-09-09,PE,2026-09-09T08:04:00+00:00,2026-09-09T08:02:50.370777+00:00,2026-09-09T08:03:55.336242+00:00,64.965465,NIFTY|2026-09-15|23550|PE,662c4b34d5370f53771ce0669049e4e2095ed9f4e44f456bcedc5fa5fa75c24a,9173104624ebf320465e950581ee751e6cb4f1416e3a0ed11346ee769781b172,-8.399999999997817,2.0,2.049999999999997,0.25,0.15000000000000568
2026-09-09,PE,2026-09-09T08:05:00+00:00,2026-09-09T08:03:55.336242+00:00,2026-09-09T08:04:55.378524+00:00,60.042282,NIFTY|2026-09-15|23550|PE,9173104624ebf320465e950581ee751e6cb4f1416e3a0ed11346ee769781b172,ff65a9dcbedaf69ba31647aad8e6a038275dcf1a6643041934df7d2a27d02816,-4.650000000001455,-1.0999999999999943,-1.0999999999999943,0.15000000000000568,0.25
2026-09-09,PE,2026-09-09T08:06:00+00:00,2026-09-09T08:04:55.378524+00:00,2026-09-09T08:05:55.384896+00:00,60.006372,NIFTY|2026-09-15|23550|PE,ff65a9dcbedaf69ba31647aad8e6a038275dcf1a6643041934df7d2a27d02816,deae027c0042bb61ac1281d964812c894e736edb108cb53a7717c8b24af31471,1.7999999999992724,0.19999999999998863,0.45000000000000284,0.25,0.25
2026-09-09,PE,2026-09-09T08:07:00+00:00,2026-09-09T08:05:55.384896+00:00,2026-09-09T08:06:55.414571+00:00,60.029675,NIFTY|2026-09-15|23550|PE,deae027c0042bb61ac1281d964812c894e736edb108cb53a7717c8b24af31471,f67b760f3fdd51520ede0baec3d75e97d1246cd22f6a0cd4b8240045316737a1,0.8500000000021828,0.05000000000001137,-0.10000000000000853,0.25,0.14999999999999147
2026-09-09,PE,2026-09-09T08:09:00+00:00,2026-09-09T08:07:55.383375+00:00,2026-09-09T08:08:55.384424+00:00,60.001049,NIFTY|2026-09-15|23550|PE,1095a82d0358107e37a4bec48b0c1ba0582454f758d42fbd23a4ae825982a876,b7ffb50b5d2a56b91a039d69b76e239828d7c8cc2455d6f301f9b2668575464d,5.799999999999272,-0.5,-0.9000000000000057,0.20000000000000284,0.20000000000000284
2026-09-09,PE,2026-09-09T08:11:00+00:00,2026-09-09T08:09:50.366453+00:00,2026-09-09T08:10:55.332571+00:00,64.966118,NIFTY|2026-09-15|23550|PE,7e445325b684b44bcf8639e549b017519836bbc5bc294831e7cb460846d78fce,d2889b96fbea0083764b568482e3ee3c175d1459ffb11ad2175fb97750aa25b8,-2.5,0.7999999999999972,0.75,0.25,0.25
2026-09-09,PE,2026-09-09T08:12:00+00:00,2026-09-09T08:10:55.332571+00:00,2026-09-09T08:11:55.388625+00:00,60.056054,NIFTY|2026-09-15|23550|PE,d2889b96fbea0083764b568482e3ee3c175d1459ffb11ad2175fb97750aa25b8,d40c2576175187e1ac383d3597dd9f446cf225f4e4539521e55affd8e1f2ff3a,2.650000000001455,-1.3999999999999915,-1.5499999999999972,0.25,0.25
2026-09-09,PE,2026-09-09T08:14:00+00:00,2026-09-09T08:12:55.381170+00:00,2026-09-09T08:13:55.503167+00:00,60.121997,NIFTY|2026-09-15|23550|PE,f6d80b24f7f3daa95cd05b76291a1c68c21a8fdf927393c9d0e95ade50ab4889,ace40c923f1d399a14a07d3e3e0fdc8bdb7e142edc081ddd79d94b7e8d6a0948,0.1500000000014552,0.2750000000000057,0.5499999999999972,0.10000000000000853,0.25
2026-09-09,PE,2026-09-09T08:16:00+00:00,2026-09-09T08:14:50.395855+00:00,2026-09-09T08:15:55.331879+00:00,64.936024,NIFTY|2026-09-15|23550|PE,9583ba1376dbd46d41f949136bbd598fb6583a29a32e308759f45b08d3ac0b22,8f952b63d52e865aed1da3201989da17fc90d87fb53c799f3c851d58c2e542c3,-0.5,0.32500000000000284,0.29999999999999716,0.25,0.09999999999999432
2026-09-09,PE,2026-09-09T08:17:00+00:00,2026-09-09T08:15:55.331879+00:00,2026-09-09T08:16:55.385076+00:00,60.053197,NIFTY|2026-09-15|23550|PE,8f952b63d52e865aed1da3201989da17fc90d87fb53c799f3c851d58c2e542c3,290583d4a9cd740102739e9761863eb3cf57b2e550e5bb7b97fc042613fc13a6,-2.9500000000007276,1.375,1.25,0.09999999999999432,0.15000000000000568
2026-09-09,PE,2026-09-09T08:19:00+00:00,2026-09-09T08:17:55.336633+00:00,2026-09-09T08:18:55.370488+00:00,60.033855,NIFTY|2026-09-15|23550|PE,ab5d5312f6a79cf8f912d911f4aef7a422223e4c1748734d609b01c739b0aa57,b9232640328d1df4d35131d51cebf2e21768f437f77b6fd60e67ffb1568d5202,-2.8000000000029104,1.1750000000000114,1.0499999999999972,0.14999999999999147,0.20000000000000284
2026-09-09,PE,2026-09-09T08:21:00+00:00,2026-09-09T08:19:55.348189+00:00,2026-09-09T08:20:55.792379+00:00,60.44419,NIFTY|2026-09-15|23550|PE,395b640d66a101bdaddb1923b76a78ddb162e594b855ea0b734cfc3987223491,2c118513701484e7033c7a7e084bf8c4a4c8a34c4f6e7c50b11b4913bc9f52c1,2.7000000000007276,-0.17499999999999716,-0.05000000000001137,0.25,0.10000000000000853
2026-09-09,PE,2026-09-09T08:23:00+00:00,2026-09-09T08:21:50.733478+00:00,2026-09-09T08:22:55.492575+00:00,64.759097,NIFTY|2026-09-15|23550|PE,8ee9d2cdea3b6ba76f526472b394b43defee5269aff6d592932334c13ef05f06,3cb238ae90fc14e83481f3a80666ac84631cc7fbfac8d4d60b278ba60019c670,-0.4000000000014552,-0.3750000000000142,-0.09999999999999432,0.20000000000000284,0.25
2026-09-09,PE,2026-09-09T08:24:00+00:00,2026-09-09T08:22:55.492575+00:00,2026-09-09T08:23:55.671484+00:00,60.178909,NIFTY|2026-09-15|23550|PE,3cb238ae90fc14e83481f3a80666ac84631cc7fbfac8d4d60b278ba60019c670,0d55d4fd520ca722cbb62f22c489a6bed096780286c79ac8c23e40e1c95071cc,-0.09999999999854481,1.25,1.25,0.25,0.25
2026-09-09,PE,2026-09-09T08:25:00+00:00,2026-09-09T08:23:55.671484+00:00,2026-09-09T08:24:55.773948+00:00,60.102464,NIFTY|2026-09-15|23550|PE,0d55d4fd520ca722cbb62f22c489a6bed096780286c79ac8c23e40e1c95071cc,8ce13cca38e07ea02e156489262eb432d72cb5294278558f7370cd4b273e8501,-10.5,2.9750000000000085,2.549999999999997,0.25,0.29999999999999716
2026-09-09,PE,2026-09-09T08:27:00+00:00,2026-09-09T08:25:50.820922+00:00,2026-09-09T08:26:55.376800+00:00,64.555878,NIFTY|2026-09-15|23550|PE,a8c41f04f9e6aef66215bb9ff214ef08a45401cda0c63c9e761248564e3aa9bf,3f838737b87646fc7297ed982355e131b39eb459e7bfc92ce30f617dd2a4ceab,-4.099999999998545,0.17500000000001137,0.10000000000000853,0.25,0.20000000000000284
2026-09-09,PE,2026-09-09T08:29:00+00:00,2026-09-09T08:27:55.344634+00:00,2026-09-09T08:28:55.475925+00:00,60.131291,NIFTY|2026-09-15|23550|PE,a48290434ea4706f343638cf2d5006c9c4975bdb8ce3dec02ca42deee4007a2d,e9b0faa0de083c425ce5b269d3ea84c6471599520c65ad5d36f30480c56e9db9,4.150000000001455,-2.049999999999997,-1.9500000000000028,0.25,0.25
2026-09-09,PE,2026-09-09T08:30:00+00:00,2026-09-09T08:28:55.475925+00:00,2026-09-09T08:29:55.479754+00:00,60.003829,NIFTY|2026-09-15|23550|PE,e9b0faa0de083c425ce5b269d3ea84c6471599520c65ad5d36f30480c56e9db9,f933dc17c6e08f6e7cb775d0497f6a861cf08166c7b240f25f5168b42bb661fc,6.349999999998545,-2.3000000000000114,-2.25,0.25,0.25
2026-09-09,PE,2026-09-09T08:32:00+00:00,2026-09-09T08:30:50.501181+00:00,2026-09-09T08:31:55.376243+00:00,64.875062,NIFTY|2026-09-15|23550|PE,19c152b20263e7384e3227e17ffffb2ce0b257640ccbd271dc60bd7c3578829e,3ecac5be4b003740eee31914fab4842cb8ce13b5b242c09c213b4145480eea5f,4.549999999999272,-3.450000000000003,-3.549999999999997,0.04999999999999716,0.25
2026-09-09,PE,2026-09-09T08:34:00+00:00,2026-09-09T08:32:55.352444+00:00,2026-09-09T08:33:55.358183+00:00,60.005739,NIFTY|2026-09-15|23550|PE,d43834027067fd584ad5a6857e483f4e25c899be1ea225364688a2459d27ecf2,1b8360d31b741745cb984e95476f68db4a45f1948744773ac3fe239332f1d956,-4.399999999997817,2.1999999999999886,2.0999999999999943,0.25,0.25
2026-09-09,PE,2026-09-09T08:35:00+00:00,2026-09-09T08:33:55.358183+00:00,2026-09-09T08:34:55.385478+00:00,60.027295,NIFTY|2026-09-15|23550|PE,1b8360d31b741745cb984e95476f68db4a45f1948744773ac3fe239332f1d956,4aff9420b50f61c5aa2a58a5f68669549a4c161e0c76c69abc8eb0f6be660ba1,-1.9000000000014552,-0.04999999999999716,0.04999999999999716,0.25,0.15000000000000568
2026-09-09,PE,2026-09-09T08:36:00+00:00,2026-09-09T08:34:55.385478+00:00,2026-09-09T08:35:55.401642+00:00,60.016164,NIFTY|2026-09-15|23550|PE,4aff9420b50f61c5aa2a58a5f68669549a4c161e0c76c69abc8eb0f6be660ba1,6d93ae1e6f2e26c61479a2f572ff49ead658307a50a419dd5a15892e72f2b36a,5.950000000000728,0.04999999999999716,-0.09999999999999432,0.15000000000000568,0.25
2026-09-09,PE,2026-09-09T08:38:00+00:00,2026-09-09T08:36:50.397558+00:00,2026-09-09T08:37:55.323138+00:00,64.92558,NIFTY|2026-09-15|23550|PE,a173dc3176ec0a41f0e23253fdbb4d4882f9b988a45310be5ae344db8372d0c8,85b32dacd561a1aa0536eddd8daddd2f8831e813b00de6b586db06edb22b3d0f,-4.0,1.0,1.5,0.20000000000000284,0.20000000000000284
2026-09-09,PE,2026-09-09T08:39:00+00:00,2026-09-09T08:37:55.323138+00:00,2026-09-09T08:38:55.382421+00:00,60.059283,NIFTY|2026-09-15|23550|PE,85b32dacd561a1aa0536eddd8daddd2f8831e813b00de6b586db06edb22b3d0f,d5394629896a97f3a0e34f07d001d2c7905e08f592757823c654ccdd6c7385aa,-1.3499999999985448,0.700000000000017,0.5499999999999972,0.20000000000000284,0.20000000000000284
2026-09-09,PE,2026-09-09T08:40:00+00:00,2026-09-09T08:38:55.382421+00:00,2026-09-09T08:39:55.505886+00:00,60.123465,NIFTY|2026-09-15|23550|PE,d5394629896a97f3a0e34f07d001d2c7905e08f592757823c654ccdd6c7385aa,12687d39678699143ef5e3c5598b22d1ce1cbd54b3228d1c6e0f687c836bf7aa,-2.849999999998545,2.2249999999999943,2.1500000000000057,0.20000000000000284,0.25
2026-09-09,PE,2026-09-09T08:41:00+00:00,2026-09-09T08:39:55.505886+00:00,2026-09-09T08:40:55.745158+00:00,60.239272,NIFTY|2026-09-15|23550|PE,12687d39678699143ef5e3c5598b22d1ce1cbd54b3228d1c6e0f687c836bf7aa,830b859525a6d58088da7ebe5e4ff1774571105170ac1c0b9471036a51d57ba5,-5.950000000000728,1.1999999999999886,1.3499999999999943,0.25,0.25
2026-09-09,PE,2026-09-09T08:42:00+00:00,2026-09-09T08:40:55.745158+00:00,2026-09-09T08:41:55.754608+00:00,60.00945,NIFTY|2026-09-15|23550|PE,830b859525a6d58088da7ebe5e4ff1774571105170ac1c0b9471036a51d57ba5,5da76e2ef2ed374bbc7a770b13e3fdacfc1df848f8225d5dd0abb222e6979863,3.5499999999992724,-2.375,-2.3999999999999915,0.25,0.20000000000000284
2026-09-09,PE,2026-09-09T08:44:00+00:00,2026-09-09T08:42:50.347601+00:00,2026-09-09T08:43:55.333044+00:00,64.985443,NIFTY|2026-09-15|23550|PE,e6ab52c6f5a5acc313728fb9f53aed301b1f07696c77c84767578aa045421e6d,10721f6e77bbfe470070a3e3c42d692b8033c4bcad0990fd9375124bafefd1db,-9.099999999998545,3.2249999999999943,2.8000000000000114,0.10000000000000853,0.25
2026-09-09,PE,2026-09-09T08:45:00+00:00,2026-09-09T08:43:55.333044+00:00,2026-09-09T08:44:55.377752+00:00,60.044708,NIFTY|2026-09-15|23550|PE,10721f6e77bbfe470070a3e3c42d692b8033c4bcad0990fd9375124bafefd1db,50090ae5dabeda044a607fda6b84c95dc24903cf5e4fafba0340d2f8c9d3ac89,3.4499999999970896,-0.5749999999999886,-0.4000000000000057,0.25,0.29999999999999716
2026-09-09,PE,2026-09-09T08:46:00+00:00,2026-09-09T08:44:55.377752+00:00,2026-09-09T08:45:55.450785+00:00,60.073033,NIFTY|2026-09-15|23550|PE,50090ae5dabeda044a607fda6b84c95dc24903cf5e4fafba0340d2f8c9d3ac89,3113b52043c6fa0f65929edffd38bcbdbfc8b1c4365e30983ea5932f10a45cb2,-1.1499999999978172,0.5249999999999915,0.45000000000000284,0.29999999999999716,0.25
2026-09-09,PE,2026-09-09T08:48:00+00:00,2026-09-09T08:46:50.370292+00:00,2026-09-09T08:47:55.342623+00:00,64.972331,NIFTY|2026-09-15|23550|PE,f4dad5c3d81b3537cb4fd0ae5450882e14a48187ef2fb014ec7185410a48c1f4,3469008129939d1351a2dbae0a147cc75345b595556388f480fd39b30eaa9bdb,1.1500000000014552,-1.9749999999999943,-1.5999999999999943,0.25,0.09999999999999432
2026-09-09,PE,2026-09-09T08:49:00+00:00,2026-09-09T08:47:55.342623+00:00,2026-09-09T08:48:55.528638+00:00,60.186015,NIFTY|2026-09-15|23550|PE,3469008129939d1351a2dbae0a147cc75345b595556388f480fd39b30eaa9bdb,01cba624fff144d26d3c0958d89352fa099d8830b303979290ac05e85853fd3d,-1.5999999999985448,0.22499999999999432,-0.09999999999999432,0.09999999999999432,0.25
2026-09-09,PE,2026-09-09T08:50:00+00:00,2026-09-09T08:48:55.528638+00:00,2026-09-09T08:49:55.620854+00:00,60.092216,NIFTY|2026-09-15|23550|PE,01cba624fff144d26d3c0958d89352fa099d8830b303979290ac05e85853fd3d,b16664b05abf23b5a8c5dd3506c31e5dd38c0ec16ea74e471a72fe8d41a25189,1.5499999999992724,0.07500000000001705,0.19999999999998863,0.25,0.29999999999999716
2026-09-09,PE,2026-09-09T08:52:00+00:00,2026-09-09T08:50:55.348309+00:00,2026-09-09T08:51:55.383454+00:00,60.035145,NIFTY|2026-09-15|23550|PE,7e8a7ff7ae88f20a22fea08fe7ed2057ce525febbc95299be7fe9d313e09b36f,c1e9bd645d5df159319cf42cddcb93dbfbf10fef556fb50bee5810a7337b878c,3.7999999999992724,-1.7750000000000057,-2.0500000000000114,0.25,0.29999999999999716
2026-09-09,PE,2026-09-09T08:55:00+00:00,2026-09-09T08:53:55.350071+00:00,2026-09-09T08:54:55.395565+00:00,60.045494,NIFTY|2026-09-15|23550|PE,58157a3d5e69b34f0f33f45d82361bea33ce35e171b7ec72b54281a87716de82,1987caf0e4005d207722f32ac6df8fec73c8d32890caea531019dcb4986ff8b9,-3.25,-0.5,-0.45000000000000284,0.19999999999998863,0.19999999999998863
2026-09-09,PE,2026-09-09T08:57:00+00:00,2026-09-09T08:55:50.388190+00:00,2026-09-09T08:56:55.376960+00:00,64.98877,NIFTY|2026-09-15|23550|PE,026f90cdf47f82afc8844ca387853c28aa53e1e23f4ff9fd307600078fdc4129,b38b737f554a81129f23b6ecfe996ad3187b6952d3c57a2b97b50271d551359c,1.3499999999985448,0.09999999999999432,0.09999999999999432,0.10000000000000853,0.19999999999998863
2026-09-09,PE,2026-09-09T08:59:00+00:00,2026-09-09T08:57:55.346620+00:00,2026-09-09T08:58:55.347682+00:00,60.001062,NIFTY|2026-09-15|23550|PE,e59dce9e393962ee526558de2c3c5a2fd543b349d463e76c5b72d50c5c5a5bd6,3382bd4c2d052b535609aaf63155f2902ccbe2f10674d70f9ddf80d3af88447b,2.2000000000007276,-2.0249999999999915,-2.0,0.29999999999999716,0.15000000000000568
2026-09-09,PE,2026-09-09T09:00:00+00:00,2026-09-09T08:58:55.347682+00:00,2026-09-09T08:59:55.380376+00:00,60.032694,NIFTY|2026-09-15|23550|PE,3382bd4c2d052b535609aaf63155f2902ccbe2f10674d70f9ddf80d3af88447b,252bd12a61ca6fd33979a9b1587e87ebb4cd26f5ebbd014a5e814094bf6d97e6,-2.600000000002183,1.4750000000000085,1.6500000000000057,0.15000000000000568,0.29999999999999716
2026-09-09,PE,2026-09-09T09:02:00+00:00,2026-09-09T09:00:50.354681+00:00,2026-09-09T09:01:55.326463+00:00,64.971782,NIFTY|2026-09-15|23550|PE,9c31c88f333fb825251c845d47bf754d59e0cbb05546e2c5d10aded467a8f4c0,c827f6358c24b43b234b7049d5688528a22a88e5e97d1c532edb995afc58e8d2,-3.149999999997817,0.7750000000000057,0.9500000000000028,0.29999999999999716,0.15000000000000568
2026-09-09,PE,2026-09-09T09:05:00+00:00,2026-09-09T09:03:55.381318+00:00,2026-09-09T09:04:55.398091+00:00,60.016773,NIFTY|2026-09-15|23500|PE,e41a52240a746e05de0e3e95ae9988880a6e3f1f33628c648b8261e49e2c6b55,264f75410bc512cdc653033e78c265d8a6e5ee9ee9fbdc21a4baed17982e8324,-5.049999999999272,1.8250000000000028,1.75,0.25,0.19999999999998863
2026-09-09,PE,2026-09-09T09:07:00+00:00,2026-09-09T09:05:55.328032+00:00,2026-09-09T09:06:55.338704+00:00,60.010672,NIFTY|2026-09-15|23500|PE,af8ad75025a8e9f32fb671fefc0df8897856a00f786b4c838b7ea1c30be404ad,c826e3629a3cd228f0b4e57360ecb7eba17d06838156dbed511a1fa7be8f52db,-3.1999999999970896,1.5,1.5,0.20000000000000284,0.20000000000000284
2026-09-09,PE,2026-09-09T09:08:00+00:00,2026-09-09T09:06:55.338704+00:00,2026-09-09T09:07:55.388679+00:00,60.049975,NIFTY|2026-09-15|23500|PE,c826e3629a3cd228f0b4e57360ecb7eba17d06838156dbed511a1fa7be8f52db,82437a4dca02d4e27ac347f34faeb6abc8719ab0078f078165f5a82629d7724d,-8.30000000000291,1.9000000000000057,1.9499999999999886,0.20000000000000284,0.29999999999999716
2026-09-09,PE,2026-09-09T09:09:00+00:00,2026-09-09T09:07:55.388679+00:00,2026-09-09T09:08:55.479237+00:00,60.090558,NIFTY|2026-09-15|23500|PE,82437a4dca02d4e27ac347f34faeb6abc8719ab0078f078165f5a82629d7724d,4225cac09907239805b57aad6bca2ed98a4a5c71aa1f14dedf65b25ca486f309,-4.44999999999709,1.3749999999999858,1.7000000000000028,0.29999999999999716,0.25
2026-09-09,PE,2026-09-09T09:11:00+00:00,2026-09-09T09:09:55.339016+00:00,2026-09-09T09:10:55.371814+00:00,60.032798,NIFTY|2026-09-15|23500|PE,90bb29b41f36dc4397ab73b4e14455979e9590a76b062dbce25da11e2e254896,fdb4c3e15c5fdb846477cae78d67b9f10d36a8bf312a6f3ca51452ae756d348e,-2.9500000000007276,3.5999999999999943,3.549999999999997,0.15000000000000568,0.25
2026-09-09,PE,2026-09-09T09:12:00+00:00,2026-09-09T09:10:55.371814+00:00,2026-09-09T09:11:55.372927+00:00,60.001113,NIFTY|2026-09-15|23500|PE,fdb4c3e15c5fdb846477cae78d67b9f10d36a8bf312a6f3ca51452ae756d348e,cd7ce127aaef1db8e77e90a508f5caa0c185ad9e8da7c0cf11d6e9e11b1d846a,2.7000000000007276,-2.1499999999999915,-2.1999999999999886,0.25,0.25
2026-09-09,PE,2026-09-09T09:13:00+00:00,2026-09-09T09:11:55.372927+00:00,2026-09-09T09:12:55.388200+00:00,60.015273,NIFTY|2026-09-15|23500|PE,cd7ce127aaef1db8e77e90a508f5caa0c185ad9e8da7c0cf11d6e9e11b1d846a,dded24ba0dcf22bf7fe0af3896c8d201a01cff0f3e7ab07cef33cfb1d2675436,-4.349999999998545,0.125,-0.05000000000001137,0.25,0.20000000000000284
2026-09-09,PE,2026-09-09T09:15:00+00:00,2026-09-09T09:13:55.375889+00:00,2026-09-09T09:14:55.390664+00:00,60.014775,NIFTY|2026-09-15|23500|PE,5b3f9ab5d4698a127f4e81235f28f54daa721d2eb6527c83ae299ebe8f4e7a7d,d13b106f8d4ff71b19e61ea930ccf7e0f1446301d3f30568a2f212c17ed27cbe,-3.149999999997817,1.0750000000000028,1.25,0.20000000000000284,0.25
2026-09-09,PE,2026-09-09T09:17:00+00:00,2026-09-09T09:15:55.350283+00:00,2026-09-09T09:16:55.379556+00:00,60.029273,NIFTY|2026-09-15|23500|PE,a160290a0691de15b9fc30ea8ba07307f1b78948a33033a8200717b13758c053,509d88fde1d321d0320636b8a9b975fd80699de4c1f705163bcb79c70a0b35b4,2.850000000002183,-1.0749999999999886,-1.2999999999999972,0.25,0.29999999999999716
2026-09-09,PE,2026-09-09T09:19:00+00:00,2026-09-09T09:17:55.362107+00:00,2026-09-09T09:18:55.376759+00:00,60.014652,NIFTY|2026-09-15|23500|PE,1d757aae024e113e487c50b97fe75e2e33b88be7704e72d8653af7fe1eb07036,a4f0039ee46055154817a31c77b746bbc5a8da256f327ab77765df677b19784c,-0.6500000000014552,-0.15000000000000568,-0.04999999999999716,0.19999999999998863,0.20000000000000284
2026-09-09,PE,2026-09-09T09:21:00+00:00,2026-09-09T09:19:55.338406+00:00,2026-09-09T09:20:55.383796+00:00,60.04539,NIFTY|2026-09-15|23500|PE,2c7c3958342498a6357c69d3b84d4bb6bd94b87106bbc19c9fade551b26cb633,0840813e098a5e28aa4b762da6c7dfa25b2ba8ce2943eb17a2e70399f9377a6c,3.100000000002183,-1.625,-1.4000000000000057,0.25,0.19999999999998863
2026-09-09,PE,2026-09-09T09:22:00+00:00,2026-09-09T09:20:55.383796+00:00,2026-09-09T09:21:55.387772+00:00,60.003976,NIFTY|2026-09-15|23500|PE,0840813e098a5e28aa4b762da6c7dfa25b2ba8ce2943eb17a2e70399f9377a6c,7cb9f0b7f965a0ad911e7bba5d3d3193a98d1881c6bc82810a7d60b74aafb1bd,-3.4500000000007276,2.200000000000003,2.0,0.19999999999998863,0.09999999999999432
2026-09-09,PE,2026-09-09T09:24:00+00:00,2026-09-09T09:22:50.397319+00:00,2026-09-09T09:23:55.364509+00:00,64.96719,NIFTY|2026-09-15|23500|PE,1141f02598a597a8e0b6042aaf1110e90e21036375b5334fe9e19e1138f899df,6c54d3b5e8863ac690d0fb210956b371a385da3f0564f93aabfef0bd002fda92,3.5,-1.0500000000000114,-1.0,0.25,0.25
2026-09-09,PE,2026-09-09T09:25:00+00:00,2026-09-09T09:23:55.364509+00:00,2026-09-09T09:24:55.378682+00:00,60.014173,NIFTY|2026-09-15|23500|PE,6c54d3b5e8863ac690d0fb210956b371a385da3f0564f93aabfef0bd002fda92,d1a5c39c92a913ecd4645fb6734d17b72715a0ed5d1287627690b2d5b848bb52,-1.3499999999985448,0.875,0.7000000000000028,0.25,0.20000000000000284
2026-09-09,PE,2026-09-09T09:27:00+00:00,2026-09-09T09:25:50.559785+00:00,2026-09-09T09:26:55.336701+00:00,64.776916,NIFTY|2026-09-15|23500|PE,e815fb057c490edb60232379bb82aeda247226a7df49a8ed3f28094fa8cd816e,0f26ba78b11c4b976d62156eba50a74250b51ab47d69b0b48fb10c82af612aff,-6.150000000001455,2.3249999999999886,2.299999999999997,0.20000000000000284,0.25
2026-09-09,PE,2026-09-09T09:28:00+00:00,2026-09-09T09:26:55.336701+00:00,2026-09-09T09:27:55.633662+00:00,60.296961,NIFTY|2026-09-15|23500|PE,0f26ba78b11c4b976d62156eba50a74250b51ab47d69b0b48fb10c82af612aff,b8a38dafd8a2fce86ad23bd9b4d229561fcb084778af8373586f737c09fb8083,4.25,-1.5749999999999886,-1.3999999999999915,0.25,0.20000000000000284
2026-09-09,PE,2026-09-09T09:30:00+00:00,2026-09-09T09:28:55.372639+00:00,2026-09-09T09:29:55.379400+00:00,60.006761,NIFTY|2026-09-15|23500|PE,5bc53a2ce43b193deb53d4fdc7dae06c70ec5445934f92fc91076513c764cd4f,aa9731063d59b1a84a79941394ae777ebf0d2e491849c09afe495f2083fad608,0.1500000000014552,0.17500000000001137,0.14999999999999147,0.25,0.29999999999999716
2026-09-09,PE,2026-09-09T09:31:00+00:00,2026-09-09T09:29:55.379400+00:00,2026-09-09T09:30:55.385595+00:00,60.006195,NIFTY|2026-09-15|23500|PE,aa9731063d59b1a84a79941394ae777ebf0d2e491849c09afe495f2083fad608,a710763e76569e9fce019bfc3b285eaf719cba1350e73f79ac38fde830f1f90e,-0.3000000000029104,1.6999999999999886,2.0,0.29999999999999716,0.29999999999999716
2026-09-09,PE,2026-09-09T09:32:00+00:00,2026-09-09T09:30:55.385595+00:00,2026-09-09T09:31:55.464151+00:00,60.078556,NIFTY|2026-09-15|23500|PE,a710763e76569e9fce019bfc3b285eaf719cba1350e73f79ac38fde830f1f90e,935d38d22317288aec0f2cbe1405fa17ac0c4d3f802dedde33a3b919abecaf09,-5.5,1.5750000000000028,1.5499999999999972,0.29999999999999716,0.25
2026-09-09,PE,2026-09-09T09:35:00+00:00,2026-09-09T09:33:55.358810+00:00,2026-09-09T09:34:55.409663+00:00,60.050853,NIFTY|2026-09-15|23450|PE,32921d76232dd7398515a7a6edf591b05803037d774e75679464ba68ba17ff6d,f530236c4fca2f387a39610262f113d8d1717ce014f1d55e00512bf461754775,-5.649999999997817,5.150000000000006,5.25,0.20000000000000284,0.20000000000000284
2026-09-09,PE,2026-09-09T09:37:00+00:00,2026-09-09T09:35:55.384873+00:00,2026-09-09T09:36:55.392660+00:00,60.007787,NIFTY|2026-09-15|23450|PE,fb27d5ab907954ec6ccde84cf085a9395645bd2e6fabdf0270b4a5fe6799135e,d4cd6134cd3f95041f1e70efa0e427dac93b515529b33ae0856dbcfac98b0dcc,-2.7000000000007276,2.0749999999999886,2.299999999999997,0.04999999999999716,0.30000000000001137
2026-09-09,PE,2026-09-09T09:39:00+00:00,2026-09-09T09:37:55.372615+00:00,2026-09-09T09:38:55.411930+00:00,60.039315,NIFTY|2026-09-15|23450|PE,f99e0fede71182dab4e6c3071a761d6c3dc4666a891cf1aa8082c4c87f75f00b,4ba3c1d81f83827aa1bfd2537424e50ad8f43de2ab9712d7bfd6854bfa60e0d8,10.049999999999272,-5.174999999999997,-4.950000000000003,0.15000000000000568,0.29999999999999716
2026-09-09,PE,2026-09-09T09:41:00+00:00,2026-09-09T09:39:50.381803+00:00,2026-09-09T09:40:55.335918+00:00,64.954115,NIFTY|2026-09-15|23450|PE,b56257688dd3e851c12b79c3e53420de7749e2ed11c2642c5eec5565040808e5,6c5299b404ef18ac13990c69ef9ac99d9ef4097d429d2032bf8521079787204b,2.7000000000007276,0.6999999999999886,0.6500000000000057,0.20000000000000284,0.20000000000000284
2026-09-09,PE,2026-09-09T09:42:00+00:00,2026-09-09T09:40:55.335918+00:00,2026-09-09T09:41:55.401016+00:00,60.065098,NIFTY|2026-09-15|23450|PE,6c5299b404ef18ac13990c69ef9ac99d9ef4097d429d2032bf8521079787204b,e4eb659a02eccb9ddfc7211de92f5ed7fa9eff3543cd33d5ceaf5e37b8df39b0,-4.0,2.125,2.3499999999999943,0.20000000000000284,0.14999999999999147
2026-09-09,PE,2026-09-09T09:44:00+00:00,2026-09-09T09:42:55.335460+00:00,2026-09-09T09:43:55.347238+00:00,60.011778,NIFTY|2026-09-15|23450|PE,5cc2684ac6a3b41df85145fbe3f65dcfebfed19d095552caa54c33b790981eab,a44eb720f6e3f1579f8e58cd1a8ea929a1b53a6eb6eb823572fbc574c2cabd7a,3.600000000002183,-0.5500000000000114,-1.1000000000000085,0.20000000000000284,0.20000000000000284
2026-09-09,PE,2026-09-09T09:45:00+00:00,2026-09-09T09:43:55.347238+00:00,2026-09-09T09:44:55.358553+00:00,60.011315,NIFTY|2026-09-15|23450|PE,a44eb720f6e3f1579f8e58cd1a8ea929a1b53a6eb6eb823572fbc574c2cabd7a,47de825d97d93f026457d4a1bb0f2a9bdd08e0bf8ed80a6d0ee0d17bade321c2,-8.600000000002183,0.5750000000000028,0.3500000000000085,0.20000000000000284,0.15000000000000568
2026-09-09,PE,2026-09-09T09:46:00+00:00,2026-09-09T09:44:55.358553+00:00,2026-09-09T09:45:55.398329+00:00,60.039776,NIFTY|2026-09-15|23450|PE,47de825d97d93f026457d4a1bb0f2a9bdd08e0bf8ed80a6d0ee0d17bade321c2,8c9ce938fef807b683dbd8397ada2ac21c776656336f92b83549753940a61bb0,1.9000000000014552,-0.2749999999999915,0.20000000000000284,0.15000000000000568,0.20000000000000284
2026-09-09,PE,2026-09-09T09:48:00+00:00,2026-09-09T09:46:55.355128+00:00,2026-09-09T09:47:55.401237+00:00,60.046109,NIFTY|2026-09-15|23450|PE,de8f761ef71fb96f4e8b79aceb308f1ac6aefc5e2bea5b896c272c5494c4c442,601d03d0aaf446e3a7c98013e9ddf40325015aad6efcfb2ccdbbfe54ab0282a7,0.0,0.75,0.45000000000000284,0.25,0.14999999999999147
2026-09-09,PE,2026-09-09T09:53:00+00:00,2026-09-09T09:51:55.342423+00:00,2026-09-09T09:52:55.383553+00:00,60.04113,NIFTY|2026-09-15|23450|PE,1a8ab1aa65721671cfb427ea373bd327a94c0465002d1918c5172d01fb72addc,d1ade7bbb0cd3ddb345c3af7b1d4da473df8443fb997543b4cd4cd7f50255c4b,0.0,0.3750000000000142,0.5999999999999943,0.20000000000000284,0.15000000000000568
2026-09-09,PE,2026-09-09T09:55:00+00:00,2026-09-09T09:53:55.344019+00:00,2026-09-09T09:54:55.349626+00:00,60.005607,NIFTY|2026-09-15|23450|PE,e003b7512a0697391fad4bad7eecdb10ee723e97e87eace72d63842452919590,619b05b31b052f6312bc7e2271809734b4a973c3a966c22a1af43a27daaaa017,0.0,-0.6000000000000085,-0.5500000000000114,0.25,0.25
2026-09-09,PE,2026-09-09T09:56:00+00:00,2026-09-09T09:54:55.349626+00:00,2026-09-09T09:55:56.106012+00:00,60.756386,NIFTY|2026-09-15|23450|PE,619b05b31b052f6312bc7e2271809734b4a973c3a966c22a1af43a27daaaa017,7dad9e5f9e56f2229e8ab8039dfa743e0ff39d8c25d6120b0e634604e7dd7528,0.0,-0.7249999999999943,-0.5999999999999943,0.25,0.19999999999998863
2026-09-09,PE,2026-09-09T09:58:00+00:00,2026-09-09T09:56:55.338000+00:00,2026-09-09T09:57:55.341839+00:00,60.003839,NIFTY|2026-09-15|23450|PE,b2a275f748e1d2740c98c639d449c51945aa382713becd6d6f761b414ac176c6,9618bbeb7b05c7e7d4329341aba78eefaeca46df5199d8cf555abed3e3e42c56,0.0,-0.20000000000001705,-0.14999999999999147,0.20000000000000284,0.20000000000000284
2026-09-09,PE,2026-09-09T10:00:00+00:00,2026-09-09T09:58:50.469519+00:00,2026-09-09T09:59:55.337944+00:00,64.868425,NIFTY|2026-09-15|23450|PE,6034b78cce3b1736bcc924cde50e743de11ec719c10ddc89ad9a000d3cedee62,e5767c7b4d5c019fa9702fda3ce8bfec6fdc5d191ab8340cb1d07d268bb432bf,0.0,2.575000000000003,2.3499999999999943,0.30000000000001137,0.25
2026-09-10,CE,2026-09-10T03:47:00+00:00,2026-09-10T03:45:55.354307+00:00,2026-09-10T03:46:55.366446+00:00,60.012139,NIFTY|2026-09-15|23450|CE,c8da65ff9cac52c1d69cc4f5614ec9e97c5b241d1ce6d1eaaed9ac25d1303303,901d94bfe5f44d15e3a98e93c1c2a8276677d3e998c0e5443ed06709aaf10454,-24.600000000002183,-11.174999999999983,-11.950000000000017,0.3499999999999943,0.30000000000001137
2026-09-10,CE,2026-09-10T03:49:00+00:00,2026-09-10T03:47:50.336647+00:00,2026-09-10T03:48:55.332939+00:00,64.996292,NIFTY|2026-09-15|23450|CE,138a1ffde907e0a48e7375f3724c236843912f78f4bb5645e2e4ac9aada43b65,293ba4203a0cc9b375f3d678673144eb4c462dcf5135d6bedc49705c14881c2b,11.399999999997817,4.949999999999989,4.599999999999994,0.3499999999999943,0.15000000000000568
2026-09-10,CE,2026-09-10T03:50:00+00:00,2026-09-10T03:48:55.332939+00:00,2026-09-10T03:49:55.458190+00:00,60.125251,NIFTY|2026-09-15|23450|CE,293ba4203a0cc9b375f3d678673144eb4c462dcf5135d6bedc49705c14881c2b,6cc9d3b608d89de723a52e47252a5ef41d6d5203a7fdfbc325450fae0dc0ff61,-12.149999999997817,-5.350000000000023,-4.900000000000006,0.15000000000000568,0.25
2026-09-10,CE,2026-09-10T03:52:00+00:00,2026-09-10T03:50:55.343777+00:00,2026-09-10T03:51:55.352201+00:00,60.008424,NIFTY|2026-09-15|23450|CE,3790f06e7a6d4ad9c56609d017fe092bc264bd80865777b526d545e489f92340,e60353ce7a8f3ebca1957e3caaebdb0e63f3231f700555ee1fcba688cd3b2214,14.350000000002183,5.875,5.849999999999994,0.25,0.19999999999998863
2026-09-10,CE,2026-09-10T03:54:00+00:00,2026-09-10T03:52:50.334022+00:00,2026-09-10T03:53:55.331628+00:00,64.997606,NIFTY|2026-09-15|23400|CE,79007553df62209442b4eee32f04213ca07eaa1a8258f545a1265c9d5b3c7401,9930198fd947573d99b10c0bf72e22a000bb9bb870809f250674dae02b3da8cc,-7.549999999999272,-5.150000000000006,-4.5,0.39999999999997726,0.30000000000001137
2026-09-10,CE,2026-09-10T03:58:00+00:00,2026-09-10T03:56:55.343883+00:00,2026-09-10T03:57:55.355883+00:00,60.012,NIFTY|2026-09-15|23450|CE,af44558b153da680badd56d7b0c63735e0c180fb936a5f26df6bef94e5b7fb3a,e4a9204a444e24054f914cdb144d87dd54e7c68e4136e3929bd508cb4025ee77,3.2000000000007276,-0.7750000000000057,-0.5,0.14999999999997726,0.30000000000001137
2026-09-10,CE,2026-09-10T04:00:00+00:00,2026-09-10T03:58:55.336930+00:00,2026-09-10T03:59:55.345217+00:00,60.008287,NIFTY|2026-09-15|23450|CE,8a7f52c5ec751fd4837869938cc1690caff5d0325d8759e543b17bbf76df5f17,8a665c0bd60685c74161b0d5bd781c7b107c4cd26220d243045b3801b1c385d5,-5.900000000001455,-4.150000000000034,-4.150000000000006,0.3499999999999943,0.3499999999999943
2026-09-10,CE,2026-09-10T04:02:00+00:00,2026-09-10T04:00:50.347926+00:00,2026-09-10T04:01:55.336729+00:00,64.988803,NIFTY|2026-09-15|23400|CE,168d2345ac9422fedc7d63942c13abe073e13f3b55091a4cd387d8040771832b,c08d988bb0255aefd09a4b60aa2f58fd63ae9028588f68aa7aa6f3da02afc0da,-1.1500000000014552,1.0750000000000455,1.4499999999999886,0.3499999999999943,0.4000000000000057
2026-09-10,CE,2026-09-10T04:05:00+00:00,2026-09-10T04:03:50.337756+00:00,2026-09-10T04:04:55.331434+00:00,64.993678,NIFTY|2026-09-15|23450|CE,d45bc9566fdeef8f92fbf47e420d9a1804b775278adc53dc4fe9a841e5485fbe,a6ae6eae630ae6031e15fbafda5dec1f06ef1be2714ed0108c9c5ba49e2ae635,-4.450000000000728,-2.6000000000000227,-2.25,0.3499999999999943,0.14999999999997726
2026-09-10,CE,2026-09-10T04:06:00+00:00,2026-09-10T04:04:55.331434+00:00,2026-09-10T04:05:55.339017+00:00,60.007583,NIFTY|2026-09-15|23450|CE,a6ae6eae630ae6031e15fbafda5dec1f06ef1be2714ed0108c9c5ba49e2ae635,4f79180f87be812e0080a7ab761ad9f7ea226e09a3cf8f888263453adaeb4ea8,-2.099999999998545,-2.5999999999999943,-2.950000000000017,0.14999999999997726,0.25
2026-09-10,CE,2026-09-10T04:07:00+00:00,2026-09-10T04:05:55.339017+00:00,2026-09-10T04:06:55.352208+00:00,60.013191,NIFTY|2026-09-15|23450|CE,4f79180f87be812e0080a7ab761ad9f7ea226e09a3cf8f888263453adaeb4ea8,aee142194c127a56792ff84ced1d4e1ea2cf2f827461ed08833df2eb8223f653,5.849999999998545,3.6500000000000057,4.300000000000011,0.25,0.3499999999999943
2026-09-10,CE,2026-09-10T04:10:00+00:00,2026-09-10T04:08:55.336008+00:00,2026-09-10T04:09:55.337137+00:00,60.001129,NIFTY|2026-09-15|23400|CE,83007487b06a5968fccce397063ada6e6e3f3c8a21eff88513ccb7876b1a6bb3,7e5b78dec0a0ee253c7379d6fc5278a6f441615e7ed3f575be71dc2bb0198efa,0.4500000000007276,-0.5,-0.15000000000000568,0.4000000000000057,0.09999999999999432
2026-09-10,CE,2026-09-10T04:11:00+00:00,2026-09-10T04:09:55.337137+00:00,2026-09-10T04:10:55.368127+00:00,60.03099,NIFTY|2026-09-15|23400|CE,7e5b78dec0a0ee253c7379d6fc5278a6f441615e7ed3f575be71dc2bb0198efa,fb519ea419b13ef9bd7941b61df385f040fe318b3ca379df00382d6e486b3ee6,3.650000000001455,3.2749999999999773,2.9499999999999886,0.09999999999999432,0.3499999999999943
2026-09-10,CE,2026-09-10T04:23:00+00:00,2026-09-10T04:21:50.338905+00:00,2026-09-10T04:22:55.330981+00:00,64.992076,NIFTY|2026-09-15|23450|CE,6a90bdb732915ae551435889bebdcf404536e3dd1215bbb1cc68a558fccb9db1,b311573b83cda4dfd6260a8fe814d919c8869f60c11cb94e776e353d3c7e14e2,-2.599999999998545,-2.2249999999999943,-2.5999999999999943,0.4000000000000057,0.25
2026-09-10,CE,2026-09-10T04:24:00+00:00,2026-09-10T04:22:55.330981+00:00,2026-09-10T04:23:55.395074+00:00,60.064093,NIFTY|2026-09-15|23450|CE,b311573b83cda4dfd6260a8fe814d919c8869f60c11cb94e776e353d3c7e14e2,7dd56189eb3da8c2710bd49edc227a754c82c18f11e4541be87b6304e08236fb,-2.7999999999992724,-2.549999999999983,-2.8499999999999943,0.25,0.3499999999999943
2026-09-10,CE,2026-09-10T04:27:00+00:00,2026-09-10T04:25:55.331461+00:00,2026-09-10T04:26:55.353711+00:00,60.02225,NIFTY|2026-09-15|23450|CE,db03157d0c59e9131e630abf6f43261ed274d585a1849fe058018ab7c336b720,605221d70d608d96850bf895da289fdd33369f3348c5a7c9cd562535e605d66f,6.799999999999272,2.875,2.6500000000000057,0.35000000000002274,0.19999999999998863
2026-09-10,CE,2026-09-10T04:29:00+00:00,2026-09-10T04:27:55.344774+00:00,2026-09-10T04:28:55.389967+00:00,60.045193,NIFTY|2026-09-15|23450|CE,10035eb3a5907642d680137ad1befb1886d269ec24fe74c6f8c83484765c5056,3c179ccffff09e5ad413444cd0a35d6e419bdffb075df53ae9d08624273192c4,-2.7000000000007276,-2.075000000000003,-1.5,0.30000000000001137,0.3499999999999943
2026-09-10,CE,2026-09-10T04:33:00+00:00,2026-09-10T04:31:50.337124+00:00,2026-09-10T04:32:55.323944+00:00,64.98682,NIFTY|2026-09-15|23400|CE,b89a6f19e1560be1c8ad5b2b261d7fafa8568dbc57b20352524348bf7d3e385c,09e34b0db5c5f99f1332385e73426a952bd8912a5df224d86106b5a08b944fb7,-6.600000000002183,-5.149999999999977,-5.0,0.3499999999999943,0.3499999999999943
2026-09-10,CE,2026-09-10T04:34:00+00:00,2026-09-10T04:32:55.323944+00:00,2026-09-10T04:33:55.330899+00:00,60.006955,NIFTY|2026-09-15|23400|CE,09e34b0db5c5f99f1332385e73426a952bd8912a5df224d86106b5a08b944fb7,9f42015da80f03e3cbd07b43fdf70c589282951a77e40e609693ff858966430a,0.9000000000014552,0.9749999999999659,0.6999999999999886,0.3499999999999943,0.4000000000000057
2026-09-10,CE,2026-09-10T04:37:00+00:00,2026-09-10T04:35:55.336429+00:00,2026-09-10T04:36:55.343021+00:00,60.006592,NIFTY|2026-09-15|23400|CE,676e88f9ff92553949446e34513393d4e95bcdae3fa72e4306346103fe92f750,05144f7d2798bc270bcacd60c76b7ef2539d3a77be079af2524091ee9da292b3,-7.600000000002183,-3.5749999999999886,-3.4000000000000057,0.35000000000002274,0.4000000000000057
2026-09-10,CE,2026-09-10T04:39:00+00:00,2026-09-10T04:37:55.328619+00:00,2026-09-10T04:38:55.338720+00:00,60.010101,NIFTY|2026-09-15|23400|CE,745faca72c33a4763bded23566fe34180d0903d7eb610ddf25554d8de86fe425,78ab032a1ac86789aef0e35144e02f813afdfdebf850abf8e5282e26abcfdb93,-3.650000000001455,-3.7249999999999943,-3.799999999999983,0.4000000000000057,0.25
2026-09-10,CE,2026-09-10T04:40:00+00:00,2026-09-10T04:38:55.338720+00:00,2026-09-10T04:39:55.339684+00:00,60.000964,NIFTY|2026-09-15|23400|CE,78ab032a1ac86789aef0e35144e02f813afdfdebf850abf8e5282e26abcfdb93,f7d95e2df9611b255e834a87dd0a3a8adfc66654ba4b0a3dc804f13ce3c0b60f,6.099999999998545,4.900000000000006,5.099999999999994,0.25,0.35000000000002274
2026-09-10,CE,2026-09-10T04:42:00+00:00,2026-09-10T04:40:55.334642+00:00,2026-09-10T04:41:55.336307+00:00,60.001665,NIFTY|2026-09-15|23400|CE,2d6ee331a5046d58c8be988677b47d2676fc868bf591bf3197016b4bc1fa9266,719cd8f84b3de65fbd72e705c661c587c01958504d1ab3fa153d33aa4136bd95,-0.75,-0.05000000000001137,-0.05000000000001137,0.3499999999999943,0.3499999999999943
2026-09-10,CE,2026-09-10T04:44:00+00:00,2026-09-10T04:42:55.329184+00:00,2026-09-10T04:43:55.341158+00:00,60.011974,NIFTY|2026-09-15|23400|CE,19d3994fff7d72d8df3011dd2d034864c807dd69fbb836e36642acee1ff94a6e,c6a98b9f49e8bf64f1d3a753287173e972f49a335cda80208aa9c47c46caa857,-2.0,-2.3999999999999773,-2.299999999999983,0.25,0.15000000000000568
2026-09-10,CE,2026-09-10T04:45:00+00:00,2026-09-10T04:43:55.341158+00:00,2026-09-10T04:44:55.347900+00:00,60.006742,NIFTY|2026-09-15|23400|CE,c6a98b9f49e8bf64f1d3a753287173e972f49a335cda80208aa9c47c46caa857,c2ee994914f467d872c1d74056281c6666f4fce67dd3b9633111a3ec9a51c61c,5.200000000000728,3.2749999999999773,3.5999999999999943,0.15000000000000568,0.39999999999997726
2026-09-10,CE,2026-09-10T04:47:00+00:00,2026-09-10T04:45:55.327034+00:00,2026-09-10T04:46:55.344266+00:00,60.017232,NIFTY|2026-09-15|23400|CE,63126f12b8c0947fcbff997a5b4f327ccc26e4c291b2f37758e6bd6636d80398,5755e64f1ddc5130275f762f0cdc2fb6d176f1ef6f98654752a34e68064eb747,5.349999999998545,4.099999999999966,4.050000000000011,0.25,0.15000000000000568
2026-09-10,CE,2026-09-10T04:49:00+00:00,2026-09-10T04:47:50.342738+00:00,2026-09-10T04:48:55.333786+00:00,64.991048,NIFTY|2026-09-15|23450|CE,92ea165f058e78ed7393e38eb832b4bc5e07eb2f6471efe85f60b09ca43afd7c,5e22f2e07ff5f09e1cf12d1dd9c518c4f697e9ce30e6ffe67ffe0630cec64ca6,-1.0500000000029104,-1.5250000000000057,-1.049999999999983,0.30000000000001137,0.15000000000000568
2026-09-10,CE,2026-09-10T04:50:00+00:00,2026-09-10T04:48:55.333786+00:00,2026-09-10T04:49:55.426341+00:00,60.092555,NIFTY|2026-09-15|23450|CE,5e22f2e07ff5f09e1cf12d1dd9c518c4f697e9ce30e6ffe67ffe0630cec64ca6,b280d2982a37a0196fe6c2b49ed8559bf70f6e58cc0682c10b9b5c4cbc46a4e1,-2.2999999999992724,-1.3999999999999915,-1.3500000000000085,0.15000000000000568,0.25
2026-09-10,CE,2026-09-10T04:52:00+00:00,2026-09-10T04:50:50.332368+00:00,2026-09-10T04:51:55.324883+00:00,64.992515,NIFTY|2026-09-15|23400|CE,206fbde1a86deb5e2771b28337dac001bbe4515be4ba2f3b3458035ec63809eb,0e663fef0c01bd4985eb189908076c4da62ed298caec5c5cb617bcb1766653fd,-5.200000000000728,-3.650000000000034,-3.3999999999999773,0.20000000000001705,0.4000000000000057
2026-09-10,CE,2026-09-10T04:53:00+00:00,2026-09-10T04:51:55.324883+00:00,2026-09-10T04:52:55.339122+00:00,60.014239,NIFTY|2026-09-15|23400|CE,0e663fef0c01bd4985eb189908076c4da62ed298caec5c5cb617bcb1766653fd,4aaae8cfc88f5b1d1a132ce8ed6d8be405dc57c1440789b9c6b3f020d280cdc0,-0.8499999999985448,2.950000000000017,2.9499999999999886,0.4000000000000057,0.30000000000001137
2026-09-10,CE,2026-09-10T05:04:00+00:00,2026-09-10T05:02:50.410003+00:00,2026-09-10T05:03:55.335818+00:00,64.925815,NIFTY|2026-09-15|23450|CE,c40bf61dd74c2aef5b52b2bebd99c7d5941e63eed2a1cf1adee85357e2b64611,94607c74255c2fab3f924181bda726303e4bf9efe0ab55153709ea087a0e5de0,3.5499999999992724,1.4249999999999972,1.4000000000000057,0.25,0.10000000000000853
2026-09-10,CE,2026-09-10T05:06:00+00:00,2026-09-10T05:04:50.362738+00:00,2026-09-10T05:05:55.330198+00:00,64.96746,NIFTY|2026-09-15|23450|CE,21a40e16bd0ff6a419171ca4df952ac130b938554325e144b601d2b02f6a7955,3e32a704064e71ddd097f4cce4bccade0b5339ccb29672c5c8d6325b3a692e13,-1.25,0.10000000000000853,0.29999999999999716,0.3500000000000085,0.3499999999999943
2026-09-10,CE,2026-09-10T05:07:00+00:00,2026-09-10T05:05:55.330198+00:00,2026-09-10T05:06:55.341154+00:00,60.010956,NIFTY|2026-09-15|23450|CE,3e32a704064e71ddd097f4cce4bccade0b5339ccb29672c5c8d6325b3a692e13,4c285f983a9e29a8101924937ad295dd7253b30fa92cfec8ae27a51092fb97f4,-0.4000000000014552,-0.17499999999999716,0.0,0.3499999999999943,0.20000000000000284
2026-09-10,CE,2026-09-10T05:09:00+00:00,2026-09-10T05:07:55.332876+00:00,2026-09-10T05:08:55.334159+00:00,60.001283,NIFTY|2026-09-15|23450|CE,7e2af9521d669d43c0cf5adee55b816c9a066d221786ed09d04f33d7d8ff2f8c,399bad492f16ff20199bcb97bdbb9649019150a4624de9cb9dcf809bd0fb7b6b,4.149999999997817,3.249999999999986,3.25,0.25,0.3499999999999943
2026-09-10,CE,2026-09-10T05:10:00+00:00,2026-09-10T05:08:55.334159+00:00,2026-09-10T05:09:55.348425+00:00,60.014266,NIFTY|2026-09-15|23450|CE,399bad492f16ff20199bcb97bdbb9649019150a4624de9cb9dcf809bd0fb7b6b,24090591f660d6f24e747ca6ade31e3d6fe82b6470eb66f3b647afec1428f902,3.25,2.1999999999999886,1.9000000000000057,0.3499999999999943,0.3499999999999943
2026-09-10,CE,2026-09-10T05:12:00+00:00,2026-09-10T05:10:55.332267+00:00,2026-09-10T05:11:55.340587+00:00,60.00832,NIFTY|2026-09-15|23450|CE,016c82e83029f6bbd549bba9a85e06ab8078588c42a299c22b1a9725b7c2c26c,cec16be1e998c862819a02bf48ab467e5d3b49fae630ce9c4c817c28f1de8d82,-1.8499999999985448,-2.5,-2.6500000000000057,0.15000000000000568,0.3499999999999943
2026-09-10,CE,2026-09-10T05:15:00+00:00,2026-09-10T05:13:50.335479+00:00,2026-09-10T05:14:55.327920+00:00,64.992441,NIFTY|2026-09-15|23450|CE,2b561a2779b74d9075411ac2082d0068d83c75e262a2eb776049876fb6f0719c,34ab897f9ec25c5c6412d317171d414400dc7a617fb28e50b338267c44a549c5,6.849999999998545,7.7999999999999545,8.25,0.3499999999999943,0.15000000000000568
2026-09-10,CE,2026-09-10T05:16:00+00:00,2026-09-10T05:14:55.327920+00:00,2026-09-10T05:15:55.340281+00:00,60.012361,NIFTY|2026-09-15|23450|CE,34ab897f9ec25c5c6412d317171d414400dc7a617fb28e50b338267c44a549c5,d37d18ba09e40077d41d19c76d6c3e9bdb071fe88dfda37a6e2b54665d04946c,-3.349999999998545,-4.699999999999989,-5.299999999999983,0.15000000000000568,0.25
2026-09-10,CE,2026-09-10T05:17:00+00:00,2026-09-10T05:15:55.340281+00:00,2026-09-10T05:16:55.473608+00:00,60.133327,NIFTY|2026-09-15|23450|CE,d37d18ba09e40077d41d19c76d6c3e9bdb071fe88dfda37a6e2b54665d04946c,b9fd640160359ca9e525c37c42a82252b8d5fe282aabf65adb146fb691280af8,-5.950000000000728,-4.449999999999989,-4.300000000000011,0.25,0.35000000000002274
2026-09-10,CE,2026-09-10T05:19:00+00:00,2026-09-10T05:17:50.331099+00:00,2026-09-10T05:18:55.327628+00:00,64.996529,NIFTY|2026-09-15|23450|CE,67a827efadef68053c5cbe0f6a0b5b9025f6ec340c430380bce7eab1a85efc02,91fcda62c0b4ac6c81989643b13453ca0109dbf82c742116f4dc1f21fd1ae155,-5.399999999997817,-4.525000000000006,-4.700000000000003,0.30000000000001137,0.05000000000001137
2026-09-10,CE,2026-09-10T05:23:00+00:00,2026-09-10T05:21:55.338202+00:00,2026-09-10T05:22:56.471549+00:00,61.133347,NIFTY|2026-09-15|23400|CE,7ca57f822032e334fb9ac41d770db10c93ce1be3373e39710547794c2d7d1d97,d1cf7f1e55b6f5e2371ce6a45b4fac3294e41be03c928253295d238d8f74b5f5,-1.25,-2.1999999999999886,-2.1999999999999886,0.3499999999999943,0.3499999999999943
2026-09-10,CE,2026-09-10T05:25:00+00:00,2026-09-10T05:23:50.331117+00:00,2026-09-10T05:24:55.327627+00:00,64.99651,NIFTY|2026-09-15|23400|CE,4b752eef4dc5a6091180fec206bba90c0f79ea2294ced736bef266e8af7181e0,515b2339e84284e8aa3c2d3415ea3e3284b4a1d65e6a27c4fe64b20c08a4fad8,-4.549999999999272,-2.125,-2.25,0.3499999999999943,0.29999999999998295
2026-09-10,CE,2026-09-10T05:26:00+00:00,2026-09-10T05:24:55.327627+00:00,2026-09-10T05:25:55.341393+00:00,60.013766,NIFTY|2026-09-15|23400|CE,515b2339e84284e8aa3c2d3415ea3e3284b4a1d65e6a27c4fe64b20c08a4fad8,712da5150d70a2fea2354e57259be11fd5c2fbafbd5bf7635bbc9c21981d4c91,-4.150000000001455,-3.775000000000034,-3.8499999999999943,0.29999999999998295,0.3499999999999943
2026-09-10,CE,2026-09-10T05:28:00+00:00,2026-09-10T05:26:55.332303+00:00,2026-09-10T05:27:55.338291+00:00,60.005988,NIFTY|2026-09-15|23400|CE,1704a856a90e7606adb10708714c36f010959ee4cb5fba121f1705a33fb20156,ec497a8142939e37fa64f43fc1657b5b62d115dda02332a635754cf683a3ee4a,4.700000000000728,1.9499999999999886,1.3000000000000114,0.09999999999999432,0.4000000000000057
2026-09-10,CE,2026-09-10T05:30:00+00:00,2026-09-10T05:28:55.330569+00:00,2026-09-10T05:29:55.485430+00:00,60.154861,NIFTY|2026-09-15|23400|CE,54658536e7d8dd61c9e3f7415ff2433ef31479a168f14b7ef23016c47cff73fa,b0a3c8f6f1cc2186919a374db420c8dc70f6b9b164cd0630dbff4462123e2dd4,0.0,0.6999999999999886,0.5999999999999943,0.4000000000000057,0.09999999999999432
2026-09-10,CE,2026-09-10T05:32:00+00:00,2026-09-10T05:30:55.339496+00:00,2026-09-10T05:31:55.341239+00:00,60.001743,NIFTY|2026-09-15|23400|CE,e91fcce5ff0d71a22d6e08ba4564a9f6f6aa11ca95edc8683bc34907bf5beef4,a4d24691bb5cb2db5f4d02b8e36af5df21e0404654b2da269ff8f8fbe5dabb8f,0.9000000000014552,-0.05000000000001137,1.0500000000000114,0.25,0.3499999999999943
2026-09-10,CE,2026-09-10T05:33:00+00:00,2026-09-10T05:31:55.341239+00:00,2026-09-10T05:32:55.570472+00:00,60.229233,NIFTY|2026-09-15|23400|CE,a4d24691bb5cb2db5f4d02b8e36af5df21e0404654b2da269ff8f8fbe5dabb8f,df263d140efd971de7a8a7603ab1ca698013e4a57b1d7f3fc8c58a2ec9eee6fd,-3.7000000000007276,-1.299999999999983,-1.4000000000000057,0.3499999999999943,0.25
2026-09-10,CE,2026-09-10T05:35:00+00:00,2026-09-10T05:33:55.336945+00:00,2026-09-10T05:34:55.512656+00:00,60.175711,NIFTY|2026-09-15|23400|CE,c24ba45b21860a3a26ec96b304897aee34be640d7ba5868fab206057d02bad2e,933e444e04d62b6514b2af5664e55ee9460b8b643d8e2bbda105ff37923db758,3.599999999998545,2.9749999999999943,3.3499999999999943,0.29999999999998295,0.05000000000001137
2026-09-10,CE,2026-09-10T05:37:00+00:00,2026-09-10T05:35:55.331576+00:00,2026-09-10T05:36:55.667305+00:00,60.335729,NIFTY|2026-09-15|23400|CE,eee5cafe25e5b5e5260bc5579fcf5fa6f3d9591d638cd44bb1e85c0d98f3bdf2,29c5f76819215f73219b0ac8273256e0855762b61bfc9e96461f81b1f04fe181,5.5,1.6250000000000284,1.549999999999983,0.30000000000001137,0.3499999999999943
2026-09-10,CE,2026-09-10T05:39:00+00:00,2026-09-10T05:37:55.414630+00:00,2026-09-10T05:38:55.547926+00:00,60.133296,NIFTY|2026-09-15|23400|CE,5e25a633ab8739e67ec440dea9732b511f18f73afc491758bfe1f70f97d25dc2,948bb4f2b79beffe194d94c2619d66f1c99bf6f47b0311f43716bef5170d6355,4.19999999999709,0.8500000000000227,1.4000000000000057,0.4000000000000057,0.4000000000000057
2026-09-10,CE,2026-09-10T05:41:00+00:00,2026-09-10T05:39:55.438275+00:00,2026-09-10T05:40:55.506818+00:00,60.068543,NIFTY|2026-09-15|23400|CE,96fe8761aa3a24815ded6bd0bcd413efcf46615febbf435bf2744636a842f48f,01469d570f36b00af16295dc913e3353847fe15c3d87d3c37cb4f29593bc29d3,1.9000000000014552,3.575000000000017,3.3500000000000227,0.30000000000001137,0.3499999999999943
2026-09-10,CE,2026-09-10T05:46:00+00:00,2026-09-10T05:44:55.346527+00:00,2026-09-10T05:45:55.783462+00:00,60.436935,NIFTY|2026-09-15|23450|CE,9445adf34309f64ea08b949b9389aa7f387c51af97feac06702c9c319be8a620,ff1364c9b670605e83e6d19572ea781f259f0b09e2f3b80773713a486f60eeb5,7.200000000000728,0.25,1.3499999999999943,0.29999999999998295,0.09999999999999432
2026-09-10,CE,2026-09-10T05:47:00+00:00,2026-09-10T05:45:55.783462+00:00,2026-09-10T05:46:55.839388+00:00,60.055926,NIFTY|2026-09-15|23450|CE,ff1364c9b670605e83e6d19572ea781f259f0b09e2f3b80773713a486f60eeb5,7c11e5b75b381e25e370eeb767271d63efec423b27039990d8d21a9ca3a8278a,-7.850000000002183,-3.8249999999999886,-4.599999999999994,0.09999999999999432,0.05000000000001137
2026-09-10,CE,2026-09-10T05:49:00+00:00,2026-09-10T05:47:55.526418+00:00,2026-09-10T05:48:55.539455+00:00,60.013037,NIFTY|2026-09-15|23450|CE,b8e680b5920e9b4db1a64afe6134bf65c172eaf1d88f344add04891d34543ece,e11e52ddb0a9a25922b0edc9866e618819cd41ed57ad38fb6f8dd00383526595,-2.100000000002183,0.3499999999999943,0.5,0.35000000000002274,0.25
2026-09-10,CE,2026-09-10T05:51:00+00:00,2026-09-10T05:49:55.511264+00:00,2026-09-10T05:50:55.514888+00:00,60.003624,NIFTY|2026-09-15|23450|CE,58e6fad084ec89bc37f3570e2b13400398a2f483a58f996c36d28ca8c6a658d3,3a08f4f1534d750a919a2a5997bf628cb75c063a1f1f922fac6ab79133d9bb46,-7.0,-6.249999999999986,-5.650000000000006,0.09999999999999432,0.09999999999999432
2026-09-10,CE,2026-09-10T05:52:00+00:00,2026-09-10T05:50:55.514888+00:00,2026-09-10T05:51:55.605324+00:00,60.090436,NIFTY|2026-09-15|23450|CE,3a08f4f1534d750a919a2a5997bf628cb75c063a1f1f922fac6ab79133d9bb46,abdbda5151e9765a15bb94178fb8cdf3aefdf04329c05573970ed12a736b1b4b,-4.200000000000728,-3.2250000000000085,-3.1999999999999886,0.09999999999999432,0.3500000000000085
2026-09-10,CE,2026-09-10T05:54:00+00:00,2026-09-10T05:52:50.674657+00:00,2026-09-10T05:53:55.491340+00:00,64.816683,NIFTY|2026-09-15|23450|CE,abc69efc7bb8b63080199fd255203cdf3ff9759676ae448ca6ec50fda258198c,feecbcf32fa4ba9a9c429d844235314471091e3551381e78895ce19d024c5de2,4.75,0.6000000000000227,0.7500000000000142,0.30000000000001137,0.09999999999999432
2026-09-10,CE,2026-09-10T05:56:00+00:00,2026-09-10T05:54:55.480769+00:00,2026-09-10T05:55:55.496325+00:00,60.015556,NIFTY|2026-09-15|23450|CE,3c5f9a15e5a6928a7fc96d6c5c4773d6342e10082477779e45f1221d82e209b7,8eaf71844deefcac29b2a23da42aca520e5478bcf63e1595d5e69eeefbebf8b3,1.7000000000007276,-1.174999999999983,-0.9500000000000028,0.15000000000000568,0.29999999999999716
2026-09-10,CE,2026-09-10T05:57:00+00:00,2026-09-10T05:55:55.496325+00:00,2026-09-10T05:56:55.562921+00:00,60.066596,NIFTY|2026-09-15|23450|CE,8eaf71844deefcac29b2a23da42aca520e5478bcf63e1595d5e69eeefbebf8b3,52b806ea7c403619f2da551b3b17bad1022b7e9bdac50182ecb10a81018d4d9b,0.049999999999272404,-1.1750000000000114,-1.25,0.29999999999999716,0.14999999999999147
2026-09-10,CE,2026-09-10T05:59:00+00:00,2026-09-10T05:57:55.457902+00:00,2026-09-10T05:58:55.481064+00:00,60.023162,NIFTY|2026-09-15|23450|CE,d16d8edac53d2a3d32cc989a57526a4a6415609a31f676802ab21562f6c398a3,6360c7a0efff062761e7dce55d7a1d2944c0ec9fd0e803ca96c5e3ad1749b6d8,1.9000000000014552,0.6000000000000085,0.6500000000000057,0.25,0.25
2026-09-10,CE,2026-09-10T06:00:00+00:00,2026-09-10T05:58:55.481064+00:00,2026-09-10T05:59:55.486425+00:00,60.005361,NIFTY|2026-09-15|23450|CE,6360c7a0efff062761e7dce55d7a1d2944c0ec9fd0e803ca96c5e3ad1749b6d8,d7b7086c4d10677c44dc78b15e9628904d4a181941ac963192d114af4d0aa34c,-0.049999999999272404,-0.32500000000001705,-0.4000000000000057,0.25,0.20000000000000284
2026-09-10,CE,2026-09-10T06:01:00+00:00,2026-09-10T05:59:55.486425+00:00,2026-09-10T06:00:55.542205+00:00,60.05578,NIFTY|2026-09-15|23450|CE,d7b7086c4d10677c44dc78b15e9628904d4a181941ac963192d114af4d0aa34c,d5aab3c2602db8e06697c0d5f3716761045158b50560d228760f0d08e19152d4,6.94999999999709,4.425000000000011,4.299999999999997,0.20000000000000284,0.25
2026-09-10,CE,2026-09-10T06:05:00+00:00,2026-09-10T06:03:50.465067+00:00,2026-09-10T06:04:55.438683+00:00,64.973616,NIFTY|2026-09-15|23400|CE,1bd574a5edec0ec8b912fc11087235b851c994763be4e221a5984f443feb9c01,3cdde976e197bcb791167d1f1fd133d785356411a55dc43476bae5ca214ae726,-0.9000000000014552,0.22499999999999432,0.20000000000001705,0.4000000000000057,0.25
2026-09-10,CE,2026-09-10T06:06:00+00:00,2026-09-10T06:04:55.438683+00:00,2026-09-10T06:05:55.498182+00:00,60.059499,NIFTY|2026-09-15|23400|CE,3cdde976e197bcb791167d1f1fd133d785356411a55dc43476bae5ca214ae726,dfba998c1a312f0d07e0d9bce9c8c61afcfaee2fbeda0d5b13d990960e46fa6f,-2.599999999998545,2.3249999999999886,2.3499999999999943,0.25,0.30000000000001137
2026-09-10,CE,2026-09-10T06:08:00+00:00,2026-09-10T06:06:55.495701+00:00,2026-09-10T06:07:55.543317+00:00,60.047616,NIFTY|2026-09-15|23400|CE,e00b7d0edc4343d1be85fe2b346df4d99dd25751f8b88bf19849413305597088,b093aee7090339fc636ede72be82c35dfb417270dd9b494a323fc801a6c04f36,-2.600000000002183,-0.7750000000000057,-0.09999999999999432,0.25,0.39999999999997726
2026-09-10,CE,2026-09-10T06:10:00+00:00,2026-09-10T06:08:55.472957+00:00,2026-09-10T06:09:55.602050+00:00,60.129093,NIFTY|2026-09-15|23400|CE,d29ec62e84faf2cb5e037a3f0176e6c42449a58760dd9012c2d807f610e8aef4,34246f5aa42c1defca27d541d97d9da3df32fd272145bf6d521ef4392264a7f8,-8.0,-1.75,-2.0999999999999943,0.4000000000000057,0.20000000000001705
2026-09-10,CE,2026-09-10T06:12:00+00:00,2026-09-10T06:10:55.486285+00:00,2026-09-10T06:11:55.517766+00:00,60.031481,NIFTY|2026-09-15|23400|CE,c169bb7bacea0d5632ae8dd27b863ae7ac7383c4470ea9a59a8dea8b1aeb865b,b670cde24b8a2b8300cd82701a66b05f62b6c795e712245800b9d0a6118eb291,-2.150000000001455,-1.9250000000000114,-1.9499999999999886,0.29999999999998295,0.35000000000002274
2026-09-10,CE,2026-09-10T06:14:00+00:00,2026-09-10T06:12:55.495860+00:00,2026-09-10T06:13:55.587892+00:00,60.092032,NIFTY|2026-09-15|23400|CE,f29d31a949b6951e9de26e2d6881dffdf0830f64ac862b6d08c562cb7663c1e8,e7236efd77cbeb3a5bbdbbe88cc4c71017f8afa4e1334aa726fb45c404d03278,4.450000000000728,3.9000000000000057,4.100000000000023,0.25,0.44999999999998863
2026-09-10,CE,2026-09-10T06:16:00+00:00,2026-09-10T06:14:50.522861+00:00,2026-09-10T06:15:55.431778+00:00,64.908917,NIFTY|2026-09-15|23400|CE,026d51f3a69d88337abd75f62ee01f6eb9f1c39ab8beda64c6df499d0a9cc889,344a916636e953e8aa4f1bb5cb4aa02982a55bdf787e49b422f40ddaecb358bf,2.399999999997817,-0.125,-0.29999999999998295,0.4000000000000057,0.3499999999999943
2026-09-10,CE,2026-09-10T06:21:00+00:00,2026-09-10T06:19:55.438255+00:00,2026-09-10T06:20:55.876891+00:00,60.438636,NIFTY|2026-09-15|23450|CE,a43e07d68015bdaa22e32dfe5eab0b8ce12fed997747fecde0e1e0363c872aa0,4200dcdba72fb4ce28e81676cbd506ba0cb39aef8bcb1ff853684389ae71e6ce,1.7999999999992724,1.2749999999999773,1.0999999999999943,0.3499999999999943,0.30000000000001137
2026-09-10,CE,2026-09-10T06:23:00+00:00,2026-09-10T06:21:50.459347+00:00,2026-09-10T06:22:55.441010+00:00,64.981663,NIFTY|2026-09-15|23450|CE,e3491288b824dddf35189ef94e97c8ea19378d304a4599acd69815af78ca4e58,15be1152780b696c8773e036bbe4fb9d2c1fe504a858372fe58803c7a242bfec,-1.4500000000007276,-0.44999999999998863,-0.549999999999983,0.30000000000001137,0.29999999999998295
2026-09-10,CE,2026-09-10T06:24:00+00:00,2026-09-10T06:22:55.441010+00:00,2026-09-10T06:23:55.775477+00:00,60.334467,NIFTY|2026-09-15|23450|CE,15be1152780b696c8773e036bbe4fb9d2c1fe504a858372fe58803c7a242bfec,54b33c73485110f7ca67e77b2086aeda28974410e2143d62fa9b4acd2d8e75a1,1.75,1.9749999999999943,2.25,0.29999999999998295,0.25
2026-09-10,CE,2026-09-10T06:26:00+00:00,2026-09-10T06:24:55.460537+00:00,2026-09-10T06:25:55.524374+00:00,60.063837,NIFTY|2026-09-15|23450|CE,d3a982c112c2c5f1b900ac0663f0b568a73127f5a57a687b8e2f7133ea9f6dcc,f791c96898ced2a2889deb6f0272d07f78dc64d9f656195d7bfcdbb606aa8a6e,0.3999999999978172,-1.125,-1.1999999999999886,0.3499999999999943,0.29999999999998295
2026-09-10,CE,2026-09-10T06:29:00+00:00,2026-09-10T06:27:55.450403+00:00,2026-09-10T06:28:55.766114+00:00,60.315711,NIFTY|2026-09-15|23450|CE,61e24c4725ff81ed759fa702a74510f8704648b689170fb6a5347c56ace30259,5c78522a34bd9e13ee71f82e7ca96dfd072f4964ccba12fef6138621f3fba164,4.549999999999272,2.9250000000000114,2.6000000000000227,0.09999999999999432,0.25
2026-09-10,CE,2026-09-10T06:31:00+00:00,2026-09-10T06:29:55.488026+00:00,2026-09-10T06:30:55.497883+00:00,60.009857,NIFTY|2026-09-15|23450|CE,16702b48c0c089ca00cf8dfd7cb2599d850565af4435ca7e36be7aaeb864644a,141d6614b52890675815069c7c503af23227a0a5fa753b90ebe25d9894b74094,5.5,2.400000000000034,2.25,0.25,0.15000000000000568
2026-09-10,CE,2026-09-10T06:32:00+00:00,2026-09-10T06:30:55.497883+00:00,2026-09-10T06:31:55.505592+00:00,60.007709,NIFTY|2026-09-15|23450|CE,141d6614b52890675815069c7c503af23227a0a5fa753b90ebe25d9894b74094,ead4e12035b5b2e70543b314e6cbfdbcc9f7f6c217ae7d23e5d93ee0cd77f16b,-1.6999999999970896,-3.2250000000000227,-3.049999999999983,0.15000000000000568,0.19999999999998863
2026-09-10,CE,2026-09-10T06:34:00+00:00,2026-09-10T06:32:55.490496+00:00,2026-09-10T06:33:55.609118+00:00,60.118622,NIFTY|2026-09-15|23450|CE,077a79ac921cb137122c458a2103f37c9840ec3f67b8a65ff0ebd42d2246689a,e9ad480ffb63d9452a272196877ff081ef550dea75db43af9c55d34d6b28e59d,-1.6000000000021828,-1.6500000000000057,-1.9000000000000057,0.30000000000001137,0.4000000000000057
2026-09-10,CE,2026-09-10T06:37:00+00:00,2026-09-10T06:35:50.510712+00:00,2026-09-10T06:36:55.476546+00:00,64.965834,NIFTY|2026-09-15|23450|CE,d41db7df91abae7fe2d48618ac41e4612725a13b23b9c8393a4f0b57d56d891c,09f10549a564c21d67902a9809f2e70acb0dc540bed840c9c6ca5656f986812c,-7.799999999999272,-5.375,-5.150000000000006,0.25,0.19999999999998863
2026-09-10,CE,2026-09-10T06:39:00+00:00,2026-09-10T06:37:55.472518+00:00,2026-09-10T06:38:55.486789+00:00,60.014271,NIFTY|2026-09-15|23450|CE,7251e2f624d86b60eedf5c43243d0bd712ca07897a2055346f20f0faded72067,6aedd5e826ce76c49b303a6128e1d3d8581842a1b111e0ab657f315b49ef331b,-3.0499999999992724,-1.4000000000000057,-1.8499999999999943,0.29999999999998295,0.30000000000001137
2026-09-10,CE,2026-09-10T06:40:00+00:00,2026-09-10T06:38:55.486789+00:00,2026-09-10T06:39:55.525083+00:00,60.038294,NIFTY|2026-09-15|23450|CE,6aedd5e826ce76c49b303a6128e1d3d8581842a1b111e0ab657f315b49ef331b,be56f65d4cf79610411c1ac9c44089d7dde2190179eae3f254ed7db07594efc2,-2.2999999999992724,-0.8499999999999943,-0.4000000000000057,0.30000000000001137,0.29999999999998295
2026-09-10,CE,2026-09-10T06:42:00+00:00,2026-09-10T06:40:50.484363+00:00,2026-09-10T06:41:55.466676+00:00,64.982313,NIFTY|2026-09-15|23450|CE,ea070c1ac8f0edf0d01ceefcd1fd912fe634aed31007a03bc6efe59032fbfd46,519245ed56758fda1a772b62de12ddf25ba503ebb2dba5a18137357d0cfeb40c,8.049999999999272,5.550000000000011,5.849999999999994,0.3499999999999943,0.04999999999998295
2026-09-10,CE,2026-09-10T06:43:00+00:00,2026-09-10T06:41:55.466676+00:00,2026-09-10T06:42:55.488881+00:00,60.022205,NIFTY|2026-09-15|23450|CE,519245ed56758fda1a772b62de12ddf25ba503ebb2dba5a18137357d0cfeb40c,edd4b1cb270e15b7710a9294dd59b7bbcc569d10dca7ae60993df5b9469ae5eb,8.5,5.075000000000017,5.049999999999983,0.04999999999998295,0.30000000000001137
2026-09-10,CE,2026-09-10T06:45:00+00:00,2026-09-10T06:43:55.476535+00:00,2026-09-10T06:44:55.480620+00:00,60.004085,NIFTY|2026-09-15|23450|CE,03f695311d7e8cc38b895b8446ed6691bf0d6ad4ef58727516dbb277420ae012,27101b1511f4392308871f33cc9e1290e591fd6ed9fa315d9af287f665b15553,0.1500000000014552,-1.125,-1.0,0.3499999999999943,0.4000000000000057
2026-09-10,CE,2026-09-10T06:46:00+00:00,2026-09-10T06:44:55.480620+00:00,2026-09-10T06:45:55.517511+00:00,60.036891,NIFTY|2026-09-15|23450|CE,27101b1511f4392308871f33cc9e1290e591fd6ed9fa315d9af287f665b15553,65f78ecba3066fd86db75f9ffe72b3b6ecc2e2b81368f21da788357d53fc2de7,3.75,2.0249999999999773,1.549999999999983,0.4000000000000057,0.35000000000002274
2026-09-10,CE,2026-09-10T06:48:00+00:00,2026-09-10T06:46:55.491265+00:00,2026-09-10T06:47:55.499581+00:00,60.008316,NIFTY|2026-09-15|23450|CE,d5db18858581d6a681631b1421b575dbf01e1fb1d6ef8db3a3e81d01b550c6fb,9e02eed28aace38abb17fbbb128d063574fa7ab6029e702321aa21d922dff95c,-2.099999999998545,-4.75,-5.200000000000017,0.3499999999999943,0.3499999999999943
2026-09-10,CE,2026-09-10T06:49:00+00:00,2026-09-10T06:47:55.499581+00:00,2026-09-10T06:48:55.505152+00:00,60.005571,NIFTY|2026-09-15|23450|CE,9e02eed28aace38abb17fbbb128d063574fa7ab6029e702321aa21d922dff95c,ff506e64abfc6ae9510bd4463e79a96026ab8c93204b59d5c410db5caf89574b,-1.0999999999985448,-0.700000000000017,-0.3499999999999943,0.3499999999999943,0.25
2026-09-10,CE,2026-09-10T06:51:00+00:00,2026-09-10T06:49:55.466946+00:00,2026-09-10T06:50:55.496164+00:00,60.029218,NIFTY|2026-09-15|23450|CE,c65a797def515c95b6ac9ab072cf2d108cb203c0d6dedb4ffcb527669068c7e1,26c4055b0c1ef26c34e5e86311319d8b79842e41bc8618ee4e5840a5c1f8e36c,4.100000000002183,1.7749999999999773,2.3000000000000114,0.3499999999999943,0.29999999999998295
2026-09-10,CE,2026-09-10T06:52:00+00:00,2026-09-10T06:50:55.496164+00:00,2026-09-10T06:51:55.499147+00:00,60.002983,NIFTY|2026-09-15|23450|CE,26c4055b0c1ef26c34e5e86311319d8b79842e41bc8618ee4e5840a5c1f8e36c,439e50da28741ec3e6f630308be78a6df07b3a0e19976dfa149edd3a0a120381,4.349999999998545,1.5749999999999886,1.3499999999999943,0.29999999999998295,0.3499999999999943
2026-09-10,CE,2026-09-10T06:54:00+00:00,2026-09-10T06:52:55.468043+00:00,2026-09-10T06:53:55.496135+00:00,60.028092,NIFTY|2026-09-15|23450|CE,c2d257483dd96a58b3c315a32007741849509d9ca8e1e39d9e2904f751a023ff,1d139c42dec465397687591ce116ebb27931c2c5c7d28a4d177d5f78c01c8dba,-6.850000000002183,-4.175000000000011,-4.949999999999989,0.25,0.29999999999998295
2026-09-10,CE,2026-09-10T06:56:00+00:00,2026-09-10T06:54:50.470421+00:00,2026-09-10T06:55:55.466631+00:00,64.99621,NIFTY|2026-09-15|23450|CE,d9da747c4780526907acf257692aca712567f8f9470e55fff6b1ee2d9e4684f3,de8ac310bf042f8114b306f8d866eaa261e89da3bdd878e7b4c5fd04596d0895,3.600000000002183,1.950000000000017,1.3000000000000114,0.4000000000000057,0.30000000000001137
2026-09-10,CE,2026-09-10T06:57:00+00:00,2026-09-10T06:55:55.466631+00:00,2026-09-10T06:56:55.473124+00:00,60.006493,NIFTY|2026-09-15|23450|CE,de8ac310bf042f8114b306f8d866eaa261e89da3bdd878e7b4c5fd04596d0895,f5e902a4c1aa661506bb0dbe265d4b16e6c915d7a3295faae0c4d9dff39fe329,3.899999999997817,1.799999999999983,1.4000000000000057,0.30000000000001137,0.29999999999998295
2026-09-10,CE,2026-09-10T06:59:00+00:00,2026-09-10T06:57:55.468593+00:00,2026-09-10T06:58:55.480786+00:00,60.012193,NIFTY|2026-09-15|23450|CE,3f4240fb375df0f3a03debcbaeba2b011d121946c3408fb8249b321673723bf4,76acb6f8d613099140aedff88a793b0bea168896d158e93179b8fcb9636d02f6,1.0499999999992724,0.125,0.15000000000000568,0.3499999999999943,0.29999999999998295
2026-09-10,CE,2026-09-10T07:00:00+00:00,2026-09-10T06:58:55.480786+00:00,2026-09-10T06:59:55.517959+00:00,60.037173,NIFTY|2026-09-15|23450|CE,76acb6f8d613099140aedff88a793b0bea168896d158e93179b8fcb9636d02f6,894787857967347d05712d1ada2cb9fe6b5c8480415acc2a2ae1b0f0cd761ace,-3.0499999999992724,-0.9000000000000341,-1.25,0.29999999999998295,0.4000000000000057
2026-09-10,CE,2026-09-10T07:02:00+00:00,2026-09-10T07:00:50.499162+00:00,2026-09-10T07:01:55.474444+00:00,64.97528199999999,NIFTY|2026-09-15|23450|CE,faa1abb124a3fe3fd2aee537d5bdfa00c4277792ebfd925acce3b57b2921c008,fb0757aeb43446d7fdac2e3846100f79542d218ea59da7b29b141d4f85713d71,-4.05000000000291,-1.924999999999983,-1.9499999999999886,0.3499999999999943,0.30000000000001137
2026-09-10,CE,2026-09-10T07:03:00+00:00,2026-09-10T07:01:55.474444+00:00,2026-09-10T07:02:55.477117+00:00,60.002673,NIFTY|2026-09-15|23450|CE,fb0757aeb43446d7fdac2e3846100f79542d218ea59da7b29b141d4f85713d71,72e9ae7e5b183c52bfd0b07d8f144f48e31c45b0535c12582fab089fcdbb86f0,3.75,0.625,0.8499999999999943,0.30000000000001137,0.25
2026-09-10,CE,2026-09-10T07:04:00+00:00,2026-09-10T07:02:55.477117+00:00,2026-09-10T07:03:55.553867+00:00,60.07675,NIFTY|2026-09-15|23450|CE,72e9ae7e5b183c52bfd0b07d8f144f48e31c45b0535c12582fab089fcdbb86f0,9abd5c1be186672d719bd5c9047084b8f2254bc761c2e07dc60dc52f74f84be1,0.4000000000014552,2.8750000000000284,2.9000000000000057,0.25,0.4000000000000057
2026-09-10,CE,2026-09-10T07:07:00+00:00,2026-09-10T07:05:50.473393+00:00,2026-09-10T07:06:55.465747+00:00,64.992354,NIFTY|2026-09-15|23450|CE,6d2d040925566069994a07cb91de0039a63a1038a04d515dbef52c4ed10d52e7,0a5037d6c59dd170a5a24fed9e469e7012af71710af380d06348262de55c60b9,-3.0500000000029104,-1.0000000000000284,-1.0500000000000114,0.25,0.3499999999999943
2026-09-10,CE,2026-09-10T07:08:00+00:00,2026-09-10T07:06:55.465747+00:00,2026-09-10T07:07:55.482740+00:00,60.016993,NIFTY|2026-09-15|23450|CE,0a5037d6c59dd170a5a24fed9e469e7012af71710af380d06348262de55c60b9,9d8ce172aa32cdac3b22c6b7056d7ac874fdf884b2bcd99d3822e02c8d327ea9,-4.549999999999272,-2.6499999999999773,-2.3499999999999943,0.3499999999999943,0.35000000000002274
2026-09-10,CE,2026-09-10T07:09:00+00:00,2026-09-10T07:07:55.482740+00:00,2026-09-10T07:08:55.493623+00:00,60.010883,NIFTY|2026-09-15|23450|CE,9d8ce172aa32cdac3b22c6b7056d7ac874fdf884b2bcd99d3822e02c8d327ea9,fcda1989651c6fffe20be810850e4f6cfc1d687985f53f159174bd30a205c9dc,-0.25,0.42500000000001137,0.44999999999998863,0.35000000000002274,0.20000000000001705
2026-09-10,CE,2026-09-10T07:12:00+00:00,2026-09-10T07:10:50.490278+00:00,2026-09-10T07:11:55.489871+00:00,64.999593,NIFTY|2026-09-15|23450|CE,cc82b653261953bc4c1c4c4cc9dca3994c47f89147adb2ce7d043e86fd956b57,28cdb49cb1bf290f675414ae7e1ccf9437f8a07ca9d56d542a9bc0f781c41b39,-4.700000000000728,-3.7750000000000057,-3.9000000000000057,0.30000000000001137,0.25
2026-09-10,CE,2026-09-10T07:13:00+00:00,2026-09-10T07:11:55.489871+00:00,2026-09-10T07:12:55.491207+00:00,60.001336,NIFTY|2026-09-15|23450|CE,28cdb49cb1bf290f675414ae7e1ccf9437f8a07ca9d56d542a9bc0f781c41b39,e24cd973caa823327d5415ae44454b031d81af5e78994065b0fd9ba199057ca4,8.400000000001455,1.8000000000000114,2.1500000000000057,0.25,0.35000000000002274
2026-09-10,CE,2026-09-10T07:15:00+00:00,2026-09-10T07:13:55.473941+00:00,2026-09-10T07:14:55.474821+00:00,60.00088,NIFTY|2026-09-15|23450|CE,efd54ccd9feabf5e84113456e1457c8ebe3d605c958cd5f3e88781f19a4070e8,669a28dd98bbb9793e881fd48061e9a17c2cc77b8408b7347d55936b4176e32c,-0.9500000000007276,1.2250000000000227,0.8500000000000227,0.30000000000001137,0.3499999999999943
2026-09-10,CE,2026-09-10T07:17:00+00:00,2026-09-10T07:15:50.479127+00:00,2026-09-10T07:16:55.463634+00:00,64.984507,NIFTY|2026-09-15|23450|CE,841e9c6ccbb8d554fa709527159784ca06ee33b6714cdd6a22151e892d52fee3,8afe96c51ecba7670772b43cb846668e7081f0791792838af8e66737ba283fd6,-6.100000000002183,-6.074999999999989,-6.0,0.20000000000001705,0.15000000000000568
2026-09-10,CE,2026-09-10T07:19:00+00:00,2026-09-10T07:17:55.461168+00:00,2026-09-10T07:18:55.479180+00:00,60.018012,NIFTY|2026-09-15|23450|CE,9f934d4d678c090098ebf3ac442e249959e40abf526ec345028094062d821329,aa972f01c56d01fd5beaeb8434cfa8762eaf93af9747be721ab4c3d3d5f8e907,1.3999999999978172,0.9250000000000114,1.1500000000000057,0.29999999999998295,0.3499999999999943
2026-09-10,CE,2026-09-10T07:21:00+00:00,2026-09-10T07:19:50.473934+00:00,2026-09-10T07:20:55.441597+00:00,64.967663,NIFTY|2026-09-15|23450|CE,075081ca874256099a051df03aecccc96d5ddb9442b418ea3aa612aefe1f9ee8,c0233fef5c16b85af8a927623b0194c3bdf612ab11ecc545569fa927976e2def,-0.3999999999978172,1.3000000000000114,1.049999999999983,0.29999999999998295,0.10000000000002274
2026-09-10,CE,2026-09-10T07:22:00+00:00,2026-09-10T07:20:55.441597+00:00,2026-09-10T07:21:55.490132+00:00,60.048535,NIFTY|2026-09-15|23450|CE,c0233fef5c16b85af8a927623b0194c3bdf612ab11ecc545569fa927976e2def,94c526eaf422fed43734643a1fc95471d5bd8850dc45dccc1a140958f464522f,0.7999999999992724,0.8000000000000114,0.9000000000000057,0.10000000000002274,0.29999999999998295
2026-09-10,CE,2026-09-10T07:25:00+00:00,2026-09-10T07:23:50.478869+00:00,2026-09-10T07:24:55.474882+00:00,64.996013,NIFTY|2026-09-15|23450|CE,ec4792d8bf5cdfe76fda52f8f6c560d575bb58ee34741278a3b645584b437573,061b85d8cdc7a1d43bd94d6daf60d3e5fd216d88e861c5daf595566edbbdcc71,-2.25,-1.700000000000017,-1.5500000000000114,0.3499999999999943,0.25
2026-09-10,CE,2026-09-10T07:26:00+00:00,2026-09-10T07:24:55.474882+00:00,2026-09-10T07:25:55.477690+00:00,60.002808,NIFTY|2026-09-15|23450|CE,061b85d8cdc7a1d43bd94d6daf60d3e5fd216d88e861c5daf595566edbbdcc71,1b8a12ec6df9ea8a7e85eceb9710caaed9a8224862e0af9dcfbd67d5c38eccae,-5.450000000000728,-2.25,-2.8999999999999915,0.25,0.3500000000000085
2026-09-10,CE,2026-09-10T07:28:00+00:00,2026-09-10T07:26:50.478755+00:00,2026-09-10T07:27:55.442730+00:00,64.963975,NIFTY|2026-09-15|23450|CE,9b6dd71c364794631c527192d459f869a18249ab3bf21316ffc9092398062069,8ab6714abbb29c17d6d4f5261b8adeb909c05873306c770862fe016316a05dd1,3.650000000001455,1.0749999999999886,1.3499999999999943,0.30000000000001137,0.25
2026-09-10,CE,2026-09-10T07:29:00+00:00,2026-09-10T07:27:55.442730+00:00,2026-09-10T07:28:55.509669+00:00,60.066939,NIFTY|2026-09-15|23450|CE,8ab6714abbb29c17d6d4f5261b8adeb909c05873306c770862fe016316a05dd1,611bf64e756745be6cae5778fb5b14cfe44c2ff382178deb267dd60e8e5beaaa,-3.2000000000007276,-4.0249999999999915,-4.150000000000006,0.25,0.09999999999999432
2026-09-10,CE,2026-09-10T07:31:00+00:00,2026-09-10T07:29:50.514049+00:00,2026-09-10T07:30:55.463420+00:00,64.949371,NIFTY|2026-09-15|23450|CE,3ed1148a29650ae40704b411cc7866a4c47280f810ffa59f8a1ab692a0a5d42c,41a18c3d7c7f2344023b36c3a6723fc6a3195f256fac4fc53f4f9860869db5b7,-3.4499999999970896,-1.0250000000000057,-2.0999999999999943,0.29999999999999716,0.25
2026-09-10,CE,2026-09-10T07:32:00+00:00,2026-09-10T07:30:55.463420+00:00,2026-09-10T07:31:55.472721+00:00,60.009301,NIFTY|2026-09-15|23450|CE,41a18c3d7c7f2344023b36c3a6723fc6a3195f256fac4fc53f4f9860869db5b7,c309dd677feebd99767652b69f5b2d5db0835c706c2b1d7deb8c0706da7dcc4a,-4.150000000001455,-1.0999999999999943,-0.15000000000000568,0.25,0.04999999999999716
2026-09-10,CE,2026-09-10T07:33:00+00:00,2026-09-10T07:31:55.472721+00:00,2026-09-10T07:32:55.474374+00:00,60.001653,NIFTY|2026-09-15|23450|CE,c309dd677feebd99767652b69f5b2d5db0835c706c2b1d7deb8c0706da7dcc4a,4027f5e715ae45084b73763528e42264e46dd754ee36a20edb1d5858160e3b82,6.349999999998545,2.5250000000000057,2.6000000000000085,0.04999999999999716,0.29999999999999716
2026-09-10,CE,2026-09-10T07:35:00+00:00,2026-09-10T07:33:55.474211+00:00,2026-09-10T07:34:55.485389+00:00,60.011178,NIFTY|2026-09-15|23450|CE,7094c47518d0e3c3f90d5048a6e0de9654e30e9be8efa462a4b71733fbe9ee48,2318f8639bdab0de4c83da19dd76f4d93460515fe48940c7d6b291b9de94878e,-0.9000000000014552,-0.7249999999999943,-0.6499999999999915,0.25,0.29999999999999716
2026-09-10,CE,2026-09-10T07:36:00+00:00,2026-09-10T07:34:55.485389+00:00,2026-09-10T07:35:55.487727+00:00,60.002338,NIFTY|2026-09-15|23450|CE,2318f8639bdab0de4c83da19dd76f4d93460515fe48940c7d6b291b9de94878e,902f5b67740cc2217e648d4813a5865c4cad03ef0598bee542b1f21dd0366db7,-6.849999999998545,-4.575000000000003,-4.5,0.29999999999999716,0.25
2026-09-10,CE,2026-09-10T07:38:00+00:00,2026-09-10T07:36:55.460492+00:00,2026-09-10T07:37:55.470395+00:00,60.009903,NIFTY|2026-09-15|23450|CE,a0a681572faa80eb64f3e21fcbf6cc35d8d77bb01c8231bf1bda33a2cc7d6ade,01eedd8ee5fd83f30abd610f364f100255479c50cca979f31ebfdedc9ea71004,3.9500000000007276,2.7249999999999943,2.9000000000000057,0.20000000000000284,0.25
2026-09-10,CE,2026-09-10T07:40:00+00:00,2026-09-10T07:38:55.467620+00:00,2026-09-10T07:39:55.534044+00:00,60.066424,NIFTY|2026-09-15|23450|CE,3bd2654443565557b4e3b8bb21182e8b0be3d4bcc27c7594826dbc83db0eaef3,e1067e83fac65019457d1d980983612e576359fcfd024e9caaa6ae19fbeb7e7f,4.44999999999709,1.4499999999999886,1.25,0.30000000000001137,0.20000000000000284
2026-09-10,CE,2026-09-10T07:42:00+00:00,2026-09-10T07:40:50.494485+00:00,2026-09-10T07:41:55.475901+00:00,64.981416,NIFTY|2026-09-15|23450|CE,8712e4aee29625936551411f26064044e6fa6f22c05ff7da964afaea2f778f23,2d7fb3afd3d9a644c2f9fa91e40dcc711294797365582d5829daa28e83d6ce54,0.4500000000007276,-1.7750000000000057,-1.7999999999999972,0.30000000000001137,0.25
2026-09-10,CE,2026-09-10T07:44:00+00:00,2026-09-10T07:42:50.487001+00:00,2026-09-10T07:43:55.468500+00:00,64.981499,NIFTY|2026-09-15|23450|CE,c98438fc7e077c0b6c8aee1d99708f05ec8f876f8f87ea91994798890a6863c8,27ecafc202693fa09b199b7f0e140ef093a1d1266109d18cba473ed29564ffe5,3.7999999999992724,2.1999999999999886,2.3999999999999915,0.25,0.25
2026-09-10,CE,2026-09-10T07:45:00+00:00,2026-09-10T07:43:55.468500+00:00,2026-09-10T07:44:55.476903+00:00,60.008403,NIFTY|2026-09-15|23450|CE,27ecafc202693fa09b199b7f0e140ef093a1d1266109d18cba473ed29564ffe5,a3cc4002c5a2e67ef443a63b737a5d3f34fb3f7acd523e9b7d227dbd1a72e2ae,6.950000000000728,4.550000000000011,4.5,0.25,0.3500000000000085
2026-09-10,CE,2026-09-10T07:47:00+00:00,2026-09-10T07:45:50.483098+00:00,2026-09-10T07:46:55.466990+00:00,64.983892,NIFTY|2026-09-15|23450|CE,ca7788c57d97273f2b5128b5d0696c08ed4cb47bc21c2183d60648f490390946,f1d71f49189cd568d49ff06ce0ac3b3bc6e096afb7405d8e02b853b4fddc2ee9,-1.25,-0.6999999999999886,-0.9000000000000057,0.29999999999999716,0.20000000000000284
2026-09-10,CE,2026-09-10T07:49:00+00:00,2026-09-10T07:47:55.451737+00:00,2026-09-10T07:48:55.475016+00:00,60.023279,NIFTY|2026-09-15|23450|CE,dc87031179a1cf01987ad4e0dc2db4e1cb74abad613e7d10efa53e44cc0b8581,1f93a433ec07e4cf1f7091588b31d4b50370468c3686437e154bf72ecf86ec3a,2.2999999999992724,0.8000000000000114,0.7999999999999972,0.29999999999999716,0.30000000000001137
2026-09-10,CE,2026-09-10T07:51:00+00:00,2026-09-10T07:49:55.474544+00:00,2026-09-10T07:50:55.498447+00:00,60.023903,NIFTY|2026-09-15|23450|CE,5c223c87199cb6d1f19f1aef3a1d1f764a1ee64ab59cbd1b8639108389797ce5,d9c1515aad3e15c85733aacea03477828c7288f0670ea9dbe61339a8eb3835e3,-1.7000000000007276,-1.4749999999999943,-1.8000000000000114,0.29999999999999716,0.25
2026-09-10,CE,2026-09-10T07:53:00+00:00,2026-09-10T07:51:50.471193+00:00,2026-09-10T07:52:55.332807+00:00,64.861614,NIFTY|2026-09-15|23450|CE,1d82b56adda69d96aa8aba28d5516e446dd6ed8afae0ed7817075ec6bd7a8330,543994752d70442e7388d84fb877cf9655594bf090975fccb81cd925d664baca,-3.150000000001455,-3.4000000000000057,-3.3499999999999943,0.29999999999999716,0.19999999999998863
2026-09-10,CE,2026-09-10T07:54:00+00:00,2026-09-10T07:52:55.332807+00:00,2026-09-10T07:53:55.335023+00:00,60.002216,NIFTY|2026-09-15|23450|CE,543994752d70442e7388d84fb877cf9655594bf090975fccb81cd925d664baca,ab810b967d0adeb773e9ef03853346d908db33aee8dfdc278d4f4afbd265bf34,2.0499999999992724,1.0,1.25,0.19999999999998863,0.19999999999998863
2026-09-10,CE,2026-09-10T07:55:00+00:00,2026-09-10T07:53:55.335023+00:00,2026-09-10T07:54:55.338521+00:00,60.003498,NIFTY|2026-09-15|23450|CE,ab810b967d0adeb773e9ef03853346d908db33aee8dfdc278d4f4afbd265bf34,06ce99e619fe76f008c23677912ba4887ef620d026572def90e845b024a81dcb,1.3500000000021828,1.2249999999999943,0.8999999999999915,0.19999999999998863,0.3500000000000085
2026-09-10,CE,2026-09-10T07:57:00+00:00,2026-09-10T07:55:50.336499+00:00,2026-09-10T07:56:55.327276+00:00,64.990777,NIFTY|2026-09-15|23450|CE,59d4d6f2ba51e353a41b17c5a19096460dbc22a9f40d775a55bd28c39edf7008,f2bbd7660f869e293fda086304624520b55f11a62e29fd806319e01cdfce6781,-3.25,-1.7250000000000085,-1.4500000000000028,0.25,0.20000000000000284
2026-09-10,CE,2026-09-10T07:58:00+00:00,2026-09-10T07:56:55.327276+00:00,2026-09-10T07:57:55.332146+00:00,60.00487,NIFTY|2026-09-15|23450|CE,f2bbd7660f869e293fda086304624520b55f11a62e29fd806319e01cdfce6781,ddf235306b9d373e102064ab61272113c0aa2f6be45b0c2c948a4b6f7a97ec5d,-3.5,-1.1999999999999886,-1.5,0.20000000000000284,0.30000000000001137
2026-09-10,CE,2026-09-10T07:59:00+00:00,2026-09-10T07:57:55.332146+00:00,2026-09-10T07:58:55.336454+00:00,60.004308,NIFTY|2026-09-15|23450|CE,ddf235306b9d373e102064ab61272113c0aa2f6be45b0c2c948a4b6f7a97ec5d,0b48c5a490bc6fca153007694d8a5250e4b06ce13f81e1bb4e3b51529c6ac0cb,1.75,-0.6999999999999886,-0.3499999999999943,0.30000000000001137,0.29999999999999716
2026-09-10,CE,2026-09-10T08:00:00+00:00,2026-09-10T07:58:55.336454+00:00,2026-09-10T07:59:55.342761+00:00,60.006307,NIFTY|2026-09-15|23450|CE,0b48c5a490bc6fca153007694d8a5250e4b06ce13f81e1bb4e3b51529c6ac0cb,907322b3e54fa4f8bfea0174f3f820e2fe81bf449a6bc6b836d70e1827ffb2b3,-4.600000000002183,-2.25,-2.200000000000003,0.29999999999999716,0.20000000000000284
2026-09-10,CE,2026-09-10T08:02:00+00:00,2026-09-10T08:00:50.342614+00:00,2026-09-10T08:01:55.325939+00:00,64.983325,NIFTY|2026-09-15|23450|CE,3e2cd8f648f173c2bd0c117b560e92b623150373265276c3f4d373c8b2797797,e621f8178c59f0f1860a9fbdef9c4093c0a3e82770d9b847fcdf135290aaa780,3.2000000000007276,-0.10000000000000853,0.25,0.20000000000000284,0.09999999999999432
2026-09-10,CE,2026-09-10T08:03:00+00:00,2026-09-10T08:01:55.325939+00:00,2026-09-10T08:02:55.422967+00:00,60.097028,NIFTY|2026-09-15|23450|CE,e621f8178c59f0f1860a9fbdef9c4093c0a3e82770d9b847fcdf135290aaa780,b2772ed3f8940cb896201a067bbeecaa29cc6b0543e5c18a1d9822bd27b84b91,-0.5,-1.4750000000000085,-1.8500000000000085,0.09999999999999432,0.25
2026-09-10,CE,2026-09-10T08:05:00+00:00,2026-09-10T08:03:50.344087+00:00,2026-09-10T08:04:55.340452+00:00,64.996365,NIFTY|2026-09-15|23450|CE,8bae610994a3b3e804f307251f5c00614453d1c1484168b483670d398e1f07aa,8def49dadf437dc13f06f8ba9357d7556f527881260fd270fa713eca6fbf1be4,1.5999999999985448,0.07500000000000284,0.5499999999999972,0.25,0.20000000000000284
2026-09-10,CE,2026-09-10T08:07:00+00:00,2026-09-10T08:05:55.332512+00:00,2026-09-10T08:06:55.334863+00:00,60.002351,NIFTY|2026-09-15|23450|CE,7269e1ff00d920b9c06b4fc13d0b775622cdb8ac46a619130e9769c62f9df7f3,44627cd1c879375887d41c3b23967ae4073b4b73cc0974b8da5074b9e45531e5,0.09999999999854481,-0.6999999999999886,-0.6500000000000057,0.29999999999999716,0.29999999999999716
2026-09-10,CE,2026-09-10T08:09:00+00:00,2026-09-10T08:07:50.367074+00:00,2026-09-10T08:08:55.329000+00:00,64.961926,NIFTY|2026-09-15|23450|CE,3c27aedb0e13a3d296d75fb62a106032b8d6d677e27d3c0021a788d444c603e9,a7d082639bce9d29befb734e132d5380a2dcd5f7705c8f9d7e7cb453d2682c10,6.0,4.025000000000006,4.050000000000011,0.30000000000001137,0.25
2026-09-10,CE,2026-09-10T08:10:00+00:00,2026-09-10T08:08:55.329000+00:00,2026-09-10T08:09:55.337765+00:00,60.008765,NIFTY|2026-09-15|23450|CE,a7d082639bce9d29befb734e132d5380a2dcd5f7705c8f9d7e7cb453d2682c10,55892dcef5d0a39a23a84d89e28df0ff31a8077786c3e8a918597028f06cd7d5,4.650000000001455,-0.625,-0.7000000000000028,0.25,0.29999999999999716
2026-09-10,CE,2026-09-10T08:11:00+00:00,2026-09-10T08:09:55.337765+00:00,2026-09-10T08:10:55.340537+00:00,60.002772,NIFTY|2026-09-15|23450|CE,55892dcef5d0a39a23a84d89e28df0ff31a8077786c3e8a918597028f06cd7d5,d6f06c02c007e24acb05ddfc3d70b5ee237ce61909c4796b221abbd267a69601,3.5,1.0999999999999943,1.5499999999999972,0.29999999999999716,0.30000000000001137
2026-09-10,CE,2026-09-10T08:12:00+00:00,2026-09-10T08:10:55.340537+00:00,2026-09-10T08:11:55.347276+00:00,60.006739,NIFTY|2026-09-15|23450|CE,d6f06c02c007e24acb05ddfc3d70b5ee237ce61909c4796b221abbd267a69601,b72bf840e347cb41f68e3ac703a94bd7529490c88a48d58a7f9defb85d97c697,-2.3000000000029104,-0.42499999999999716,-0.5,0.30000000000001137,0.25
2026-09-10,CE,2026-09-10T08:14:00+00:00,2026-09-10T08:12:55.338786+00:00,2026-09-10T08:13:55.340342+00:00,60.001556,NIFTY|2026-09-15|23450|CE,b4e7c7256d73b9a5c76390e445381ebd9ef868da061105ec6832ba8430be9ddf,1728494554d5e8eb4fa559f94f0e64c0f278f324bad6012533265991318e238e,-3.25,-0.32499999999998863,-0.09999999999999432,0.25,0.20000000000000284
2026-09-10,CE,2026-09-10T08:17:00+00:00,2026-09-10T08:15:55.351232+00:00,2026-09-10T08:16:55.357296+00:00,60.006064,NIFTY|2026-09-15|23450|CE,514bd03da1a53674647ea52c0035fdc485efb45c3cf290956a9eeb2f6a726c94,5d29d3b70dca940fc8bcee4cc261c5d699f82a00b083c1da5d712bf427fbbb31,-0.5499999999992724,0.3499999999999943,0.5499999999999972,0.15000000000000568,0.25
2026-09-10,CE,2026-09-10T08:19:00+00:00,2026-09-10T08:17:50.347606+00:00,2026-09-10T08:18:55.329100+00:00,64.981494,NIFTY|2026-09-15|23450|CE,aa63e622ec983e98d5c8ab6fae68a83ae8170d4dae1253bbfac7e6a697f96569,60647c9b6048bb3c55b6ded03308b8e881740ba422eb3309da254ced1e95369c,-5.400000000001455,-3.625,-3.5999999999999943,0.04999999999999716,0.20000000000000284
2026-09-10,CE,2026-09-10T08:20:00+00:00,2026-09-10T08:18:55.329100+00:00,2026-09-10T08:19:55.330796+00:00,60.001696,NIFTY|2026-09-15|23450|CE,60647c9b6048bb3c55b6ded03308b8e881740ba422eb3309da254ced1e95369c,47615b75f5d58c553dd1792bad388e23afbffdec0d6d766393f5e59cc76dd4ca,2.2000000000007276,2.5249999999999915,2.549999999999997,0.20000000000000284,0.25
2026-09-10,CE,2026-09-10T08:21:00+00:00,2026-09-10T08:19:55.330796+00:00,2026-09-10T08:20:55.332450+00:00,60.001654,NIFTY|2026-09-15|23450|CE,47615b75f5d58c553dd1792bad388e23afbffdec0d6d766393f5e59cc76dd4ca,66038038828f369b58e7dc0dc538e798059cc8b3043cc5838059377834de0bcc,-0.2999999999992724,-0.09999999999999432,-0.09999999999999432,0.25,0.15000000000000568
2026-09-10,CE,2026-09-10T08:22:00+00:00,2026-09-10T08:20:55.332450+00:00,2026-09-10T08:21:55.337685+00:00,60.005235,NIFTY|2026-09-15|23450|CE,66038038828f369b58e7dc0dc538e798059cc8b3043cc5838059377834de0bcc,304fd8be42288172c4bbb940781420ebc58298ef8c2d9ad83565d9938c669a64,2.099999999998545,2.5999999999999943,2.3999999999999915,0.15000000000000568,0.25
2026-09-10,CE,2026-09-10T08:23:00+00:00,2026-09-10T08:21:55.337685+00:00,2026-09-10T08:22:55.339373+00:00,60.001688,NIFTY|2026-09-15|23450|CE,304fd8be42288172c4bbb940781420ebc58298ef8c2d9ad83565d9938c669a64,73c3347bb58e16c484b1dd15184d20cd9d5468653891a48e59fc9abe5cce779f,1.8000000000029104,-0.3499999999999943,-0.3499999999999943,0.25,0.15000000000000568
2026-09-10,CE,2026-09-10T08:25:00+00:00,2026-09-10T08:23:55.338408+00:00,2026-09-10T08:24:55.343666+00:00,60.005258,NIFTY|2026-09-15|23450|CE,74d4bd4b3793ac3c2a1f244c9e8965a912b924d2c1fa2de7e7c19b9871325e6f,c45bb149beba298a1b9f114e0749477b33ad34792eca41e7491dc2909a04c2eb,-2.9500000000007276,-1.200000000000017,-1.1000000000000085,0.04999999999999716,0.14999999999999147
2026-09-10,CE,2026-09-10T08:26:00+00:00,2026-09-10T08:24:55.343666+00:00,2026-09-10T08:25:55.350588+00:00,60.006922,NIFTY|2026-09-15|23450|CE,c45bb149beba298a1b9f114e0749477b33ad34792eca41e7491dc2909a04c2eb,d44344841878db7cdb61404a009dd990b426df7bd07ac2319ccd5470e6785e80,-3.5,-0.625,-0.5999999999999943,0.14999999999999147,0.29999999999999716
2026-09-10,CE,2026-09-10T08:27:00+00:00,2026-09-10T08:25:55.350588+00:00,2026-09-10T08:26:55.376401+00:00,60.025813,NIFTY|2026-09-15|23450|CE,d44344841878db7cdb61404a009dd990b426df7bd07ac2319ccd5470e6785e80,80c9a34bbcaf365d51191f8c8e72e3c11bbf92b2ecaa0535116cf73cd6f8fcb4,-1.4500000000007276,-0.375,-0.3500000000000085,0.29999999999999716,0.25
2026-09-10,CE,2026-09-10T08:32:00+00:00,2026-09-10T08:30:50.343312+00:00,2026-09-10T08:31:55.337025+00:00,64.993713,NIFTY|2026-09-15|23450|CE,6aac5969e57014d00ec0cd6504bb8dc92f65c16f1434862242c030212da53ddf,799b80df1eee088aeefd16cba57654d41a70a957539f0a95f06d2c54e102ecbb,-1.4000000000014552,-2.125000000000014,-2.3500000000000085,0.25,0.20000000000000284
2026-09-10,CE,2026-09-10T08:36:00+00:00,2026-09-10T08:34:50.342396+00:00,2026-09-10T08:35:55.331880+00:00,64.989484,NIFTY|2026-09-15|23400|CE,f79e44536f5e3326ef821bec6d4514193441ba6aaf401d7e822e01f774303087,2f1d23b2a3fd40ed528366202dd7d6204591172844a92258da8c115a16e78bf7,-1.6499999999978172,-0.6000000000000227,-0.30000000000001137,0.25,0.3499999999999943
2026-09-10,CE,2026-09-10T08:37:00+00:00,2026-09-10T08:35:55.331880+00:00,2026-09-10T08:36:55.339489+00:00,60.007609,NIFTY|2026-09-15|23400|CE,2f1d23b2a3fd40ed528366202dd7d6204591172844a92258da8c115a16e78bf7,e0ba6990b729911ce5f48ad3af0354b51e59a59f28d5104c0b0375956d4c1a1d,1.25,0.22500000000002274,-0.09999999999999432,0.3499999999999943,0.30000000000001137
2026-09-10,CE,2026-09-10T08:39:00+00:00,2026-09-10T08:37:55.339063+00:00,2026-09-10T08:38:55.384145+00:00,60.045082,NIFTY|2026-09-15|23400|CE,4906009204148f64df28f9b6f5b0193e22539539db7dc8555c9ec28270e72433,ff3bc0e5f80ad6dbdd4a730a61525dd6533e586e5ada4f7a4953ddacab3b7463,-3.7999999999992724,-1.3500000000000227,-1.5999999999999943,0.14999999999997726,0.3499999999999943
2026-09-10,CE,2026-09-10T08:41:00+00:00,2026-09-10T08:39:55.330718+00:00,2026-09-10T08:40:55.385402+00:00,60.054684,NIFTY|2026-09-15|23400|CE,7c4a1da3293333aa93cb480a4004fed35b4a9a32fac3a86144b8ed40fba2e1b3,dd35a6f685bd03c2008cb10d47c166361466d411e42fc7dcad1b8b76ef6cad6d,-1.0,-0.5,-0.75,0.15000000000000568,0.3499999999999943
2026-09-10,CE,2026-09-10T08:43:00+00:00,2026-09-10T08:41:50.337653+00:00,2026-09-10T08:42:55.326394+00:00,64.988741,NIFTY|2026-09-15|23400|CE,b885fe480cbb0318994cae2f27ba741d827b71cb7d63e5f10203afb93c306399,9c5f66a7dc0e3297a41f4e85d622fc930a97f0d1c2702130c69c9d3d05b067e2,0.7000000000007276,1.0,0.9000000000000057,0.39999999999997726,0.19999999999998863
2026-09-10,CE,2026-09-10T08:44:00+00:00,2026-09-10T08:42:55.326394+00:00,2026-09-10T08:43:55.334760+00:00,60.008366,NIFTY|2026-09-15|23400|CE,9c5f66a7dc0e3297a41f4e85d622fc930a97f0d1c2702130c69c9d3d05b067e2,19aed0c60979d3b13fb3b6476f8f5467fdea812234db667cb17547f64ecbf762,-2.75,-2.7749999999999773,-2.299999999999983,0.19999999999998863,0.3499999999999943
2026-09-10,CE,2026-09-10T08:45:00+00:00,2026-09-10T08:43:55.334760+00:00,2026-09-10T08:44:55.459698+00:00,60.124938,NIFTY|2026-09-15|23400|CE,19aed0c60979d3b13fb3b6476f8f5467fdea812234db667cb17547f64ecbf762,d510bc56078169095312d531976ca6e54ea0fac726417a4837145664a6e92ebd,1.3999999999978172,1.3749999999999716,0.44999999999998863,0.3499999999999943,0.30000000000001137
2026-09-10,CE,2026-09-10T08:47:00+00:00,2026-09-10T08:45:50.334350+00:00,2026-09-10T08:46:55.330803+00:00,64.996453,NIFTY|2026-09-15|23400|CE,cc1e9cec2a7b8b67819a9a7b0f881a08115d048623039fd80ce85c27717f8994,bf087a20e76672737477457d6c04736180889d19e616bc1a62e9dc341488f4f8,1.75,1.1499999999999773,0.75,0.25,0.3499999999999943
2026-09-10,CE,2026-09-10T08:48:00+00:00,2026-09-10T08:46:55.330803+00:00,2026-09-10T08:47:55.334354+00:00,60.003551,NIFTY|2026-09-15|23400|CE,bf087a20e76672737477457d6c04736180889d19e616bc1a62e9dc341488f4f8,6ef10f052e91354c85227ddf50e52ca3066eb9b1876754e04a651f8955cc74a5,-1.2999999999992724,-1.0749999999999886,-0.6500000000000057,0.3499999999999943,0.29999999999998295
2026-09-10,CE,2026-09-10T08:49:00+00:00,2026-09-10T08:47:55.334354+00:00,2026-09-10T08:48:55.334687+00:00,60.000333,NIFTY|2026-09-15|23400|CE,6ef10f052e91354c85227ddf50e52ca3066eb9b1876754e04a651f8955cc74a5,a2a4803ae74bfd76e528b9fc2dc923119fb033c6f78a59eb9c61526c2e0a15c0,-2.400000000001455,-0.9749999999999659,-1.799999999999983,0.29999999999998295,0.3499999999999943
2026-09-10,CE,2026-09-10T08:50:00+00:00,2026-09-10T08:48:55.334687+00:00,2026-09-10T08:49:55.339621+00:00,60.004934,NIFTY|2026-09-15|23400|CE,a2a4803ae74bfd76e528b9fc2dc923119fb033c6f78a59eb9c61526c2e0a15c0,ffe23902db0d3ed1b28c51a7bacacf854fe069c12314ba68027ea62f62ece1e6,-2.75,-0.6500000000000341,0.14999999999997726,0.3499999999999943,0.15000000000000568
2026-09-10,CE,2026-09-10T08:52:00+00:00,2026-09-10T08:50:55.336885+00:00,2026-09-10T08:51:55.479443+00:00,60.142558,NIFTY|2026-09-15|23400|CE,54fbe2fa2000e4e4df4e8ec542537d7fb7bef1be9d10d6c812575a1bcbae4967,b4ee693be2078710a3ddc9295b87fcb10b7678004e5f4a6dced6908c0b724673,7.299999999999272,2.424999999999983,2.1500000000000057,0.3499999999999943,0.30000000000001137
2026-09-10,CE,2026-09-10T08:54:00+00:00,2026-09-10T08:52:55.330924+00:00,2026-09-10T08:53:55.451360+00:00,60.120436,NIFTY|2026-09-15|23400|CE,cd5cede8d551446876df3f90186eb95bc1e23c391b518ce87904a702c164ad34,f1e5289224c97bd8f7d9128af6ecf261900d595c05eb7eb036fa90ed7aed89f7,-1.0999999999985448,-0.75,-0.75,0.35000000000002274,0.35000000000002274
2026-09-10,CE,2026-09-10T08:58:00+00:00,2026-09-10T08:56:55.338189+00:00,2026-09-10T08:57:55.482822+00:00,60.144633,NIFTY|2026-09-15|23400|CE,ce56145f150e4f6e5ae51bba513eb0e01311373ef4e68dc121ec9f8ebb752932,0ae96c7feb214bdc1c6e8567ca340f9e19989df7eee2110e2e78f43e9e347288,2.0,0.19999999999998863,0.04999999999998295,0.15000000000000568,0.3499999999999943
2026-09-10,CE,2026-09-10T09:00:00+00:00,2026-09-10T08:58:55.442443+00:00,2026-09-10T08:59:55.780435+00:00,60.337992,NIFTY|2026-09-15|23400|CE,a934403381cfe4a077dc4669364faa1e869c9750624163188755c3a7c39d30a0,ce19d8a9e2f7ca67ae691367070058e902c2970acda79b18f264595321d12253,5.650000000001455,4.050000000000011,4.299999999999983,0.30000000000001137,0.19999999999998863
2026-09-10,CE,2026-09-10T09:02:00+00:00,2026-09-10T09:00:50.818810+00:00,2026-09-10T09:01:55.667194+00:00,64.848384,NIFTY|2026-09-15|23400|CE,b35e76f92f4d3c52789f2bc6dacedad0f7b24f1e70ce5c783aebebf91504563b,71ac04124cdd59b98f31beb55b3a0882c92763d964bc041eacb4d8b29dbc40ae,-4.150000000001455,-3.7749999999999773,-3.5999999999999943,0.29999999999998295,0.25
2026-09-10,CE,2026-09-10T09:03:00+00:00,2026-09-10T09:01:55.667194+00:00,2026-09-10T09:02:55.759904+00:00,60.09271,NIFTY|2026-09-15|23400|CE,71ac04124cdd59b98f31beb55b3a0882c92763d964bc041eacb4d8b29dbc40ae,c18e9a64e912bc887f72492c137f1b3d30aaa94a88db8b29472499e78c34429b,-1.0,-0.75,-0.5999999999999943,0.25,0.25
2026-09-10,CE,2026-09-10T09:05:00+00:00,2026-09-10T09:03:50.339544+00:00,2026-09-10T09:04:55.335018+00:00,64.995474,NIFTY|2026-09-15|23400|CE,756b8eb069fd9fcd29df286268fc36ea3b41a4e9796a55d05273130027a1f99d,aac4353bec2d17bd3798ae2da3733c703b5c0e52fbfa6b707d2781b190bb11b1,1.1500000000014552,-0.17500000000001137,-0.35000000000002274,0.29999999999998295,0.35000000000002274
2026-09-10,CE,2026-09-10T09:06:00+00:00,2026-09-10T09:04:55.335018+00:00,2026-09-10T09:05:55.342200+00:00,60.007182,NIFTY|2026-09-15|23400|CE,aac4353bec2d17bd3798ae2da3733c703b5c0e52fbfa6b707d2781b190bb11b1,d224f88ea8f80649eb8e5d646b62a140dfb36aff73fbd215aed803bd3008e794,-4.799999999999272,-2.5749999999999886,-2.25,0.35000000000002274,0.29999999999998295
2026-09-10,CE,2026-09-10T09:08:00+00:00,2026-09-10T09:06:55.329736+00:00,2026-09-10T09:07:55.336662+00:00,60.006926,NIFTY|2026-09-15|23400|CE,f797e601eed208eff20d319a24882f588df669e3d7cb59f3e7cd4c4297b61e32,f753d8e794a31200caa8f5a37b9bf140a0f50cfd8bc716590886c2d2589ac8c3,-5.649999999997817,-1.275000000000034,-1.5,0.09999999999999432,0.3499999999999943
2026-09-10,CE,2026-09-10T09:10:00+00:00,2026-09-10T09:08:55.322737+00:00,2026-09-10T09:09:55.510808+00:00,60.188071,NIFTY|2026-09-15|23400|CE,00a772b12a625a5f54b3d7fb7f906c63474aabe1590d1d285ef4efd5f241b775,c043cad7ce551924add3e64f1adac3e3e4a5c4cc8bf2cee56093b3ac9f366a21,-2.0,-2.25,-2.4499999999999886,0.25,0.3500000000000085
2026-09-10,CE,2026-09-10T09:12:00+00:00,2026-09-10T09:10:55.334387+00:00,2026-09-10T09:11:55.341282+00:00,60.006895,NIFTY|2026-09-15|23400|CE,8513acfe5cbfca68c6b9241d7dc476852898dd134b56506903f1c4a45d5cddb7,796f614f636a8d4a2b21728416c3f8b8fedac5847ba6ab56fe43aec1bc20d21b,3.150000000001455,3.325000000000017,2.6500000000000057,0.29999999999999716,0.04999999999999716
2026-09-10,CE,2026-09-10T09:13:00+00:00,2026-09-10T09:11:55.341282+00:00,2026-09-10T09:12:55.343723+00:00,60.002441,NIFTY|2026-09-15|23400|CE,796f614f636a8d4a2b21728416c3f8b8fedac5847ba6ab56fe43aec1bc20d21b,cd9a4a2d661e10e127cb67ed4b5820cca2ab1db61c8b92e990ff399df295f7c9,4.299999999999272,2.6999999999999886,2.8500000000000085,0.04999999999999716,0.35000000000002274
2026-09-10,CE,2026-09-10T09:15:00+00:00,2026-09-10T09:13:55.330719+00:00,2026-09-10T09:14:55.339363+00:00,60.008644,NIFTY|2026-09-15|23400|CE,76653fb1d5d8d9d63c599ddea4caf6ddaa26bc122a9fea5c884a2541b51f92e3,5ccaa546d2ee80d12b32e8292d81fcf6a35294ab83e155a964e7a79058293040,3.0499999999992724,2.5250000000000057,2.6999999999999886,0.19999999999998863,0.14999999999997726
2026-09-10,CE,2026-09-10T09:16:00+00:00,2026-09-10T09:14:55.339363+00:00,2026-09-10T09:15:55.345037+00:00,60.005674,NIFTY|2026-09-15|23400|CE,5ccaa546d2ee80d12b32e8292d81fcf6a35294ab83e155a964e7a79058293040,0e64c27de6f1d1aaac14a46d620a25f2e958141a19a0561def3a8811655174df,1.25,2.8500000000000227,2.700000000000017,0.14999999999997726,0.3499999999999943
2026-09-10,CE,2026-09-10T09:18:00+00:00,2026-09-10T09:16:50.331857+00:00,2026-09-10T09:17:55.325449+00:00,64.993592,NIFTY|2026-09-15|23400|CE,f25396e2afa90b33ec18324ed84fb990474bfc7ada020812c4dd4a94e91131d9,c4612cd697779a9dbdfef11bb1c603c692422b8a92d7f544bc2f90a21a862fec,7.5,2.625,2.5500000000000114,0.29999999999998295,0.3499999999999943
2026-09-10,CE,2026-09-10T09:19:00+00:00,2026-09-10T09:17:55.325449+00:00,2026-09-10T09:18:55.333377+00:00,60.007928,NIFTY|2026-09-15|23400|CE,c4612cd697779a9dbdfef11bb1c603c692422b8a92d7f544bc2f90a21a862fec,8de449d94cb460173c087d5de744abf3d0accc2aa212e8025404fd9febb4fb06,-5.149999999997817,-1.2749999999999773,-1.5,0.3499999999999943,0.29999999999998295
2026-09-10,CE,2026-09-10T09:20:00+00:00,2026-09-10T09:18:55.333377+00:00,2026-09-10T09:19:55.343764+00:00,60.010387,NIFTY|2026-09-15|23400|CE,8de449d94cb460173c087d5de744abf3d0accc2aa212e8025404fd9febb4fb06,26b8d0514c8577455c2b4c51d44ca71bb45aad33a393874a073e0711af989cfe,5.899999999997817,3.125,3.4000000000000057,0.29999999999998295,0.15000000000000568
2026-09-10,CE,2026-09-10T09:22:00+00:00,2026-09-10T09:20:55.335781+00:00,2026-09-10T09:21:55.342003+00:00,60.006222,NIFTY|2026-09-15|23450|CE,92782e270dce19232b1f172f2553b28a73e6b303e7f122101a3739c518b9b5df,dc7f72c67465253e5fac42ff3bc43850f8e335f78f12b94ea0bb4506fd1afa60,0.049999999999272404,-0.8250000000000028,-0.75,0.30000000000001137,0.25
2026-09-10,CE,2026-09-10T09:30:00+00:00,2026-09-10T09:28:50.337233+00:00,2026-09-10T09:29:55.333082+00:00,64.995849,NIFTY|2026-09-15|23400|CE,c59119cc2d2a2793f9a8221df9501ad3c4442282165651cbda8328b785b1721f,70a80d4f159a85c1a632c0bb496c061d79447213f093bef87c6a73d0660b3974,-4.200000000000728,-0.875,-1.450000000000017,0.35000000000002274,0.30000000000001137
2026-09-10,CE,2026-09-10T09:31:00+00:00,2026-09-10T09:29:55.333082+00:00,2026-09-10T09:30:55.355412+00:00,60.02233,NIFTY|2026-09-15|23400|CE,70a80d4f159a85c1a632c0bb496c061d79447213f093bef87c6a73d0660b3974,982b2e542ddbe2348231a525ddc6222ad529ab3b6dc22a4b5f856c443e3ef35c,-21.25,-14.125,-13.399999999999991,0.30000000000001137,0.25
2026-09-10,CE,2026-09-10T09:33:00+00:00,2026-09-10T09:31:50.343837+00:00,2026-09-10T09:32:55.333706+00:00,64.989869,NIFTY|2026-09-15|23400|CE,4d533f7838fed04ec09c44b4bc04f8a26c699fc4b14447180402c25b67c85eb5,e30118984d35ff4f6707c13d05e4cf823b19cab8e454f88bff1d11c2e10dd390,-7.150000000001455,-2.9000000000000057,-3.1500000000000057,0.25,0.14999999999999147
2026-09-10,CE,2026-09-10T09:34:00+00:00,2026-09-10T09:32:55.333706+00:00,2026-09-10T09:33:55.341438+00:00,60.007732,NIFTY|2026-09-15|23400|CE,e30118984d35ff4f6707c13d05e4cf823b19cab8e454f88bff1d11c2e10dd390,341a8b0b20619aa8af970f7cf60fc10c3682048e521dfc524149e94fb60256a5,2.7000000000007276,2.8000000000000114,3.0,0.14999999999999147,0.3500000000000085
2026-09-10,CE,2026-09-10T09:35:00+00:00,2026-09-10T09:33:55.341438+00:00,2026-09-10T09:34:55.343510+00:00,60.002072,NIFTY|2026-09-15|23400|CE,341a8b0b20619aa8af970f7cf60fc10c3682048e521dfc524149e94fb60256a5,9fad8e446bf7b197ca90a1161fd85088d751ae69455e4cb4ff3dfa0ad3e5e8db,0.4000000000014552,0.04999999999999716,0.10000000000000853,0.3500000000000085,0.25
2026-09-10,CE,2026-09-10T09:37:00+00:00,2026-09-10T09:35:55.337841+00:00,2026-09-10T09:36:55.341277+00:00,60.003436,NIFTY|2026-09-15|23400|CE,f7e3193b24814bbfc63ea89a1471198d415896fb1185681f233c3a25403d146e,3e6190743c823492ce1149a505354188fbe4ef5cea37a969e7fa5ed75041a85f,-5.799999999999272,-0.39999999999997726,-0.29999999999999716,0.29999999999999716,0.20000000000000284
2026-09-10,CE,2026-09-10T09:38:00+00:00,2026-09-10T09:36:55.341277+00:00,2026-09-10T09:37:55.360831+00:00,60.019554,NIFTY|2026-09-15|23400|CE,3e6190743c823492ce1149a505354188fbe4ef5cea37a969e7fa5ed75041a85f,269617fce46c68b429c80f252df977b6b04022c32a9e9d7a3c88956ec3204c72,-0.3500000000021828,-1.3000000000000114,-1.3499999999999943,0.20000000000000284,0.30000000000001137
2026-09-10,CE,2026-09-10T09:40:00+00:00,2026-09-10T09:38:55.348889+00:00,2026-09-10T09:39:55.350947+00:00,60.002058,NIFTY|2026-09-15|23400|CE,ffaa51cc0f67bf31405b737fa9e707a3dc4753a1f7772c2fbbd4a34fa0f84918,3b2bf3d7834f7cac2d5d06e46f97b7a8dc1eb678e284bbae5bd92beb938486aa,1.1999999999970896,-0.1250000000000142,-0.15000000000000568,0.29999999999999716,0.25
2026-09-10,CE,2026-09-10T09:42:00+00:00,2026-09-10T09:40:55.330599+00:00,2026-09-10T09:41:55.336150+00:00,60.005551,NIFTY|2026-09-15|23400|CE,f633ef7baf395315495547f2add66f1aaa3deb4f1b2331e48fca53774af4614a,687411aec6009e9d243fb6a8096187f50264544ada8baf85244e24ef94e82cff,1.4000000000014552,-0.30000000000001137,0.05000000000001137,0.25,0.3500000000000085
2026-09-10,CE,2026-09-10T09:43:00+00:00,2026-09-10T09:41:55.336150+00:00,2026-09-10T09:42:55.336892+00:00,60.000742,NIFTY|2026-09-15|23400|CE,687411aec6009e9d243fb6a8096187f50264544ada8baf85244e24ef94e82cff,304b62953e63b9d114a3133c573644cc8187ac1e86cc4b90dc4c63894f6f7954,-4.549999999999272,-2.75,-2.450000000000003,0.3500000000000085,0.25
2026-09-10,CE,2026-09-10T09:45:00+00:00,2026-09-10T09:43:55.332030+00:00,2026-09-10T09:44:55.336015+00:00,60.003985,NIFTY|2026-09-15|23400|CE,1c60aef1f3bf0ad38cb2134320a4d131417726ec77a9109fb580cfaa23503cd5,ccc5c15de7f63f0209868f2d0b6045e40572ff098ccc7d025963a8f7640ced8f,-4.0,-1.0500000000000114,-1.75,0.29999999999999716,0.30000000000001137
2026-09-10,CE,2026-09-10T09:46:00+00:00,2026-09-10T09:44:55.336015+00:00,2026-09-10T09:45:55.342344+00:00,60.006329,NIFTY|2026-09-15|23400|CE,ccc5c15de7f63f0209868f2d0b6045e40572ff098ccc7d025963a8f7640ced8f,aef04587135503b013781788b7e79924a25fec88d2cd930a4c4f6124e6ec7782,1.1500000000014552,0.6500000000000057,0.8000000000000114,0.30000000000001137,0.29999999999999716
2026-09-10,CE,2026-09-10T09:48:00+00:00,2026-09-10T09:46:55.337712+00:00,2026-09-10T09:47:55.479863+00:00,60.142151,NIFTY|2026-09-15|23400|CE,ad57195c44af096cabea2c6a195929be9bfe4b057d9fffb49a2e342a54c7695c,bc524e4449059cd6c071a1d7075c9f49ee809d80f80ca7c52f8f2c2f93d877d0,0.0,-0.125,-0.20000000000000284,0.09999999999999432,0.3499999999999943
2026-09-10,CE,2026-09-10T09:50:00+00:00,2026-09-10T09:48:50.341310+00:00,2026-09-10T09:49:55.336198+00:00,64.994888,NIFTY|2026-09-15|23400|CE,c97c1cbd4fa2dab431d04c144fbdbd0b03e77349899c5527e319dd5628573832,162434fc3d06782d5458604556f41ba079e4aab6b7f185f6bea8006798029375,0.0,0.2750000000000057,-0.04999999999999716,0.3500000000000085,0.30000000000001137
2026-09-10,CE,2026-09-10T09:51:00+00:00,2026-09-10T09:49:55.336198+00:00,2026-09-10T09:50:55.339604+00:00,60.003406,NIFTY|2026-09-15|23400|CE,162434fc3d06782d5458604556f41ba079e4aab6b7f185f6bea8006798029375,81e41aa084df2a5d4cbd11154f1e5d32ed0a6e122dced8e4f24a7a4b15b5b09b,0.0,5.224999999999994,5.799999999999997,0.30000000000001137,0.3500000000000085
2026-09-10,CE,2026-09-10T09:52:00+00:00,2026-09-10T09:50:55.339604+00:00,2026-09-10T09:51:55.365600+00:00,60.025996,NIFTY|2026-09-15|23400|CE,81e41aa084df2a5d4cbd11154f1e5d32ed0a6e122dced8e4f24a7a4b15b5b09b,2379a0ad35fd81bc72fdbebcc61828f02c9eb6acbf539e45798ef92a17ee0594,0.0,0.0,-0.09999999999999432,0.3500000000000085,0.3500000000000085
2026-09-10,CE,2026-09-10T09:54:00+00:00,2026-09-10T09:52:50.343563+00:00,2026-09-10T09:53:55.333317+00:00,64.989754,NIFTY|2026-09-15|23400|CE,d67c43711a0e6d29bde3f73b971ae1e16f6373855ddbb8302eb35f7ef8c2b99f,e6670fa1af499fdacce5ff6c05059cd2f4c0d2d9d1e26624e1388305e7fa12f8,0.0,3.049999999999997,3.450000000000003,0.25,0.3499999999999943
2026-09-10,CE,2026-09-10T09:55:00+00:00,2026-09-10T09:53:55.333317+00:00,2026-09-10T09:54:55.337582+00:00,60.004265,NIFTY|2026-09-15|23400|CE,e6670fa1af499fdacce5ff6c05059cd2f4c0d2d9d1e26624e1388305e7fa12f8,7a14dedc2b6fd0e9c99f4236d1409978bd8f90d432086897d11b5e2e478448d6,0.0,0.5499999999999972,1.9500000000000028,0.3499999999999943,0.04999999999999716
2026-09-10,CE,2026-09-10T09:57:00+00:00,2026-09-10T09:55:55.336127+00:00,2026-09-10T09:56:55.336165+00:00,60.000038,NIFTY|2026-09-15|23400|CE,3109355ae1d47c13234b3d14ef87e61d3edf956037657d336288319541c2ee3b,dc906fe1d79bf41af2166163e215c2025ec4d0ea84f1d0e9b4e44625bc8e6214,0.0,-1.5500000000000114,-1.1500000000000057,0.29999999999999716,0.20000000000000284
2026-09-10,CE,2026-09-10T09:58:00+00:00,2026-09-10T09:56:55.336165+00:00,2026-09-10T09:57:55.336256+00:00,60.000091,NIFTY|2026-09-15|23400|CE,dc906fe1d79bf41af2166163e215c2025ec4d0ea84f1d0e9b4e44625bc8e6214,dd84d8339bb7e1eada263394ee7438668665ba259ee9ad6a26da705ab132d714,0.0,0.6500000000000057,0.75,0.20000000000000284,0.30000000000001137
2026-09-10,PE,2026-09-10T03:47:00+00:00,2026-09-10T03:45:55.354307+00:00,2026-09-10T03:46:55.366446+00:00,60.012139,NIFTY|2026-09-15|23450|PE,04ce9059db0162274394839dc5185fa0662ef6ce9f4cc2fe666646c568f85a67,f88f9149d0a8d0b19312a37ad6b082bdcf4db6a3b50890791c4de5b1c92f3edc,-24.600000000002183,6.625000000000014,6.799999999999997,0.29999999999999716,0.15000000000000568
2026-09-10,PE,2026-09-10T03:49:00+00:00,2026-09-10T03:47:50.336647+00:00,2026-09-10T03:48:55.332939+00:00,64.996292,NIFTY|2026-09-15|23450|PE,aee988c9e2dbcc292eab8dcac3ac1f7c9f7ef27f6529a0410126b6bbc1eba78e,32c69d5166c0ec1df6a6b469fb64b84c613163237a7d108d69ccd25e7174fc5d,11.399999999997817,-3.6500000000000057,-3.6500000000000057,0.20000000000000284,0.20000000000000284
2026-09-10,PE,2026-09-10T03:50:00+00:00,2026-09-10T03:48:55.332939+00:00,2026-09-10T03:49:55.458190+00:00,60.125251,NIFTY|2026-09-15|23450|PE,32c69d5166c0ec1df6a6b469fb64b84c613163237a7d108d69ccd25e7174fc5d,c978310103ab2afbb97c9cb766914a47bea8254157b9a2cac2a47811e9297d81,-12.149999999997817,2.200000000000017,2.299999999999997,0.20000000000000284,0.20000000000000284
2026-09-10,PE,2026-09-10T03:52:00+00:00,2026-09-10T03:50:55.343777+00:00,2026-09-10T03:51:55.352201+00:00,60.008424,NIFTY|2026-09-15|23450|PE,92fc24ba39ff11e41849e1683e684fc7babe9f56ee952c92d59b3ef38cf2f370,fce94c252a66d147cc6f57854529a67fda86c7317636cdf5438e401f5661e700,14.350000000002183,-4.550000000000011,-4.700000000000003,0.19999999999998863,0.20000000000000284
2026-09-10,PE,2026-09-10T03:54:00+00:00,2026-09-10T03:52:50.334022+00:00,2026-09-10T03:53:55.331628+00:00,64.997606,NIFTY|2026-09-15|23400|PE,493a4d75430a75f06c34e4b11f7cd9f00bd5882cea7de0e5bdc260007a5530fd,625c7c6cc8aa12844b72faad4b8b5f40b5df78289d6a22d4a40288bed3a30b09,-7.549999999999272,4.824999999999989,4.299999999999997,0.20000000000000284,0.25
2026-09-10,PE,2026-09-10T03:58:00+00:00,2026-09-10T03:56:55.343883+00:00,2026-09-10T03:57:55.355883+00:00,60.012,NIFTY|2026-09-15|23450|PE,211c9278fa201a4827aab6823125ca2fc74bfda7911b1f65118210000a592a81,b7c4effc225f03181b45c4604f152b76d7ea94381c2c76ef9a7ea701905863a9,3.2000000000007276,0.2750000000000057,0.3500000000000085,0.04999999999999716,0.20000000000000284
2026-09-10,PE,2026-09-10T04:00:00+00:00,2026-09-10T03:58:55.336930+00:00,2026-09-10T03:59:55.345217+00:00,60.008287,NIFTY|2026-09-15|23450|PE,ae2ea776d81ad2efbb6e90eef2aede3fdfe5e05bfed3bd56e1fc2fa3f636e013,2fb779f5456f4a62f07c7176b119e2c09cea6127d86f64f8131958b54dac08a0,-5.900000000001455,2.700000000000003,2.700000000000003,0.15000000000000568,0.25
2026-09-10,PE,2026-09-10T04:02:00+00:00,2026-09-10T04:00:50.347926+00:00,2026-09-10T04:01:55.336729+00:00,64.988803,NIFTY|2026-09-15|23400|PE,337e7f537dac5b3f938b172e5c319023796cffab21243b414a3ae613404c5806,9cdf167b9d783b2039faef40838ac829381e380f33398095d643e209ce825fac,-1.1500000000014552,-0.22500000000000853,-0.5499999999999972,0.25,0.20000000000000284
2026-09-10,PE,2026-09-10T04:05:00+00:00,2026-09-10T04:03:50.337756+00:00,2026-09-10T04:04:55.331434+00:00,64.993678,NIFTY|2026-09-15|23450|PE,42a3d6e682b4f0694882f2212dd6362a968e68e55c91e5f1ca8a8a90964f7cc9,dad866f0c25911a1f3d10e9cc3c566700742a78407c7920eb8b4ca64305711e8,-4.450000000000728,3.25,3.5999999999999943,0.25,0.14999999999999147
2026-09-10,PE,2026-09-10T04:06:00+00:00,2026-09-10T04:04:55.331434+00:00,2026-09-10T04:05:55.339017+00:00,60.007583,NIFTY|2026-09-15|23450|PE,dad866f0c25911a1f3d10e9cc3c566700742a78407c7920eb8b4ca64305711e8,85806c03bc3c4ef74cc1af84f6cbcfe43263cb106be1b040b6a614efccf4d1ff,-2.099999999998545,3.125,2.75,0.14999999999999147,0.29999999999999716
2026-09-10,PE,2026-09-10T04:07:00+00:00,2026-09-10T04:05:55.339017+00:00,2026-09-10T04:06:55.352208+00:00,60.013191,NIFTY|2026-09-15|23450|PE,85806c03bc3c4ef74cc1af84f6cbcfe43263cb106be1b040b6a614efccf4d1ff,4fbcda15206692016cdb270c64656ad6cd3283d56610d9c010a3a8f3fa8a9aa1,5.849999999998545,-3.4000000000000057,-3.75,0.29999999999999716,0.19999999999998863
2026-09-10,PE,2026-09-10T04:10:00+00:00,2026-09-10T04:08:55.336008+00:00,2026-09-10T04:09:55.337137+00:00,60.001129,NIFTY|2026-09-15|23400|PE,eef1fc91c9cada02480e656a93b39f169bb91fbc2b81e7ee8f150ff1b2078d6e,d2e8e6cd7fc85fd5fb3c7c3b16fbebaca2ea36940b6c7397e6dd12aba742577f,0.4500000000007276,0.32499999999998863,-0.04999999999999716,0.20000000000000284,0.15000000000000568
2026-09-10,PE,2026-09-10T04:11:00+00:00,2026-09-10T04:09:55.337137+00:00,2026-09-10T04:10:55.368127+00:00,60.03099,NIFTY|2026-09-15|23400|PE,d2e8e6cd7fc85fd5fb3c7c3b16fbebaca2ea36940b6c7397e6dd12aba742577f,a9738304ced4d15c833ab6d369572356fb1437f32201022560f5423e100855e9,3.650000000001455,-2.5250000000000057,-2.549999999999997,0.15000000000000568,0.20000000000000284
2026-09-10,PE,2026-09-10T04:23:00+00:00,2026-09-10T04:21:50.338905+00:00,2026-09-10T04:22:55.330981+00:00,64.992076,NIFTY|2026-09-15|23450|PE,2f2506e9472d3634de957cdf33eb8649d439cd0371fa22e708dc82c70522ad94,a39cc9d6687b0565352e0965bd681a4115ba80a9506cadaf588bd46c0558029e,-2.599999999998545,1.5249999999999915,1.9499999999999886,0.25,0.20000000000000284
2026-09-10,PE,2026-09-10T04:24:00+00:00,2026-09-10T04:22:55.330981+00:00,2026-09-10T04:23:55.395074+00:00,60.064093,NIFTY|2026-09-15|23450|PE,a39cc9d6687b0565352e0965bd681a4115ba80a9506cadaf588bd46c0558029e,82bdfc668bb1ca36aa96c532e4a4ae8c942922d5c63660ccf4ec2317fe36ca6d,-2.7999999999992724,2.2750000000000057,1.8500000000000085,0.20000000000000284,0.25
2026-09-10,PE,2026-09-10T04:27:00+00:00,2026-09-10T04:25:55.331461+00:00,2026-09-10T04:26:55.353711+00:00,60.02225,NIFTY|2026-09-15|23450|PE,8138e36f930bd3bdf17a4646539470efbdbfb4e0165afd51901a794f42ee54cf,92710bada04965e7e8bbec836dcd2ef7aea9f30b4d8946c295104c26da592254,6.799999999999272,-2.3500000000000085,-2.3499999999999943,0.25,0.14999999999999147
2026-09-10,PE,2026-09-10T04:29:00+00:00,2026-09-10T04:27:55.344774+00:00,2026-09-10T04:28:55.389967+00:00,60.045193,NIFTY|2026-09-15|23450|PE,78b10d41002882dd5a72b8c053286fd3ce223229a5ae660e5df29d5c0b951b37,3e1d29f05decfa87024d9aeb98740a5ffb35007201db9ea1fdaa437d37ad258a,-2.7000000000007276,1.299999999999983,1.0999999999999943,0.29999999999999716,0.20000000000000284
2026-09-10,PE,2026-09-10T04:33:00+00:00,2026-09-10T04:31:50.337124+00:00,2026-09-10T04:32:55.323944+00:00,64.98682,NIFTY|2026-09-15|23400|PE,12aaa7ec820c1c82165fcdf07cab8d844d823171a01f0f601d96e50c273e049e,3866277e3d003df64ae3bbf6b16522bf663121e58659d9d5b49719720de103e2,-6.600000000002183,3.075000000000003,3.0500000000000114,0.25,0.19999999999998863
2026-09-10,PE,2026-09-10T04:34:00+00:00,2026-09-10T04:32:55.323944+00:00,2026-09-10T04:33:55.330899+00:00,60.006955,NIFTY|2026-09-15|23400|PE,3866277e3d003df64ae3bbf6b16522bf663121e58659d9d5b49719720de103e2,b3cfbb6b1cd5b00078a09be5cad1d9090b6533306b2de13658293e2427a49617,0.9000000000014552,-0.42499999999999716,-0.45000000000000284,0.19999999999998863,0.25
2026-09-10,PE,2026-09-10T04:37:00+00:00,2026-09-10T04:35:55.336429+00:00,2026-09-10T04:36:55.343021+00:00,60.006592,NIFTY|2026-09-15|23400|PE,11ec7c217e809de6c0c299d06b0ded049dcd7b4ebcf28cbd47a51e6bec5967a3,df594732d49460be50e4b435df08f62baf8bea72a7b88b1d960973820a57c394,-7.600000000002183,2.7750000000000057,2.6500000000000057,0.25,0.20000000000000284
2026-09-10,PE,2026-09-10T04:39:00+00:00,2026-09-10T04:37:55.328619+00:00,2026-09-10T04:38:55.338720+00:00,60.010101,NIFTY|2026-09-15|23400|PE,e6f6ac749ef622185d47c3703e6f3865774ee462e99c967aff98f023baec794c,6160b399ae355406495e590dfd81a7ccf6605ef6fe704f9f4e47f9beb57dbb15,-3.650000000001455,2.549999999999983,2.4000000000000057,0.20000000000000284,0.20000000000000284
2026-09-10,PE,2026-09-10T04:40:00+00:00,2026-09-10T04:38:55.338720+00:00,2026-09-10T04:39:55.339684+00:00,60.000964,NIFTY|2026-09-15|23400|PE,6160b399ae355406495e590dfd81a7ccf6605ef6fe704f9f4e47f9beb57dbb15,ef5566e56302c38f9388757ed3c1bb08035d1ada513e4402ac8fd6b46522782b,6.099999999998545,-3.6999999999999886,-3.8500000000000085,0.20000000000000284,0.19999999999998863
2026-09-10,PE,2026-09-10T04:42:00+00:00,2026-09-10T04:40:55.334642+00:00,2026-09-10T04:41:55.336307+00:00,60.001665,NIFTY|2026-09-15|23400|PE,a1eb3862e89746903084775d73649cd4423a0cc6829cbd0b565d9be6c8d91857,c39461154c2441fe75fcca2297af2365fb92e0584431fcbef472c7da9a9009e7,-0.75,0.17499999999999716,0.5,0.19999999999998863,0.25
2026-09-10,PE,2026-09-10T04:44:00+00:00,2026-09-10T04:42:55.329184+00:00,2026-09-10T04:43:55.341158+00:00,60.011974,NIFTY|2026-09-15|23400|PE,8c2741a7faeb031df6b2f652033a6908e61982f59c0d08f5035ea03961e337af,29fff5f0f5f3e3c2fb7fe7df6c02294742582ac8285ca8910d9b67dd1bfd8f50,-2.0,1.7749999999999915,1.5999999999999943,0.20000000000000284,0.25
2026-09-10,PE,2026-09-10T04:45:00+00:00,2026-09-10T04:43:55.341158+00:00,2026-09-10T04:44:55.347900+00:00,60.006742,NIFTY|2026-09-15|23400|PE,29fff5f0f5f3e3c2fb7fe7df6c02294742582ac8285ca8910d9b67dd1bfd8f50,2bb1200731e564370c04d7d34943824c39e9d1fb69a3644ecc25530da35e1938,5.200000000000728,-2.2749999999999915,-2.25,0.25,0.20000000000000284
2026-09-10,PE,2026-09-10T04:47:00+00:00,2026-09-10T04:45:55.327034+00:00,2026-09-10T04:46:55.344266+00:00,60.017232,NIFTY|2026-09-15|23400|PE,54c3e65d7754dbc4a5fef390e1b3eb061537e9388c6fc9ceff4194c8b5f914bc,f4025ad85f6bae72267b659be0ed1f08a04f4fdeaecb18b7cd7659a5aecacbe9,5.349999999998545,-3.1750000000000114,-3.200000000000003,0.14999999999999147,0.20000000000000284
2026-09-10,PE,2026-09-10T04:49:00+00:00,2026-09-10T04:47:50.342738+00:00,2026-09-10T04:48:55.333786+00:00,64.991048,NIFTY|2026-09-15|23450|PE,3706ee7700456942aa0babf3342d1e53f3581707a3386d46fd9a80048cdf4718,d02768e54a51c92a6c2c89f3f27544ebd9151d2fa908fa71b1c7f7e17c343f2d,-1.0500000000029104,1.1500000000000057,0.6000000000000085,0.19999999999998863,0.20000000000000284
2026-09-10,PE,2026-09-10T04:50:00+00:00,2026-09-10T04:48:55.333786+00:00,2026-09-10T04:49:55.426341+00:00,60.092555,NIFTY|2026-09-15|23450|PE,d02768e54a51c92a6c2c89f3f27544ebd9151d2fa908fa71b1c7f7e17c343f2d,f9e2ca4a3502308f8172a1231088df17a9529be6e9a71e36feeda80601b37b85,-2.2999999999992724,0.7249999999999943,1.0499999999999972,0.20000000000000284,0.25
2026-09-10,PE,2026-09-10T04:52:00+00:00,2026-09-10T04:50:50.332368+00:00,2026-09-10T04:51:55.324883+00:00,64.992515,NIFTY|2026-09-15|23400|PE,1653065488813de81328cde91e375457cacf9c415f7629b036b995ddc7689caf,634f061ca26ecc200b9518c860031fdf2fa57b24c1e2e9d1357788a069b4f135,-5.200000000000728,2.25,2.450000000000003,0.25,0.15000000000000568
2026-09-10,PE,2026-09-10T04:53:00+00:00,2026-09-10T04:51:55.324883+00:00,2026-09-10T04:52:55.339122+00:00,60.014239,NIFTY|2026-09-15|23400|PE,634f061ca26ecc200b9518c860031fdf2fa57b24c1e2e9d1357788a069b4f135,6335b894416d57e2f7cd5fb78e5425b9ba3b6714f8247bcc02168f4bcd87061c,-0.8499999999985448,-1.9749999999999943,-2.1500000000000057,0.15000000000000568,0.20000000000000284
2026-09-10,PE,2026-09-10T05:04:00+00:00,2026-09-10T05:02:50.410003+00:00,2026-09-10T05:03:55.335818+00:00,64.925815,NIFTY|2026-09-15|23450|PE,e0dc235882088c3145217cb8a4001279da5fc6eb78e43835e42685c7ed6e6831,cdbf7559df0bbc05027557aff50c0f96682159320a7e3a3dfe1d18086ba5f0b3,3.5499999999992724,-1.5,-1.8000000000000114,0.29999999999999716,0.20000000000000284
2026-09-10,PE,2026-09-10T05:06:00+00:00,2026-09-10T05:04:50.362738+00:00,2026-09-10T05:05:55.330198+00:00,64.96746,NIFTY|2026-09-15|23450|PE,990916c4708f938cba5deea8f1869e3b39ddabd5a44ab2fff06916fd6efb63f2,22013fd103c6f20a3edb11ccf5bc7ba331b0b958dec661c15a3aa7cc956df8ff,-1.25,0.0,0.20000000000000284,0.25,0.25
2026-09-10,PE,2026-09-10T05:07:00+00:00,2026-09-10T05:05:55.330198+00:00,2026-09-10T05:06:55.341154+00:00,60.010956,NIFTY|2026-09-15|23450|PE,22013fd103c6f20a3edb11ccf5bc7ba331b0b958dec661c15a3aa7cc956df8ff,3627bc1ce9ebfc6637f0756b51a8f4ca721f656c730fb40ba0fa48088abbee79,-0.4000000000014552,-0.625,-0.5499999999999972,0.25,0.30000000000001137
2026-09-10,PE,2026-09-10T05:09:00+00:00,2026-09-10T05:07:55.332876+00:00,2026-09-10T05:08:55.334159+00:00,60.001283,NIFTY|2026-09-15|23450|PE,8008507871f859548c2074e8c2a5e660bc37f3e1a64102369788d3dc50b42395,0b17c9f97dd2eb9ca7da7b285155c5499cc5ac39e90506f1b780a30ef33e511e,4.149999999997817,-2.4749999999999943,-2.5,0.20000000000000284,0.25
2026-09-10,PE,2026-09-10T05:10:00+00:00,2026-09-10T05:08:55.334159+00:00,2026-09-10T05:09:55.348425+00:00,60.014266,NIFTY|2026-09-15|23450|PE,0b17c9f97dd2eb9ca7da7b285155c5499cc5ac39e90506f1b780a30ef33e511e,1f71a4821d7fdc7e0d45e26e435b17181fbe07db6128441a43dbfce4c448744b,3.25,-1.5250000000000057,-1.5499999999999972,0.25,0.20000000000000284
2026-09-10,PE,2026-09-10T05:12:00+00:00,2026-09-10T05:10:55.332267+00:00,2026-09-10T05:11:55.340587+00:00,60.00832,NIFTY|2026-09-15|23450|PE,0b00fef2d258cb26a97872cf5be4a4a2f7e938d4baed492d4be487ccbb3a4e5e,b731c0bbab528a3b61d71725ae91492c392473cb0305f426963cce1ccd4d8531,-1.8499999999985448,1.8499999999999943,2.0999999999999943,0.10000000000000853,0.20000000000000284
2026-09-10,PE,2026-09-10T05:15:00+00:00,2026-09-10T05:13:50.335479+00:00,2026-09-10T05:14:55.327920+00:00,64.992441,NIFTY|2026-09-15|23450|PE,b46c367106cd5ba26237c32b8b0b25acb957c0f05ecc30caa929aa8044b63bcb,0d34817a14683d0591217ef0ce6dda89dcb3697db638115d020e3d2930d1b0c4,6.849999999998545,-5.600000000000023,-5.900000000000006,0.20000000000000284,0.20000000000000284
2026-09-10,PE,2026-09-10T05:16:00+00:00,2026-09-10T05:14:55.327920+00:00,2026-09-10T05:15:55.340281+00:00,60.012361,NIFTY|2026-09-15|23450|PE,0d34817a14683d0591217ef0ce6dda89dcb3697db638115d020e3d2930d1b0c4,3000c9da5316143857e7663301f6b38ca7941e4009a26b88f4b51a3a85a4395c,-3.349999999998545,3.2750000000000057,3.6000000000000085,0.20000000000000284,0.25
2026-09-10,PE,2026-09-10T05:17:00+00:00,2026-09-10T05:15:55.340281+00:00,2026-09-10T05:16:55.473608+00:00,60.133327,NIFTY|2026-09-15|23450|PE,3000c9da5316143857e7663301f6b38ca7941e4009a26b88f4b51a3a85a4395c,bb04cb81e241f96d11411128254ac17fa173b2a38247480db42db02909acd236,-5.950000000000728,2.6500000000000057,2.3999999999999915,0.25,0.25
2026-09-10,PE,2026-09-10T05:19:00+00:00,2026-09-10T05:17:50.331099+00:00,2026-09-10T05:18:55.327628+00:00,64.996529,NIFTY|2026-09-15|23450|PE,49f368068c7c7a1363ce3fd0cf34054738913d26c7f924c6e52e5ec41fb94757,c8eedf1fa0418828d2dc9378175781592740d574936aec9b2d5de8387e3464b0,-5.399999999997817,3.1000000000000085,3.3500000000000085,0.15000000000000568,0.14999999999999147
2026-09-10,PE,2026-09-10T05:23:00+00:00,2026-09-10T05:21:55.338202+00:00,2026-09-10T05:22:56.471549+00:00,61.133347,NIFTY|2026-09-15|23400|PE,24545e782a3e17d427ba9b9b0f561f003f00be4e881dca1612c1573112a7a174,2808c176bfe6d171223512d63033bde4dd5cc9a91e905f27911c49661ae076e1,-1.25,1.7250000000000085,1.75,0.20000000000000284,0.15000000000000568
2026-09-10,PE,2026-09-10T05:25:00+00:00,2026-09-10T05:23:50.331117+00:00,2026-09-10T05:24:55.327627+00:00,64.99651,NIFTY|2026-09-15|23400|PE,333fb6d198d4b4c2bb22dc39f6331c182aa5b3f05f2a0a2f7cd4f3d65e76f326,afebe2ae39c5dd0daad206664d46fce184d3c0a3a88ecde2ec020cfac15cabe9,-4.549999999999272,1.0499999999999972,1.0500000000000114,0.09999999999999432,0.20000000000000284
2026-09-10,PE,2026-09-10T05:26:00+00:00,2026-09-10T05:24:55.327627+00:00,2026-09-10T05:25:55.341393+00:00,60.013766,NIFTY|2026-09-15|23400|PE,afebe2ae39c5dd0daad206664d46fce184d3c0a3a88ecde2ec020cfac15cabe9,3d89d16d7692646b068132f777eb8de9ce370de30a9e7789fbb6bd40147169d2,-4.150000000001455,3.2250000000000085,3.049999999999997,0.20000000000000284,0.25
2026-09-10,PE,2026-09-10T05:28:00+00:00,2026-09-10T05:26:55.332303+00:00,2026-09-10T05:27:55.338291+00:00,60.005988,NIFTY|2026-09-15|23400|PE,a5be4109a111a43b83a966ae65e72e6853656bb95d8611631fa89c1067606b56,475a6220bc195aa783177bdfbfd095c58ea9570cc63d05c3495e628a569a71ec,4.700000000000728,-1.2750000000000057,-0.7999999999999972,0.09999999999999432,0.25
2026-09-10,PE,2026-09-10T05:30:00+00:00,2026-09-10T05:28:55.330569+00:00,2026-09-10T05:29:55.485430+00:00,60.154861,NIFTY|2026-09-15|23400|PE,4f1b0acbaf5c2efd7576bdd7f68225d7bed2c8abbd0686f1825f96f25f05dc6e,b39657c6af166f73cc7bb2c678fdfa150acc74336c4c3d25c3205fa2826f762e,0.0,-0.9250000000000114,-0.8999999999999915,0.20000000000000284,0.15000000000000568
2026-09-10,PE,2026-09-10T05:32:00+00:00,2026-09-10T05:30:55.339496+00:00,2026-09-10T05:31:55.341239+00:00,60.001743,NIFTY|2026-09-15|23400|PE,4dc5ced27bdcacd170ccabc43cc35cf808c491be81a0c4fa388987d00e9589d0,00d72ebc94ddfab6fc2575b4c24c210ddca0302c5ee18be2246a8ddd1b533ace,0.9000000000014552,0.29999999999998295,-0.25,0.04999999999999716,0.14999999999999147
2026-09-10,PE,2026-09-10T05:33:00+00:00,2026-09-10T05:31:55.341239+00:00,2026-09-10T05:32:55.570472+00:00,60.229233,NIFTY|2026-09-15|23400|PE,00d72ebc94ddfab6fc2575b4c24c210ddca0302c5ee18be2246a8ddd1b533ace,4758995c60f7013dfc3772f834f003ac20b11bf9487b3851bea2f6f6542e2fbe,-3.7000000000007276,0.8000000000000114,0.8500000000000085,0.14999999999999147,0.14999999999999147
2026-09-10,PE,2026-09-10T05:35:00+00:00,2026-09-10T05:33:55.336945+00:00,2026-09-10T05:34:55.512656+00:00,60.175711,NIFTY|2026-09-15|23400|PE,09a94c5816d66821302b011e196565a5670b8f05f7e677f433b8882d7adb94f4,09d43eb0e292bc9020933ea692903521a14ffa05c09fd36d056a670dd775a50d,3.599999999998545,-2.3499999999999943,-2.299999999999997,0.04999999999999716,0.15000000000000568
2026-09-10,PE,2026-09-10T05:37:00+00:00,2026-09-10T05:35:55.331576+00:00,2026-09-10T05:36:55.667305+00:00,60.335729,NIFTY|2026-09-15|23400|PE,308298193db93322b4f82e142ed2278505c1aab45bb2e3a72e307fcfbc226ef4,ab4cbe41fdbfb4f4cd747348ff3bb4fbc40372d50387bc7415def76b792bba54,5.5,-0.674999999999983,-1.25,0.20000000000000284,0.04999999999999716
2026-09-10,PE,2026-09-10T05:39:00+00:00,2026-09-10T05:37:55.414630+00:00,2026-09-10T05:38:55.547926+00:00,60.133296,NIFTY|2026-09-15|23400|PE,e1344e117bbcd69245d06a5a7b433e24434a430c6f3cd9a93567cd9506a85507,13509b8b64b45e88f411132c0016a9b8c1e6eb53d9a65d8d82cf982a29b25dad,4.19999999999709,-0.32500000000000284,-0.7000000000000028,0.09999999999999432,0.14999999999999147
2026-09-10,PE,2026-09-10T05:41:00+00:00,2026-09-10T05:39:55.438275+00:00,2026-09-10T05:40:55.506818+00:00,60.068543,NIFTY|2026-09-15|23400|PE,cf9f30c44d2041db973840bdc3d2207635ac58a30462d7e7b902985643462385,f0ed77d5106bf4865d5836111db7afc033be25dcaa4da86e8afcf75c03da69bb,1.9000000000014552,-3.4250000000000114,-3.450000000000003,0.25,0.20000000000000284
2026-09-10,PE,2026-09-10T05:46:00+00:00,2026-09-10T05:44:55.346527+00:00,2026-09-10T05:45:55.783462+00:00,60.436935,NIFTY|2026-09-15|23450|PE,118be741712e255f3e55df7025feedf6ed51f9b37f4d9ed06ed0c47e88f8bd47,baad60e048285ac85f2a67d866e2108c0859fcd86c10f5c6dab2ff916395fc9a,7.200000000000728,-0.25,-1.0499999999999972,0.15000000000000568,0.25
2026-09-10,PE,2026-09-10T05:47:00+00:00,2026-09-10T05:45:55.783462+00:00,2026-09-10T05:46:55.839388+00:00,60.055926,NIFTY|2026-09-15|23450|PE,baad60e048285ac85f2a67d866e2108c0859fcd86c10f5c6dab2ff916395fc9a,e9cd33fbeb4f73b492f0074aad58ce278c83e4004398de484606268018814b38,-7.850000000002183,3.2750000000000057,3.700000000000003,0.25,0.09999999999999432
2026-09-10,PE,2026-09-10T05:49:00+00:00,2026-09-10T05:47:55.526418+00:00,2026-09-10T05:48:55.539455+00:00,60.013037,NIFTY|2026-09-15|23450|PE,8d0003cc28ad8a11a7b7748ac09de959a8c08e3890ca63b7a3c329b6602ffca5,438a9fb9381b8afa3d98de902d5e18bd43adf01d318bef79e079a7f38397e933,-2.100000000002183,-0.20000000000000284,-0.25,0.25,0.25
2026-09-10,PE,2026-09-10T05:51:00+00:00,2026-09-10T05:49:55.511264+00:00,2026-09-10T05:50:55.514888+00:00,60.003624,NIFTY|2026-09-15|23450|PE,7c69c2e5185951388e80308ada54ec77ceaf185c9829531e4748d5f767cb85b8,37f1e6b7539a4c01662caaceb392fba1ab24bfed8cdfaad9ee63ebbac12032f2,-7.0,3.950000000000003,3.799999999999997,0.15000000000000568,0.25
2026-09-10,PE,2026-09-10T05:52:00+00:00,2026-09-10T05:50:55.514888+00:00,2026-09-10T05:51:55.605324+00:00,60.090436,NIFTY|2026-09-15|23450|PE,37f1e6b7539a4c01662caaceb392fba1ab24bfed8cdfaad9ee63ebbac12032f2,0fb9553530baac05785f0712c74fa59a20cb45121b7de25e6b161b289f4eb9de,-4.200000000000728,1.9249999999999972,1.8499999999999943,0.25,0.09999999999999432
2026-09-10,PE,2026-09-10T05:54:00+00:00,2026-09-10T05:52:50.674657+00:00,2026-09-10T05:53:55.491340+00:00,64.816683,NIFTY|2026-09-15|23450|PE,1e4d37dcf41fe497dd4d9891b0a868befde382077fa5ffe7d89aa0b55c32ee09,69af37b3758b0bb054b2f056fe13c299a9045788a0b5aa65fd9632b2a216f22d,4.75,-0.42499999999999716,-0.3499999999999943,0.20000000000000284,0.25
2026-09-10,PE,2026-09-10T05:56:00+00:00,2026-09-10T05:54:55.480769+00:00,2026-09-10T05:55:55.496325+00:00,60.015556,NIFTY|2026-09-15|23450|PE,95d1f334fc2308b6dd185fc443b40d5812662826f2832802da2f1c8e23c0944c,615c1a3cafa56a86c7f640db612a3922e03e5ab8e7dfb7f1e5e54924e3864c59,1.7000000000007276,0.6749999999999972,0.6500000000000057,0.15000000000000568,0.20000000000000284
2026-09-10,PE,2026-09-10T05:57:00+00:00,2026-09-10T05:55:55.496325+00:00,2026-09-10T05:56:55.562921+00:00,60.066596,NIFTY|2026-09-15|23450|PE,615c1a3cafa56a86c7f640db612a3922e03e5ab8e7dfb7f1e5e54924e3864c59,ab5d884700b46e9a992743e83f81c9b009172fe345d8a2eb47bab7323988bcc4,0.049999999999272404,1.0250000000000057,0.7999999999999972,0.20000000000000284,0.05000000000001137
2026-09-10,PE,2026-09-10T05:59:00+00:00,2026-09-10T05:57:55.457902+00:00,2026-09-10T05:58:55.481064+00:00,60.023162,NIFTY|2026-09-15|23450|PE,d8d8c413494df8620d6b9fb6896e00e94c3f62b9e989332a7042dcf516c5a3df,3dff24b5ce8bd55dc4f49390f7a81e5cd98323573a154116e321d8308e7b671c,1.9000000000014552,-0.4749999999999943,-0.5,0.19999999999998863,0.25
2026-09-10,PE,2026-09-10T06:00:00+00:00,2026-09-10T05:58:55.481064+00:00,2026-09-10T05:59:55.486425+00:00,60.005361,NIFTY|2026-09-15|23450|PE,3dff24b5ce8bd55dc4f49390f7a81e5cd98323573a154116e321d8308e7b671c,d8d607e93a8254ff27a65a04e45e63bf9d6fdb5286c7efddb57558faaccebdce,-0.049999999999272404,0.3499999999999943,0.75,0.25,0.25
2026-09-10,PE,2026-09-10T06:01:00+00:00,2026-09-10T05:59:55.486425+00:00,2026-09-10T06:00:55.542205+00:00,60.05578,NIFTY|2026-09-15|23450|PE,d8d607e93a8254ff27a65a04e45e63bf9d6fdb5286c7efddb57558faaccebdce,f0dd2e163d8cfa2c7161c75b132bcf09205276f8a364383e3694ce720817f9b3,6.94999999999709,-3.2249999999999943,-3.1499999999999915,0.25,0.20000000000000284
2026-09-10,PE,2026-09-10T06:05:00+00:00,2026-09-10T06:03:50.465067+00:00,2026-09-10T06:04:55.438683+00:00,64.973616,NIFTY|2026-09-15|23400|PE,be936da1b79a2790ed7ec5b546aa92bf25a77488dc2b94eb23163ded22e13ae8,99df348f4471a26d4956b63233d2a19572a011760a1f78e0ba9a788deed03991,-0.9000000000014552,-0.3499999999999943,-0.09999999999999432,0.14999999999999147,0.15000000000000568
2026-09-10,PE,2026-09-10T06:06:00+00:00,2026-09-10T06:04:55.438683+00:00,2026-09-10T06:05:55.498182+00:00,60.059499,NIFTY|2026-09-15|23400|PE,99df348f4471a26d4956b63233d2a19572a011760a1f78e0ba9a788deed03991,871f781c13ec92f1b32f37d92fa5e246ca749313b7ab5c3bd0efc178cf3182d2,-2.599999999998545,-1.0,-1.0499999999999972,0.15000000000000568,0.15000000000000568
2026-09-10,PE,2026-09-10T06:08:00+00:00,2026-09-10T06:06:55.495701+00:00,2026-09-10T06:07:55.543317+00:00,60.047616,NIFTY|2026-09-15|23400|PE,66bf9bcfa4bb1c41273b2419968e43e1ac3c1ea111c1fad8b2757b4846e489d0,8bfb9080869ad245fd5cc330ec85d1c56a646363d04b045b902d167198736fad,-2.600000000002183,0.4000000000000057,0.20000000000000284,0.15000000000000568,0.15000000000000568
2026-09-10,PE,2026-09-10T06:10:00+00:00,2026-09-10T06:08:55.472957+00:00,2026-09-10T06:09:55.602050+00:00,60.129093,NIFTY|2026-09-15|23400|PE,56842c8d1c5162ff163099583089be41db78406879fae8cd3f121ad9fabe771c,d6fb230cc47c83cb39265760f74867964ef7a94da7379547730fb0deed222cd1,-8.0,1.3499999999999943,1.3000000000000114,0.14999999999999147,0.05000000000001137
2026-09-10,PE,2026-09-10T06:12:00+00:00,2026-09-10T06:10:55.486285+00:00,2026-09-10T06:11:55.517766+00:00,60.031481,NIFTY|2026-09-15|23400|PE,088aef186eef6763d8fa3ca0f2a2cbfaee600400093c6d170e67f676faa543cd,008859ab07773715531e8fdafb5df00eb9a89de96b0fd9a11759becd3a697785,-2.150000000001455,1.5,1.5,0.19999999999998863,0.09999999999999432
2026-09-10,PE,2026-09-10T06:14:00+00:00,2026-09-10T06:12:55.495860+00:00,2026-09-10T06:13:55.587892+00:00,60.092032,NIFTY|2026-09-15|23400|PE,7e9519021e148a48fe2836eb65731bf082342481a5142e7c15c3c9073a463197,ee5b325058cc5ec016eccc0cdf57e155d8663273917d35b97bd4712691ad8d06,4.450000000000728,-3.450000000000003,-3.5999999999999943,0.15000000000000568,0.25
2026-09-10,PE,2026-09-10T06:16:00+00:00,2026-09-10T06:14:50.522861+00:00,2026-09-10T06:15:55.431778+00:00,64.908917,NIFTY|2026-09-15|23400|PE,3b9875706ce3dad2ae3b9e3d1a63d335bc3fc756f4e0662758c13f6ba015b419,54c40b78f9838b9c079e4fc5f269d4040def74d8a728ba5061e8a05d5c0d480c,2.399999999997817,0.7749999999999915,0.5999999999999943,0.20000000000000284,0.15000000000000568
2026-09-10,PE,2026-09-10T06:21:00+00:00,2026-09-10T06:19:55.438255+00:00,2026-09-10T06:20:55.876891+00:00,60.438636,NIFTY|2026-09-15|23450|PE,aef3b9e0d61d0299fe297d41cfe493f11ed10a6b0f614e66c62e8cb813081416,c2691fb7f6a9dc957e7fedb7533d9931847315379a1971f0dec7a780748a5481,1.7999999999992724,-0.9499999999999886,-1.0,0.20000000000000284,0.09999999999999432
2026-09-10,PE,2026-09-10T06:23:00+00:00,2026-09-10T06:21:50.459347+00:00,2026-09-10T06:22:55.441010+00:00,64.981663,NIFTY|2026-09-15|23450|PE,abb51f1aab84ef2e56aa1758c85aaa41a4d2962325541dd6284e6aae2556030d,d8c581c56313ad5038738cced3e546c6975a44328dd0e73a550e15c14f4694d5,-1.4500000000007276,-0.05000000000001137,0.04999999999999716,0.19999999999998863,0.20000000000000284
2026-09-10,PE,2026-09-10T06:24:00+00:00,2026-09-10T06:22:55.441010+00:00,2026-09-10T06:23:55.775477+00:00,60.334467,NIFTY|2026-09-15|23450|PE,d8c581c56313ad5038738cced3e546c6975a44328dd0e73a550e15c14f4694d5,8317fb9c3fa2d96e3765115ec970a159069978873a0bda1a0a9c5b5004ffe3d8,1.75,-1.1249999999999858,-1.25,0.20000000000000284,0.25
2026-09-10,PE,2026-09-10T06:26:00+00:00,2026-09-10T06:24:55.460537+00:00,2026-09-10T06:25:55.524374+00:00,60.063837,NIFTY|2026-09-15|23450|PE,9c20287f4da7e0acbcda363f66b32750e62d3497045ace8b08c4de4fa547050b,a71e39e6ad8b9ce4677eb4fa939108322f18b3501cd171e1a940a77e5c6d1178,0.3999999999978172,1.1250000000000142,1.4000000000000057,0.25,0.20000000000000284
2026-09-10,PE,2026-09-10T06:29:00+00:00,2026-09-10T06:27:55.450403+00:00,2026-09-10T06:28:55.766114+00:00,60.315711,NIFTY|2026-09-15|23450|PE,1c8500693207f40b47eda9c7ef3f110531a12556caae8e223428eca8023bbd9e,328b6c13cd300864d430ffd1a7afc2b7ed19c77bac0461d96c5dccd1ff39732e,4.549999999999272,-1.6750000000000114,-1.6500000000000057,0.25,0.20000000000000284
2026-09-10,PE,2026-09-10T06:31:00+00:00,2026-09-10T06:29:55.488026+00:00,2026-09-10T06:30:55.497883+00:00,60.009857,NIFTY|2026-09-15|23450|PE,e6c024c4b273e3db8ef5db7f515c63044d843737918ce7a63fc4433cd3f3fd05,c619a895928ed7aefb2fe712ee6feda28a92de4179f414b2ed0185cd7b731771,5.5,-1.4249999999999972,-0.8999999999999915,0.20000000000000284,0.15000000000000568
2026-09-10,PE,2026-09-10T06:32:00+00:00,2026-09-10T06:30:55.497883+00:00,2026-09-10T06:31:55.505592+00:00,60.007709,NIFTY|2026-09-15|23450|PE,c619a895928ed7aefb2fe712ee6feda28a92de4179f414b2ed0185cd7b731771,377e8cd288e5a4c28ad7f12e56862da4db71920907592b288aca10c705c2ae2c,-1.6999999999970896,1.8250000000000028,1.7999999999999972,0.15000000000000568,0.19999999999998863
2026-09-10,PE,2026-09-10T06:34:00+00:00,2026-09-10T06:32:55.490496+00:00,2026-09-10T06:33:55.609118+00:00,60.118622,NIFTY|2026-09-15|23450|PE,bbc7e0f8a9846251d725f978d844c2e20a7949317e2254ab875707928f0ae230,96e90b477e1b8d7be56214a4f84fd24367165bb3803b15203d1461204adb2c77,-1.6000000000021828,1.0,1.0999999999999943,0.09999999999999432,0.19999999999998863
2026-09-10,PE,2026-09-10T06:37:00+00:00,2026-09-10T06:35:50.510712+00:00,2026-09-10T06:36:55.476546+00:00,64.965834,NIFTY|2026-09-15|23450|PE,8f17523f97d1ac043a0df7bb99bd1c58b8e0d22f6e218cda183bd3194fa36b32,1e2e3f9e1c38772869ad2755a7cb4c466cf53df8a517db317c108dde16b786dd,-7.799999999999272,2.75,2.9000000000000057,0.04999999999999716,0.14999999999999147
2026-09-10,PE,2026-09-10T06:39:00+00:00,2026-09-10T06:37:55.472518+00:00,2026-09-10T06:38:55.486789+00:00,60.014271,NIFTY|2026-09-15|23450|PE,5cc5167062f5b76c096f6e6ceb5b355338eb1ed66c9b9258428a6e2a4df1a545,65e541f0b4f14380af5756b0c9ae83e2974546595faa9495889762049490f68b,-3.0499999999992724,0.4000000000000057,0.75,0.20000000000000284,0.20000000000000284
2026-09-10,PE,2026-09-10T06:40:00+00:00,2026-09-10T06:38:55.486789+00:00,2026-09-10T06:39:55.525083+00:00,60.038294,NIFTY|2026-09-15|23450|PE,65e541f0b4f14380af5756b0c9ae83e2974546595faa9495889762049490f68b,6ca01c6af00438b77df3a4222a8ef88ab54c1bb32878933f612a06e4d79a82db,-2.2999999999992724,0.5,0.25,0.20000000000000284,0.20000000000000284
2026-09-10,PE,2026-09-10T06:42:00+00:00,2026-09-10T06:40:50.484363+00:00,2026-09-10T06:41:55.466676+00:00,64.982313,NIFTY|2026-09-15|23450|PE,12a592d9c24e10fa7ffbea8bcecc8767230351c180b1435b48f87fc215ff7a7e,6291add13dc8a4ef14734d66b666b2e92fd91ec1c0d626432ebd8d2e245c1638,8.049999999999272,-3.5500000000000114,-4.049999999999997,0.20000000000000284,0.20000000000000284
2026-09-10,PE,2026-09-10T06:43:00+00:00,2026-09-10T06:41:55.466676+00:00,2026-09-10T06:42:55.488881+00:00,60.022205,NIFTY|2026-09-15|23450|PE,6291add13dc8a4ef14734d66b666b2e92fd91ec1c0d626432ebd8d2e245c1638,fc665a9073918f7f47807730391eda0595d0fccaa1e9887de54709c1aa49a0c4,8.5,-3.4000000000000057,-3.299999999999997,0.20000000000000284,0.20000000000000284
2026-09-10,PE,2026-09-10T06:45:00+00:00,2026-09-10T06:43:55.476535+00:00,2026-09-10T06:44:55.480620+00:00,60.004085,NIFTY|2026-09-15|23450|PE,1d6783972107d8257fe598d2cc151d21b3236da806a82809275519abf9d1ace6,208191339a09b264e6f41255877afb7960a43ad55b560c765f427337692c03ee,0.1500000000014552,0.22499999999999432,0.3499999999999943,0.14999999999999147,0.20000000000000284
2026-09-10,PE,2026-09-10T06:46:00+00:00,2026-09-10T06:44:55.480620+00:00,2026-09-10T06:45:55.517511+00:00,60.036891,NIFTY|2026-09-15|23450|PE,208191339a09b264e6f41255877afb7960a43ad55b560c765f427337692c03ee,c9395449cbc41a541af85f456f9edf107c174901dc090cee140559ed293962f9,3.75,-1.1499999999999773,-0.9000000000000057,0.20000000000000284,0.20000000000000284
2026-09-10,PE,2026-09-10T06:48:00+00:00,2026-09-10T06:46:55.491265+00:00,2026-09-10T06:47:55.499581+00:00,60.008316,NIFTY|2026-09-15|23450|PE,9824c6f9067d31612a191d3c72b074c115600afc9cf51b244f120094f0371fd7,c9ef385752a6f0bd4f0a200822db2c7341d657b91bff73438a5e3901bb3dda92,-2.099999999998545,2.5,2.5,0.20000000000000284,0.10000000000000853
2026-09-10,PE,2026-09-10T06:49:00+00:00,2026-09-10T06:47:55.499581+00:00,2026-09-10T06:48:55.505152+00:00,60.005571,NIFTY|2026-09-15|23450|PE,c9ef385752a6f0bd4f0a200822db2c7341d657b91bff73438a5e3901bb3dda92,e912f6d4086fb51d5e59685d983df171c1b9ab80313149c2f970302fdd2c914a,-1.0999999999985448,0.375,0.5500000000000114,0.10000000000000853,0.14999999999999147
2026-09-10,PE,2026-09-10T06:51:00+00:00,2026-09-10T06:49:55.466946+00:00,2026-09-10T06:50:55.496164+00:00,60.029218,NIFTY|2026-09-15|23450|PE,7df37d40304b865b9de1304f81a63473fb873ccf7a0a80fe46c86442e0ae93d0,c96ad3144fa41f1576daee3686e9b29a54ada134331a0613e03e977d711c990e,4.100000000002183,-0.7750000000000057,-1.0499999999999972,0.05000000000001137,0.20000000000000284
2026-09-10,PE,2026-09-10T06:52:00+00:00,2026-09-10T06:50:55.496164+00:00,2026-09-10T06:51:55.499147+00:00,60.002983,NIFTY|2026-09-15|23450|PE,c96ad3144fa41f1576daee3686e9b29a54ada134331a0613e03e977d711c990e,bf22d5dc47abe4685b29e2a1863f4084a948ba6fc9e7d867b28311a2bbf56ad5,4.349999999998545,-1.5999999999999943,-1.5999999999999943,0.20000000000000284,0.09999999999999432
2026-09-10,PE,2026-09-10T06:54:00+00:00,2026-09-10T06:52:55.468043+00:00,2026-09-10T06:53:55.496135+00:00,60.028092,NIFTY|2026-09-15|23450|PE,e3010546134fe8b22bf29f0915b1c668933b4731f8ec0980cf4e24a4b7fa61cc,07b3d693fbb3cf81f76bd0539e7fd3d0c213cb711c0dbd6a4bf4b0b5061b295c,-6.850000000002183,2.5250000000000057,3.1500000000000057,0.19999999999998863,0.25
2026-09-10,PE,2026-09-10T06:56:00+00:00,2026-09-10T06:54:50.470421+00:00,2026-09-10T06:55:55.466631+00:00,64.99621,NIFTY|2026-09-15|23450|PE,1d3864a25ddc1326dc735453cad33617aa0640fdc8cc97b00c24a245ed0f3e2a,b7e322bb47637d672384f9a6cd42a261bf3e43b2951364401c44c75026b75420,3.600000000002183,-0.35000000000002274,-0.25,0.20000000000000284,0.20000000000000284
2026-09-10,PE,2026-09-10T06:57:00+00:00,2026-09-10T06:55:55.466631+00:00,2026-09-10T06:56:55.473124+00:00,60.006493,NIFTY|2026-09-15|23450|PE,b7e322bb47637d672384f9a6cd42a261bf3e43b2951364401c44c75026b75420,8c2fab2b31a2500d3c5c785ea7950ae26e936347d3ad7181637c292947c33573,3.899999999997817,-1.0,-1.0,0.20000000000000284,0.20000000000000284
2026-09-10,PE,2026-09-10T06:59:00+00:00,2026-09-10T06:57:55.468593+00:00,2026-09-10T06:58:55.480786+00:00,60.012193,NIFTY|2026-09-15|23450|PE,689dbc21393b9c19c6c797d8d7ba3b919ebd038181aec8666297df35b2872915,1847d39c3af762856f1c75c6d297361c29ef6023d11e72c240863c3a0b7f97ff,1.0499999999992724,-0.20000000000000284,0.0,0.09999999999999432,0.20000000000000284
2026-09-10,PE,2026-09-10T07:00:00+00:00,2026-09-10T06:58:55.480786+00:00,2026-09-10T06:59:55.517959+00:00,60.037173,NIFTY|2026-09-15|23450|PE,1847d39c3af762856f1c75c6d297361c29ef6023d11e72c240863c3a0b7f97ff,f85326f06492373dd7eff4d9ad39ab499bad03e8b77680caf06a6758630c5af5,-3.0499999999992724,0.75,0.75,0.20000000000000284,0.10000000000000853
2026-09-10,PE,2026-09-10T07:02:00+00:00,2026-09-10T07:00:50.499162+00:00,2026-09-10T07:01:55.474444+00:00,64.97528199999999,NIFTY|2026-09-15|23450|PE,d7ef0e0602f7eb1ccc03b6b47386af7c7a99391e4a020e207dcb158c160f1548,9fcc70e80ff0d7239b546b57475e9bbfceb8a7de16012b84daa607a02b58eb56,-4.05000000000291,0.7750000000000057,0.7000000000000028,0.25,0.19999999999998863
2026-09-10,PE,2026-09-10T07:03:00+00:00,2026-09-10T07:01:55.474444+00:00,2026-09-10T07:02:55.477117+00:00,60.002673,NIFTY|2026-09-15|23450|PE,9fcc70e80ff0d7239b546b57475e9bbfceb8a7de16012b84daa607a02b58eb56,c596742842d4b03953dcfbadbc97eb93a89b126493b1a97927d88c8f1a6e4a60,3.75,-0.5750000000000028,-0.5,0.19999999999998863,0.15000000000000568
2026-09-10,PE,2026-09-10T07:04:00+00:00,2026-09-10T07:02:55.477117+00:00,2026-09-10T07:03:55.553867+00:00,60.07675,NIFTY|2026-09-15|23450|PE,c596742842d4b03953dcfbadbc97eb93a89b126493b1a97927d88c8f1a6e4a60,0684d200c1848c9d2502c3a729ce664a2dffd9f4a3714b2403c28fcb16466ba3,0.4000000000014552,-1.9749999999999943,-2.0999999999999943,0.15000000000000568,0.09999999999999432
2026-09-10,PE,2026-09-10T07:07:00+00:00,2026-09-10T07:05:50.473393+00:00,2026-09-10T07:06:55.465747+00:00,64.992354,NIFTY|2026-09-15|23450|PE,45e651e9a288c0c2afd9bb333dd27c0581ce0bd00cf925dcaecabaa130f0108a,7eb2369af60787dd9dd40bde1a75147012a099c86fc3cb58ed72bed32009d049,-3.0500000000029104,0.7249999999999943,0.5,0.25,0.20000000000000284
2026-09-10,PE,2026-09-10T07:08:00+00:00,2026-09-10T07:06:55.465747+00:00,2026-09-10T07:07:55.482740+00:00,60.016993,NIFTY|2026-09-15|23450|PE,7eb2369af60787dd9dd40bde1a75147012a099c86fc3cb58ed72bed32009d049,82178a0e6f887e4df671efc2d5dc948660aeddcafe2bc8b5fca3c03a81c218ea,-4.549999999999272,1.25,1.4500000000000028,0.20000000000000284,0.20000000000000284
2026-09-10,PE,2026-09-10T07:09:00+00:00,2026-09-10T07:07:55.482740+00:00,2026-09-10T07:08:55.493623+00:00,60.010883,NIFTY|2026-09-15|23450|PE,82178a0e6f887e4df671efc2d5dc948660aeddcafe2bc8b5fca3c03a81c218ea,77601184306a6ec1722de7dfad33a0169481f4c7f99fb98e068f619241a12733,-0.25,-0.5,-0.45000000000000284,0.20000000000000284,0.20000000000000284
2026-09-10,PE,2026-09-10T07:12:00+00:00,2026-09-10T07:10:50.490278+00:00,2026-09-10T07:11:55.489871+00:00,64.999593,NIFTY|2026-09-15|23450|PE,26992ac9bdfd86bdb29cd1b3986f7403c245dc66f6ac13559b27198b5c143af2,06e221e3d8cc27a7da19cf4ddc3e727259bfcb1231cf3b0f2de1362311b0201a,-4.700000000000728,2.9749999999999943,2.950000000000003,0.25,0.20000000000000284
2026-09-10,PE,2026-09-10T07:13:00+00:00,2026-09-10T07:11:55.489871+00:00,2026-09-10T07:12:55.491207+00:00,60.001336,NIFTY|2026-09-15|23450|PE,06e221e3d8cc27a7da19cf4ddc3e727259bfcb1231cf3b0f2de1362311b0201a,971cf89d9f24b3dbaf24f415757d150d9d962aa81986b559ded47beedac2e190,8.400000000001455,-1.3249999999999886,-1.3500000000000085,0.20000000000000284,0.14999999999999147
2026-09-10,PE,2026-09-10T07:15:00+00:00,2026-09-10T07:13:55.473941+00:00,2026-09-10T07:14:55.474821+00:00,60.00088,NIFTY|2026-09-15|23450|PE,43c62c60733cd9efbdb8a972124934600e7bce4082d66982e8effd9daf48a446,227e9f9de9cedba13310cf71f413b6ccd5ac3d3d770ca894589e5dd39e5d18ea,-0.9500000000007276,-0.9000000000000057,-1.0999999999999943,0.25,0.14999999999999147
2026-09-10,PE,2026-09-10T07:17:00+00:00,2026-09-10T07:15:50.479127+00:00,2026-09-10T07:16:55.463634+00:00,64.984507,NIFTY|2026-09-15|23450|PE,ec2815711d1b532aa5d74fb575bba14417ab7c20ae9fb554ee488797d738c760,d224fd6e2eae27c4c89e88201d54298628b9ffccbac77bfd66159521e528b49e,-6.100000000002183,3.75,3.700000000000003,0.20000000000000284,0.20000000000000284
2026-09-10,PE,2026-09-10T07:19:00+00:00,2026-09-10T07:17:55.461168+00:00,2026-09-10T07:18:55.479180+00:00,60.018012,NIFTY|2026-09-15|23450|PE,f01f77e76fda4b4a20ad870a589392c3814250f92d4153407a5f37d54d86f25e,aee36b0b4f234115420dad2ddb684a2041e9b47d6f3fafb56f95ddcb68ff291a,1.3999999999978172,-0.8499999999999943,-1.1500000000000057,0.20000000000000284,0.19999999999998863
2026-09-10,PE,2026-09-10T07:21:00+00:00,2026-09-10T07:19:50.473934+00:00,2026-09-10T07:20:55.441597+00:00,64.967663,NIFTY|2026-09-15|23450|PE,f92d49cb6628147fde788baa9eb4ee3b48dde9311e81dcc8a474d93f4754abf7,71bc2a109f49aa54a68bcdb77b4c1e32033b350cc838b9498393a12a5053aa49,-0.3999999999978172,-0.4749999999999943,-0.14999999999999147,0.14999999999999147,0.19999999999998863
2026-09-10,PE,2026-09-10T07:22:00+00:00,2026-09-10T07:20:55.441597+00:00,2026-09-10T07:21:55.490132+00:00,60.048535,NIFTY|2026-09-15|23450|PE,71bc2a109f49aa54a68bcdb77b4c1e32033b350cc838b9498393a12a5053aa49,382479cc401a1df7962f1631ee46b1fedb77628e1db8665c042a39af3416b2e7,0.7999999999992724,-0.45000000000000284,-0.7000000000000028,0.19999999999998863,0.09999999999999432
2026-09-10,PE,2026-09-10T07:25:00+00:00,2026-09-10T07:23:50.478869+00:00,2026-09-10T07:24:55.474882+00:00,64.996013,NIFTY|2026-09-15|23450|PE,d2c28a039fb6e77b0fdeb8b524e169297499c972b0c2694ce5a08a3603d48624,241528bd4e56895bb90219826acb34b99a1a1ac26a2ed51e1dcdc4437ae0a7f5,-2.25,1.1749999999999972,1.0500000000000114,0.19999999999998863,0.25
2026-09-10,PE,2026-09-10T07:26:00+00:00,2026-09-10T07:24:55.474882+00:00,2026-09-10T07:25:55.477690+00:00,60.002808,NIFTY|2026-09-15|23450|PE,241528bd4e56895bb90219826acb34b99a1a1ac26a2ed51e1dcdc4437ae0a7f5,465778ed826d61f66acbe91e1beaefba65724731c209509da0169e5dae21387d,-5.450000000000728,1.4500000000000028,1.5999999999999943,0.25,0.25
2026-09-10,PE,2026-09-10T07:28:00+00:00,2026-09-10T07:26:50.478755+00:00,2026-09-10T07:27:55.442730+00:00,64.963975,NIFTY|2026-09-15|23450|PE,67bb87ff0b8e6f1d489d96d7fd856737ae332134a37db2f8a0cd4ac8d585ba6d,7db36b7bb9770ffe77d3920c1e9f7a6ce72082ab8568bbd4d6f0b1cccbb23d3b,3.650000000001455,-1.7000000000000028,-1.6500000000000057,0.25,0.15000000000000568
2026-09-10,PE,2026-09-10T07:29:00+00:00,2026-09-10T07:27:55.442730+00:00,2026-09-10T07:28:55.509669+00:00,60.066939,NIFTY|2026-09-15|23450|PE,7db36b7bb9770ffe77d3920c1e9f7a6ce72082ab8568bbd4d6f0b1cccbb23d3b,c78d52c50e7565e355077cfcecd3067129f5d359b10c1ec95e305f999b3c36fe,-3.2000000000007276,2.3499999999999943,2.299999999999997,0.15000000000000568,0.25
2026-09-10,PE,2026-09-10T07:31:00+00:00,2026-09-10T07:29:50.514049+00:00,2026-09-10T07:30:55.463420+00:00,64.949371,NIFTY|2026-09-15|23450|PE,fc85bb41283579deb46abafa84cb252ac3f87dcae6cb0d6e96bef4d6a84daa13,8da4f4ba31a0acb9b078a71813c0d3a265b793919fc154adb45ba3c122fe68ae,-3.4499999999970896,1.5500000000000114,2.4000000000000057,0.25,0.25
2026-09-10,PE,2026-09-10T07:32:00+00:00,2026-09-10T07:30:55.463420+00:00,2026-09-10T07:31:55.472721+00:00,60.009301,NIFTY|2026-09-15|23450|PE,8da4f4ba31a0acb9b078a71813c0d3a265b793919fc154adb45ba3c122fe68ae,3794df814f4dd9a3b6701870012c78c8e27d49bf3f0c23c0e9dc40e0904f2e0a,-4.150000000001455,1.7999999999999972,0.9000000000000057,0.25,0.25
2026-09-10,PE,2026-09-10T07:33:00+00:00,2026-09-10T07:31:55.472721+00:00,2026-09-10T07:32:55.474374+00:00,60.001653,NIFTY|2026-09-15|23450|PE,3794df814f4dd9a3b6701870012c78c8e27d49bf3f0c23c0e9dc40e0904f2e0a,6c5afc2ecf5ee95826decf8ffe42051e0b1e9dc361b23c4d3a24f8d54e09067b,6.349999999998545,-2.2749999999999915,-2.25,0.25,0.20000000000000284
2026-09-10,PE,2026-09-10T07:35:00+00:00,2026-09-10T07:33:55.474211+00:00,2026-09-10T07:34:55.485389+00:00,60.011178,NIFTY|2026-09-15|23450|PE,08d6201aaf5f73a896e715d692da9916e27988c1a8ede033b524da925c4c4b56,e5a02e4bef0fd4decdf43b1b22567f9444ed448a03bdae98b64a05e05d91d22c,-0.9000000000014552,0.825000000000017,0.3499999999999943,0.25,0.20000000000000284
2026-09-10,PE,2026-09-10T07:36:00+00:00,2026-09-10T07:34:55.485389+00:00,2026-09-10T07:35:55.487727+00:00,60.002338,NIFTY|2026-09-15|23450|PE,e5a02e4bef0fd4decdf43b1b22567f9444ed448a03bdae98b64a05e05d91d22c,18ae7e9da1880018f764add79285027a3e2767c913f1078f8efdba8b262df5e3,-6.849999999998545,3.3249999999999886,3.6500000000000057,0.20000000000000284,0.25
2026-09-10,PE,2026-09-10T07:38:00+00:00,2026-09-10T07:36:55.460492+00:00,2026-09-10T07:37:55.470395+00:00,60.009903,NIFTY|2026-09-15|23450|PE,04144b2b4ab755edc6f3662e5ee67906b252a9b0189c33d3b08b8c060c05b8ac,a9b0f9be77ebfa29fd54daf10be4300fc1900e70b39439469730fc84c9f1bdb6,3.9500000000007276,-3.0249999999999915,-3.450000000000003,0.25,0.09999999999999432
2026-09-10,PE,2026-09-10T07:40:00+00:00,2026-09-10T07:38:55.467620+00:00,2026-09-10T07:39:55.534044+00:00,60.066424,NIFTY|2026-09-15|23450|PE,d518d585551050eb07b8b0ab78e2daa1542287eb8dbf3197c19998f83629d35f,16f2c9e62959cdfb218c0e3784c1ae4557e81a0fcf8e206bb98828b73e713dee,4.44999999999709,-1.3250000000000028,-0.8499999999999943,0.25,0.10000000000000853
2026-09-10,PE,2026-09-10T07:42:00+00:00,2026-09-10T07:40:50.494485+00:00,2026-09-10T07:41:55.475901+00:00,64.981416,NIFTY|2026-09-15|23450|PE,895d57d17fc467b835eed3ef46478a4c8d39cde1a942165bd8975788ea1e2110,19cdfb7b50b75bfe52caa145d29ee3ac57e3112ded452fd74d56e417cab60ff0,0.4500000000007276,1.5750000000000028,1.5499999999999972,0.15000000000000568,0.20000000000000284
2026-09-10,PE,2026-09-10T07:44:00+00:00,2026-09-10T07:42:50.487001+00:00,2026-09-10T07:43:55.468500+00:00,64.981499,NIFTY|2026-09-15|23450|PE,8c5a03745e7a89ae6ce032c0648ad6668f6f88589ca883bd80c305e84c5d97b6,fb4490aa623a3c4fe1cd3499d04a2134c8c42e0d08e28a3c61b8915304a31f7c,3.7999999999992724,-1.8499999999999943,-2.200000000000003,0.20000000000000284,0.19999999999998863
2026-09-10,PE,2026-09-10T07:45:00+00:00,2026-09-10T07:43:55.468500+00:00,2026-09-10T07:44:55.476903+00:00,60.008403,NIFTY|2026-09-15|23450|PE,fb4490aa623a3c4fe1cd3499d04a2134c8c42e0d08e28a3c61b8915304a31f7c,314b41ce5f4e8cc6f071808a2d1ea685a88beaa20ac6cf1f5af0b0ebaae0f2bf,6.950000000000728,-4.174999999999997,-4.299999999999997,0.19999999999998863,0.15000000000000568
2026-09-10,PE,2026-09-10T07:47:00+00:00,2026-09-10T07:45:50.483098+00:00,2026-09-10T07:46:55.466990+00:00,64.983892,NIFTY|2026-09-15|23450|PE,7c4923b74139e97bcbfb0d42f1794d6a4beeee9a6625fb286a79ccb6d6e36e33,c7698b5fe7c0bc5442481d080abca6d376e6c31b09ad31a5a6ccd95d2d7007f7,-1.25,1.0750000000000028,1.0500000000000114,0.19999999999998863,0.15000000000000568
2026-09-10,PE,2026-09-10T07:49:00+00:00,2026-09-10T07:47:55.451737+00:00,2026-09-10T07:48:55.475016+00:00,60.023279,NIFTY|2026-09-15|23450|PE,48af802aceab1098dc01ada0785d09b3ba93b99cdac3f9092b191b424937bde1,e7a2d7f13658bbf60d2567c2ccbdb31f1920da7b0c785c9ece5eb0c85c712c67,2.2999999999992724,-0.4000000000000057,-0.4000000000000057,0.20000000000000284,0.20000000000000284
2026-09-10,PE,2026-09-10T07:51:00+00:00,2026-09-10T07:49:55.474544+00:00,2026-09-10T07:50:55.498447+00:00,60.023903,NIFTY|2026-09-15|23450|PE,515130a6c2d93239204d9d91fca63197960feeaae30de0948ebf797e6575f5cb,09f865a77c0e868979346c1fafb5ad9b03a6f14f5acbea4b8bf92127c9545a83,-1.7000000000007276,1.4250000000000114,1.6500000000000057,0.14999999999999147,0.20000000000000284
2026-09-10,PE,2026-09-10T07:53:00+00:00,2026-09-10T07:51:50.471193+00:00,2026-09-10T07:52:55.332807+00:00,64.861614,NIFTY|2026-09-15|23450|PE,9da17eaf0dac6ea03be1a707bac3a39c1935709f324ac25135850a5acd8062bf,24c05165748303faf4a718641df3fb2fc7bbf86efa19549e33528bb33154baa7,-3.150000000001455,2.799999999999997,2.75,0.05000000000001137,0.25
2026-09-10,PE,2026-09-10T07:54:00+00:00,2026-09-10T07:52:55.332807+00:00,2026-09-10T07:53:55.335023+00:00,60.002216,NIFTY|2026-09-15|23450|PE,24c05165748303faf4a718641df3fb2fc7bbf86efa19549e33528bb33154baa7,62af7046d963a49cdd84446b4273445ef29d61dcc42c755cf6ae1d9e9f049cfc,2.0499999999992724,-1.2250000000000085,-1.2000000000000028,0.25,0.29999999999999716
2026-09-10,PE,2026-09-10T07:55:00+00:00,2026-09-10T07:53:55.335023+00:00,2026-09-10T07:54:55.338521+00:00,60.003498,NIFTY|2026-09-15|23450|PE,62af7046d963a49cdd84446b4273445ef29d61dcc42c755cf6ae1d9e9f049cfc,1dd30c7bbfea034eb04b2b196baea9f61e3d011235465cdd4a0200d785e3d83d,1.3500000000021828,-0.7749999999999915,-0.8999999999999915,0.29999999999999716,0.25
2026-09-10,PE,2026-09-10T07:57:00+00:00,2026-09-10T07:55:50.336499+00:00,2026-09-10T07:56:55.327276+00:00,64.990777,NIFTY|2026-09-15|23450|PE,a0b898da94d591afeb1bf485f42c79c4dfe82993d72879f5a804dd9d039a3a86,e1e6ea8d60d6742d371a722102681c23b1ff9cf5c245f3365be3f6db2e2db4a8,-3.25,1.6750000000000114,1.5499999999999972,0.20000000000000284,0.04999999999999716
2026-09-10,PE,2026-09-10T07:58:00+00:00,2026-09-10T07:56:55.327276+00:00,2026-09-10T07:57:55.332146+00:00,60.00487,NIFTY|2026-09-15|23450|PE,e1e6ea8d60d6742d371a722102681c23b1ff9cf5c245f3365be3f6db2e2db4a8,31db1a50270bc727aec36f3324f1c681b1c74470c3b82372bda52bac57e73bf2,-3.5,0.7249999999999943,0.8499999999999943,0.04999999999999716,0.09999999999999432
2026-09-10,PE,2026-09-10T07:59:00+00:00,2026-09-10T07:57:55.332146+00:00,2026-09-10T07:58:55.336454+00:00,60.004308,NIFTY|2026-09-15|23450|PE,31db1a50270bc727aec36f3324f1c681b1c74470c3b82372bda52bac57e73bf2,e91d24240a35371fe4eaedbdbba8756a5dd022de99034f9ca9556e85a91e90a0,1.75,0.15000000000000568,-0.04999999999999716,0.09999999999999432,0.20000000000000284
2026-09-10,PE,2026-09-10T08:00:00+00:00,2026-09-10T07:58:55.336454+00:00,2026-09-10T07:59:55.342761+00:00,60.006307,NIFTY|2026-09-15|23450|PE,e91d24240a35371fe4eaedbdbba8756a5dd022de99034f9ca9556e85a91e90a0,95e402944484edb77c8764f96a85701003e2963d64f3e9454f161707fa8f5089,-4.600000000002183,2.049999999999983,2.0,0.20000000000000284,0.20000000000000284
2026-09-10,PE,2026-09-10T08:02:00+00:00,2026-09-10T08:00:50.342614+00:00,2026-09-10T08:01:55.325939+00:00,64.983325,NIFTY|2026-09-15|23450|PE,7ac2d3dc4541d42b4dc7f968ba16110818ff92863840b99b8dfd70a2443d191c,869833b07afd5fc7c59f4a47518574a912944543185671ae8b2cc902d87106c4,3.2000000000007276,0.0,-0.3999999999999915,0.20000000000000284,0.10000000000000853
2026-09-10,PE,2026-09-10T08:03:00+00:00,2026-09-10T08:01:55.325939+00:00,2026-09-10T08:02:55.422967+00:00,60.097028,NIFTY|2026-09-15|23450|PE,869833b07afd5fc7c59f4a47518574a912944543185671ae8b2cc902d87106c4,6a792365e655dce6562fd41a4f53bfc0d1bc199fddce99e58cea2ad7790d9d63,-0.5,1.375,1.4499999999999886,0.10000000000000853,0.25
2026-09-10,PE,2026-09-10T08:05:00+00:00,2026-09-10T08:03:50.344087+00:00,2026-09-10T08:04:55.340452+00:00,64.996365,NIFTY|2026-09-15|23450|PE,3b109daa76e63a772733f16d8a2147f17c57b9779c83d92755c9c87afe578e2a,5997f1d9c0b7172be02b6b1f3558e2abc3184c8c85e5f833b6eb7d780b285cd0,1.5999999999985448,-1.4749999999999943,-1.6499999999999915,0.25,0.19999999999998863
2026-09-10,PE,2026-09-10T08:07:00+00:00,2026-09-10T08:05:55.332512+00:00,2026-09-10T08:06:55.334863+00:00,60.002351,NIFTY|2026-09-15|23450|PE,f49cc78d4c68a7e88ade7d6f74b8060aa7a8a18c0665cb296161b1ec7d458f16,3fcab307ff7544c1612f5c595cf8c47d43147910ad60432fd3bdc78243dbff82,0.09999999999854481,0.5499999999999972,0.25,0.19999999999998863,0.09999999999999432
2026-09-10,PE,2026-09-10T08:09:00+00:00,2026-09-10T08:07:50.367074+00:00,2026-09-10T08:08:55.329000+00:00,64.961926,NIFTY|2026-09-15|23450|PE,d99cb0de85bf97ace6c326e716aa256830fee102099d0ed00de5c07250b6d710,e13c99eaab25bd154a265cef24398ce5723524e940059260e1a9663463a3da75,6.0,-4.2749999999999915,-4.1499999999999915,0.25,0.20000000000000284
2026-09-10,PE,2026-09-10T08:10:00+00:00,2026-09-10T08:08:55.329000+00:00,2026-09-10T08:09:55.337765+00:00,60.008765,NIFTY|2026-09-15|23450|PE,e13c99eaab25bd154a265cef24398ce5723524e940059260e1a9663463a3da75,59bff61c5ff7205320d52bf613712673c4f5adbaea05e79d76b6148812a41a17,4.650000000001455,0.5749999999999886,0.5999999999999943,0.20000000000000284,0.25
2026-09-10,PE,2026-09-10T08:11:00+00:00,2026-09-10T08:09:55.337765+00:00,2026-09-10T08:10:55.340537+00:00,60.002772,NIFTY|2026-09-15|23450|PE,59bff61c5ff7205320d52bf613712673c4f5adbaea05e79d76b6148812a41a17,3318ea62de21b75a9ce414e9144d5a98997410840c6e21a960f1db20e3bf0179,3.5,-1.0499999999999972,-1.3499999999999943,0.25,0.15000000000000568
2026-09-10,PE,2026-09-10T08:12:00+00:00,2026-09-10T08:10:55.340537+00:00,2026-09-10T08:11:55.347276+00:00,60.006739,NIFTY|2026-09-15|23450|PE,3318ea62de21b75a9ce414e9144d5a98997410840c6e21a960f1db20e3bf0179,588042e7296f747f8edf1d19affee07f09f72845b603a72bf39a1791752156b7,-2.3000000000029104,0.4750000000000085,0.45000000000000284,0.15000000000000568,0.20000000000000284
2026-09-10,PE,2026-09-10T08:14:00+00:00,2026-09-10T08:12:55.338786+00:00,2026-09-10T08:13:55.340342+00:00,60.001556,NIFTY|2026-09-15|23450|PE,493e212c4a51d28eca0b0b5bc2e2d62508fe19dd0336a8aae457fc3d8ce7c63a,6bd6bec43003c66100bc0e2c1be3774984a32028ee892c0e47603b60a80cecdb,-3.25,-0.04999999999999716,-0.25,0.20000000000000284,0.09999999999999432
2026-09-10,PE,2026-09-10T08:17:00+00:00,2026-09-10T08:15:55.351232+00:00,2026-09-10T08:16:55.357296+00:00,60.006064,NIFTY|2026-09-15|23450|PE,6d680bd7daa8c605f377b26f24f1368a06facc9445288a61ee880d5958040676,3b2d431b20aa11ed046fbddc0044d8ff4bf9d86b48a0a73f1f54da4c2da1baac,-0.5499999999992724,-0.15000000000000568,-0.4000000000000057,0.25,0.25
2026-09-10,PE,2026-09-10T08:19:00+00:00,2026-09-10T08:17:50.347606+00:00,2026-09-10T08:18:55.329100+00:00,64.981494,NIFTY|2026-09-15|23450|PE,6b9515f3add719d8b27c871c0db5e9e343a808fa4367ff09291704f6866a8889,ec82a778402d77ab4212d1e7147ad6a32465214e79a0ca4f49e43f92754a8acc,-5.400000000001455,3.0,3.0,0.19999999999998863,0.19999999999998863
2026-09-10,PE,2026-09-10T08:20:00+00:00,2026-09-10T08:18:55.329100+00:00,2026-09-10T08:19:55.330796+00:00,60.001696,NIFTY|2026-09-15|23450|PE,ec82a778402d77ab4212d1e7147ad6a32465214e79a0ca4f49e43f92754a8acc,8427ba27325fb82cd4820ed3e90772f1f2fc72512877afcda96100e1a37078ec,2.2000000000007276,-3.075000000000003,-3.1000000000000085,0.19999999999998863,0.25
2026-09-10,PE,2026-09-10T08:21:00+00:00,2026-09-10T08:19:55.330796+00:00,2026-09-10T08:20:55.332450+00:00,60.001654,NIFTY|2026-09-15|23450|PE,8427ba27325fb82cd4820ed3e90772f1f2fc72512877afcda96100e1a37078ec,e11f6d6aabfc4e2e3d29219adce668ba1eb203846954f16799be445e53ec66e1,-0.2999999999992724,0.024999999999991473,0.25,0.25,0.20000000000000284
2026-09-10,PE,2026-09-10T08:22:00+00:00,2026-09-10T08:20:55.332450+00:00,2026-09-10T08:21:55.337685+00:00,60.005235,NIFTY|2026-09-15|23450|PE,e11f6d6aabfc4e2e3d29219adce668ba1eb203846954f16799be445e53ec66e1,f085c58de4d958f23195b421359d86a709ccd6db3f1c33e994d3d89ebe61ec98,2.099999999998545,-2.2749999999999915,-2.200000000000003,0.20000000000000284,0.15000000000000568
2026-09-10,PE,2026-09-10T08:23:00+00:00,2026-09-10T08:21:55.337685+00:00,2026-09-10T08:22:55.339373+00:00,60.001688,NIFTY|2026-09-15|23450|PE,f085c58de4d958f23195b421359d86a709ccd6db3f1c33e994d3d89ebe61ec98,24504f773bb28e9fb65fed133f6e03153964766321de2f12431dfb074d448376,1.8000000000029104,0.15000000000000568,-0.19999999999998863,0.15000000000000568,0.15000000000000568
2026-09-10,PE,2026-09-10T08:25:00+00:00,2026-09-10T08:23:55.338408+00:00,2026-09-10T08:24:55.343666+00:00,60.005258,NIFTY|2026-09-15|23450|PE,a5e19a47b3b9b906413796f5136dccc988c91d4cafeed9a66055e2b6897dde7d,cf0994f1ae433c1f21dd6e1e6bea5eebb372bdd9ef1faf0380f96ceb595db176,-2.9500000000007276,1.125,1.0499999999999972,0.04999999999999716,0.20000000000000284
2026-09-10,PE,2026-09-10T08:26:00+00:00,2026-09-10T08:24:55.343666+00:00,2026-09-10T08:25:55.350588+00:00,60.006922,NIFTY|2026-09-15|23450|PE,cf0994f1ae433c1f21dd6e1e6bea5eebb372bdd9ef1faf0380f96ceb595db176,689e098a163de76ac6de8e320c798ae0053cb492ce2544e56d2239f5cbe8e8a9,-3.5,0.5999999999999943,0.5999999999999943,0.20000000000000284,0.29999999999999716
2026-09-10,PE,2026-09-10T08:27:00+00:00,2026-09-10T08:25:55.350588+00:00,2026-09-10T08:26:55.376401+00:00,60.025813,NIFTY|2026-09-15|23450|PE,689e098a163de76ac6de8e320c798ae0053cb492ce2544e56d2239f5cbe8e8a9,5a2ed1509b99178cb90b975b5f2b536daf871c36e2886aca6859e794f2ec346a,-1.4500000000007276,0.22500000000000853,0.25,0.29999999999999716,0.15000000000000568
2026-09-10,PE,2026-09-10T08:32:00+00:00,2026-09-10T08:30:50.343312+00:00,2026-09-10T08:31:55.337025+00:00,64.993713,NIFTY|2026-09-15|23450|PE,513e698bb8da08cc50155579ac6f3c932f432c8fdd5bacac9568090fd93bc42e,a26d3b8046fb0bc756f5615fb24c53878190cf2af189f8e3e9f965c4bcb63005,-1.4000000000014552,2.0999999999999943,2.1500000000000057,0.20000000000000284,0.19999999999998863
2026-09-10,PE,2026-09-10T08:36:00+00:00,2026-09-10T08:34:50.342396+00:00,2026-09-10T08:35:55.331880+00:00,64.989484,NIFTY|2026-09-15|23400|PE,48e14efbc730b6050762431ba2e410426cc8fefce080c69297dfcfc05f65c3fe,0c0f9a87907b6b3e8e2d67cb2e5b1ebd9b9f6592fb91291810f4b889233f4836,-1.6499999999978172,0.20000000000000284,-0.29999999999999716,0.25,0.25
2026-09-10,PE,2026-09-10T08:37:00+00:00,2026-09-10T08:35:55.331880+00:00,2026-09-10T08:36:55.339489+00:00,60.007609,NIFTY|2026-09-15|23400|PE,0c0f9a87907b6b3e8e2d67cb2e5b1ebd9b9f6592fb91291810f4b889233f4836,9a2fb9e87a8cd330a8e2342df69ffb23fb41ef126624bbec545c7749f01e40e3,1.25,0.125,0.09999999999999432,0.25,0.10000000000000853
2026-09-10,PE,2026-09-10T08:39:00+00:00,2026-09-10T08:37:55.339063+00:00,2026-09-10T08:38:55.384145+00:00,60.045082,NIFTY|2026-09-15|23400|PE,58645a6f0d0dea8e54e1140738c5eb5e02c8736f63453cc4b3429ce66d0d2d92,0c6f54e16a3c84c04c958eb769817f7d228a00a7429788c3b4bf2252132b9544,-3.7999999999992724,1.7249999999999943,1.8500000000000085,0.14999999999999147,0.19999999999998863
2026-09-10,PE,2026-09-10T08:41:00+00:00,2026-09-10T08:39:55.330718+00:00,2026-09-10T08:40:55.385402+00:00,60.054684,NIFTY|2026-09-15|23400|PE,bfd919e841b7a0a84fafbc68e434d47011ef0fdc0980a00236ca85dd6cd5e932,35e0af8f1323a306d3f6a7c48245df796724a01dede95b39b9e5c0bd89ec3222,-1.0,0.8000000000000114,0.8999999999999915,0.20000000000000284,0.19999999999998863
2026-09-10,PE,2026-09-10T08:43:00+00:00,2026-09-10T08:41:50.337653+00:00,2026-09-10T08:42:55.326394+00:00,64.988741,NIFTY|2026-09-15|23400|PE,cc68d87b9acdbe76cf2cc7c73877edac7efa533af8b56acfbf66f4fecd00ff4d,336d3ab34940fe23508ff9a9fea49894a340b507554d4cd68bd19c130e15e2de,0.7000000000007276,-0.4749999999999943,-0.30000000000001137,0.20000000000000284,0.25
2026-09-10,PE,2026-09-10T08:44:00+00:00,2026-09-10T08:42:55.326394+00:00,2026-09-10T08:43:55.334760+00:00,60.008366,NIFTY|2026-09-15|23400|PE,336d3ab34940fe23508ff9a9fea49894a340b507554d4cd68bd19c130e15e2de,25254dfe81f46f4884903dc63afdca8cdb704a05190c2da5930e1d0d48e079e7,-2.75,2.200000000000003,1.9000000000000057,0.25,0.25
2026-09-10,PE,2026-09-10T08:45:00+00:00,2026-09-10T08:43:55.334760+00:00,2026-09-10T08:44:55.459698+00:00,60.124938,NIFTY|2026-09-15|23400|PE,25254dfe81f46f4884903dc63afdca8cdb704a05190c2da5930e1d0d48e079e7,961d516b064dc566aa4a59869f1bad0b1aa2854fdebb1a9eb3866318f56ab1e7,1.3999999999978172,-0.7749999999999915,-0.4000000000000057,0.25,0.20000000000000284
2026-09-10,PE,2026-09-10T08:47:00+00:00,2026-09-10T08:45:50.334350+00:00,2026-09-10T08:46:55.330803+00:00,64.996453,NIFTY|2026-09-15|23400|PE,7f9a3f5cf73efe20648b5b7159932de008766ee0c023556c63cecb15d35ccc9c,d581b6b1422e58406ed944d95574a34356a14bb23bf76f9ec9b80b0621063447,1.75,-0.8000000000000114,-1.0499999999999972,0.20000000000000284,0.20000000000000284
2026-09-10,PE,2026-09-10T08:48:00+00:00,2026-09-10T08:46:55.330803+00:00,2026-09-10T08:47:55.334354+00:00,60.003551,NIFTY|2026-09-15|23400|PE,d581b6b1422e58406ed944d95574a34356a14bb23bf76f9ec9b80b0621063447,e8a782d5c66c3ef9c149f8a57ca7bc4df15b005ac01e9321aa5d75f743c505d9,-1.2999999999992724,0.8000000000000114,1.0499999999999972,0.20000000000000284,0.20000000000000284
2026-09-10,PE,2026-09-10T08:49:00+00:00,2026-09-10T08:47:55.334354+00:00,2026-09-10T08:48:55.334687+00:00,60.000333,NIFTY|2026-09-15|23400|PE,e8a782d5c66c3ef9c149f8a57ca7bc4df15b005ac01e9321aa5d75f743c505d9,535666798e1eefd6fbbf216d1358fe2c7a35ecd0e8e6dcb19f9ea2c2a5b77ede,-2.400000000001455,0.5999999999999943,0.9500000000000028,0.20000000000000284,0.09999999999999432
2026-09-10,PE,2026-09-10T08:50:00+00:00,2026-09-10T08:48:55.334687+00:00,2026-09-10T08:49:55.339621+00:00,60.004934,NIFTY|2026-09-15|23400|PE,535666798e1eefd6fbbf216d1358fe2c7a35ecd0e8e6dcb19f9ea2c2a5b77ede,40d8f0fb848327342a8453b64880f06f1ea9f2b8c71057a37a13820f6294e4f9,-2.75,1.0999999999999943,0.7999999999999972,0.09999999999999432,0.20000000000000284
2026-09-10,PE,2026-09-10T08:52:00+00:00,2026-09-10T08:50:55.336885+00:00,2026-09-10T08:51:55.479443+00:00,60.142558,NIFTY|2026-09-15|23400|PE,dbc44a4b5f007c8613e98c532e3a27715fbc9401c851b48f99c803a00a1c78f1,de3415804066266c861722969da3573fd2ce4c38f94d45585ef360272e1e27b8,7.299999999999272,-2.1499999999999915,-1.8499999999999943,0.09999999999999432,0.20000000000000284
2026-09-10,PE,2026-09-10T08:54:00+00:00,2026-09-10T08:52:55.330924+00:00,2026-09-10T08:53:55.451360+00:00,60.120436,NIFTY|2026-09-15|23400|PE,5d2a9babd062659b0a13f5dcb0f06106fd1cede534f57761bd8237ed2d922175,7b4fee9ac6fdaa6d0fb901df2e6f86cdd198746382aa8b44c7005b64bab14986,-1.0999999999985448,0.6250000000000142,0.4000000000000057,0.20000000000000284,0.15000000000000568
2026-09-10,PE,2026-09-10T08:58:00+00:00,2026-09-10T08:56:55.338189+00:00,2026-09-10T08:57:55.482822+00:00,60.144633,NIFTY|2026-09-15|23400|PE,fe3ead40a6c34648943aa42b40e9c63ec45aa448afac32348c647bd568f4e96b,9ba60d994d3e5d23febeaa34e9b47d94989bf3202939568f8321b88a2e7bfcc1,2.0,-0.3499999999999943,-0.6000000000000085,0.19999999999998863,0.20000000000000284
2026-09-10,PE,2026-09-10T09:00:00+00:00,2026-09-10T08:58:55.442443+00:00,2026-09-10T08:59:55.780435+00:00,60.337992,NIFTY|2026-09-15|23400|PE,a8beb82b5284e482b2e8ba898d2e55101a4fbfde06c1263d54740a84432220b6,8f9c5d2dc1584cbb8d9af02a18b15d014a161dbecb6f0d01fbd1fdadeddeedac,5.650000000001455,-3.0,-2.950000000000003,0.25,0.25
2026-09-10,PE,2026-09-10T09:02:00+00:00,2026-09-10T09:00:50.818810+00:00,2026-09-10T09:01:55.667194+00:00,64.848384,NIFTY|2026-09-15|23400|PE,250aff7e13856a4a90d064effded65cdd6d01122d300cd7ed3a19b2b39db6af8,959fe34428e8305d5606a61e26145e706a92521f2191de3ad94a8c3066a881a2,-4.150000000001455,2.7249999999999943,2.700000000000003,0.20000000000000284,0.14999999999999147
2026-09-10,PE,2026-09-10T09:03:00+00:00,2026-09-10T09:01:55.667194+00:00,2026-09-10T09:02:55.759904+00:00,60.09271,NIFTY|2026-09-15|23400|PE,959fe34428e8305d5606a61e26145e706a92521f2191de3ad94a8c3066a881a2,5ce1b1bddc8ed3b014e64d3e775f27816b29d4727947e4db66f5839f874a036f,-1.0,0.625,0.7999999999999972,0.14999999999999147,0.10000000000000853
2026-09-10,PE,2026-09-10T09:05:00+00:00,2026-09-10T09:03:50.339544+00:00,2026-09-10T09:04:55.335018+00:00,64.995474,NIFTY|2026-09-15|23400|PE,b8c9ccd5245204c14f4e668e87a7eb7843cfbb3638caff91c00437dd17247ffa,05bde011d85af9bce131cd1b05ef9155fad7383766db70ef5e66280e3b648bba,1.1500000000014552,0.04999999999999716,-0.15000000000000568,0.25,0.25
2026-09-10,PE,2026-09-10T09:06:00+00:00,2026-09-10T09:04:55.335018+00:00,2026-09-10T09:05:55.342200+00:00,60.007182,NIFTY|2026-09-15|23400|PE,05bde011d85af9bce131cd1b05ef9155fad7383766db70ef5e66280e3b648bba,a304de83483c033606fc403a15dc80ccad3a6a6a8efcb4ea81e5fda65feee400,-4.799999999999272,1.9000000000000057,1.9000000000000057,0.25,0.14999999999999147
2026-09-10,PE,2026-09-10T09:08:00+00:00,2026-09-10T09:06:55.329736+00:00,2026-09-10T09:07:55.336662+00:00,60.006926,NIFTY|2026-09-15|23400|PE,a982aec1ad6ebf5137ce600ea965c5350f700d38830939d6581bbd20aca234d8,affb15ce5495cbabba55d8ca67ab3f87176a5e6e7aa0ac516e40eecdd2cf1f44,-5.649999999997817,0.29999999999999716,0.05000000000001137,0.25,0.14999999999999147
2026-09-10,PE,2026-09-10T09:10:00+00:00,2026-09-10T09:08:55.322737+00:00,2026-09-10T09:09:55.510808+00:00,60.188071,NIFTY|2026-09-15|23400|PE,9cfbefda81e42fcdf0e0aa421a169d4db0965e5743b76e284a72cde7fa28ab00,735d478cc82c7329774bd2889127d6c27413e9fefe4d83055a4d41c235287afb,-2.0,1.0749999999999886,1.25,0.20000000000000284,0.25
2026-09-10,PE,2026-09-10T09:12:00+00:00,2026-09-10T09:10:55.334387+00:00,2026-09-10T09:11:55.341282+00:00,60.006895,NIFTY|2026-09-15|23400|PE,a2d560f94662e0387bc22d2888a8a16b1a2b3a909fe08efe4e3d15f86b5f093c,b06d90812629b489787d8d99d4c198b52fc106f8eb1e977fa762e39f5e911c07,3.150000000001455,-2.75,-2.9000000000000057,0.20000000000000284,0.20000000000000284
2026-09-10,PE,2026-09-10T09:13:00+00:00,2026-09-10T09:11:55.341282+00:00,2026-09-10T09:12:55.343723+00:00,60.002441,NIFTY|2026-09-15|23400|PE,b06d90812629b489787d8d99d4c198b52fc106f8eb1e977fa762e39f5e911c07,46fa97f3eb25999948d76917b76a5291c15aef35ddbcc4256a71f01877d1c8ce,4.299999999999272,-1.4499999999999886,-1.5,0.20000000000000284,0.20000000000000284
2026-09-10,PE,2026-09-10T09:15:00+00:00,2026-09-10T09:13:55.330719+00:00,2026-09-10T09:14:55.339363+00:00,60.008644,NIFTY|2026-09-15|23400|PE,1ba9fa930ebe0088f1b1ea253cc96428a45e22293aacdc1c89e0ba251ac0a92c,f4635213b48c00d8072705496d9898ce1ce6f6440382c7e65616495ea0ac31c5,3.0499999999992724,-2.424999999999997,-2.549999999999997,0.25,0.20000000000000284
2026-09-10,PE,2026-09-10T09:16:00+00:00,2026-09-10T09:14:55.339363+00:00,2026-09-10T09:15:55.345037+00:00,60.005674,NIFTY|2026-09-15|23400|PE,f4635213b48c00d8072705496d9898ce1ce6f6440382c7e65616495ea0ac31c5,85ab3336e13b79db5ee7871fc2b135518ba9b2ab0325a3311b331289fc20f96d,1.25,-1.375,-1.1500000000000057,0.20000000000000284,0.25
2026-09-10,PE,2026-09-10T09:18:00+00:00,2026-09-10T09:16:50.331857+00:00,2026-09-10T09:17:55.325449+00:00,64.993592,NIFTY|2026-09-15|23400|PE,3aaeaf0f0ff649c3c01e327fd78e9e0c2e11b0d102f0ac8438ee6496aeade3ed,e13f87af3cef16715674679e20effe5d0c3f6fe47b3370a63fd1d48590ceee83,7.5,-2.200000000000003,-2.200000000000003,0.25,0.25
2026-09-10,PE,2026-09-10T09:19:00+00:00,2026-09-10T09:17:55.325449+00:00,2026-09-10T09:18:55.333377+00:00,60.007928,NIFTY|2026-09-15|23400|PE,e13f87af3cef16715674679e20effe5d0c3f6fe47b3370a63fd1d48590ceee83,7043de1aa397226402472339d5ce32eb5be8dae7633e09711ca3f8838e1b58cd,-5.149999999997817,1.1750000000000114,1.4000000000000057,0.25,0.20000000000000284
2026-09-10,PE,2026-09-10T09:20:00+00:00,2026-09-10T09:18:55.333377+00:00,2026-09-10T09:19:55.343764+00:00,60.010387,NIFTY|2026-09-15|23400|PE,7043de1aa397226402472339d5ce32eb5be8dae7633e09711ca3f8838e1b58cd,1e5c02fb714eca6ded2398af3bb32043f66b6835792a96b4a0f123a1985767ff,5.899999999997817,-2.5500000000000114,-2.950000000000003,0.20000000000000284,0.20000000000000284
2026-09-10,PE,2026-09-10T09:22:00+00:00,2026-09-10T09:20:55.335781+00:00,2026-09-10T09:21:55.342003+00:00,60.006222,NIFTY|2026-09-15|23450|PE,ca733714ab965518f005cca6a9c8caacf069c6a083e4e4d3c0e26de9751bec1c,7c6280f4f78cc9607d19bc48b9f344d12017d84c74a0fa0a76fe91024f9aaed4,0.049999999999272404,1.0,1.0,0.15000000000000568,0.25
2026-09-10,PE,2026-09-10T09:30:00+00:00,2026-09-10T09:28:50.337233+00:00,2026-09-10T09:29:55.333082+00:00,64.995849,NIFTY|2026-09-15|23400|PE,b4f3d5de58108f50b44c4d89b49bd20907f8f8dbd13e0270c829fcca976aa6ca,c35a817d4eaca43a1da0da550d173956c165b76f467e5579c1a46edacf61dcd9,-4.200000000000728,1.0750000000000028,1.2000000000000028,0.25,0.10000000000000853
2026-09-10,PE,2026-09-10T09:31:00+00:00,2026-09-10T09:29:55.333082+00:00,2026-09-10T09:30:55.355412+00:00,60.02233,NIFTY|2026-09-15|23400|PE,c35a817d4eaca43a1da0da550d173956c165b76f467e5579c1a46edacf61dcd9,96e2ffa5a2fe17a8bfe03950b61f9c19109d6a955d728719a34c1d8427119682,-21.25,13.574999999999989,12.949999999999989,0.10000000000000853,0.25
2026-09-10,PE,2026-09-10T09:33:00+00:00,2026-09-10T09:31:50.343837+00:00,2026-09-10T09:32:55.333706+00:00,64.989869,NIFTY|2026-09-15|23400|PE,78fcd1b8193aef6c5fb54ab583e264005c2e065adedfd4ef7344997be829de75,a26c0a8449e1045c96d7648cf579a769f309d04235086009a3b71459e5f8baaf,-7.150000000001455,2.6500000000000057,2.5,0.20000000000000284,0.20000000000000284
2026-09-10,PE,2026-09-10T09:34:00+00:00,2026-09-10T09:32:55.333706+00:00,2026-09-10T09:33:55.341438+00:00,60.007732,NIFTY|2026-09-15|23400|PE,a26c0a8449e1045c96d7648cf579a769f309d04235086009a3b71459e5f8baaf,90fd3e3a4e70873190e1efb1c8135b1b868b6624be69e241d35ffc558c5a1722,2.7000000000007276,-3.2250000000000085,-3.4000000000000057,0.20000000000000284,0.15000000000000568
2026-09-10,PE,2026-09-10T09:35:00+00:00,2026-09-10T09:33:55.341438+00:00,2026-09-10T09:34:55.343510+00:00,60.002072,NIFTY|2026-09-15|23400|PE,90fd3e3a4e70873190e1efb1c8135b1b868b6624be69e241d35ffc558c5a1722,756e9f4b04744a9ad78d389ba9b98fd477953222790037bc3c40746e7fc16089,0.4000000000014552,0.5,0.8000000000000114,0.15000000000000568,0.15000000000000568
2026-09-10,PE,2026-09-10T09:37:00+00:00,2026-09-10T09:35:55.337841+00:00,2026-09-10T09:36:55.341277+00:00,60.003436,NIFTY|2026-09-15|23400|PE,3e885d07469966e3cba29e8cb1513a9da0d3714992b6e6d7d6cdb4cef160e814,82a5b808a849a6503e62e16f7d109bc39af4adae11aad32566b88466640cb23b,-5.799999999999272,0.0,0.15000000000000568,0.25,0.25
2026-09-10,PE,2026-09-10T09:38:00+00:00,2026-09-10T09:36:55.341277+00:00,2026-09-10T09:37:55.360831+00:00,60.019554,NIFTY|2026-09-15|23400|PE,82a5b808a849a6503e62e16f7d109bc39af4adae11aad32566b88466640cb23b,6e2df7def7927108f097e477b43dc43dd166b081cc028c425fb1b79f2f2f916d,-0.3500000000021828,0.5500000000000114,0.6500000000000057,0.25,0.25
2026-09-10,PE,2026-09-10T09:40:00+00:00,2026-09-10T09:38:55.348889+00:00,2026-09-10T09:39:55.350947+00:00,60.002058,NIFTY|2026-09-15|23400|PE,03193e1ac0ec8c9676d69a2e26f6b80323f9b8febddcd67cc2ba1945b39b9779,56ff200030e908fa61a37f6357f42ab7714bb6096b2f50d77aae5614be1385fa,1.1999999999970896,-0.5999999999999943,-0.8499999999999943,0.25,0.25
2026-09-10,PE,2026-09-10T09:42:00+00:00,2026-09-10T09:40:55.330599+00:00,2026-09-10T09:41:55.336150+00:00,60.005551,NIFTY|2026-09-15|23400|PE,c24b6919fa0029568bbb295859184a8da2ff1324ac6824028146083ed83ee6d8,c87165edb3e0113c21dd142c60a6679ee82d310730a12b23864a532fa72212a4,1.4000000000014552,0.5750000000000028,0.5499999999999972,0.10000000000000853,0.25
2026-09-10,PE,2026-09-10T09:43:00+00:00,2026-09-10T09:41:55.336150+00:00,2026-09-10T09:42:55.336892+00:00,60.000742,NIFTY|2026-09-15|23400|PE,c87165edb3e0113c21dd142c60a6679ee82d310730a12b23864a532fa72212a4,e0b593785c0f93d9ac478fd5af9fb1d0e02b083c2baa3b23041ca53f03d20251,-4.549999999999272,1.125,0.7000000000000028,0.25,0.09999999999999432
2026-09-10,PE,2026-09-10T09:45:00+00:00,2026-09-10T09:43:55.332030+00:00,2026-09-10T09:44:55.336015+00:00,60.003985,NIFTY|2026-09-15|23400|PE,150a4f234dcbee69daafe9b548e421ccb5890c7c8a994974d5d65b8e308072a6,67e3197280dc2f665ee84d2cbc86a51e2d2de7ab6fd13f26f392732d5692f227,-4.0,0.8749999999999858,1.1499999999999915,0.25,0.20000000000000284
2026-09-10,PE,2026-09-10T09:46:00+00:00,2026-09-10T09:44:55.336015+00:00,2026-09-10T09:45:55.342344+00:00,60.006329,NIFTY|2026-09-15|23400|PE,67e3197280dc2f665ee84d2cbc86a51e2d2de7ab6fd13f26f392732d5692f227,7e36d7d28676e5a6be63df6dbb6fd3e34368db199d3acbea7b79f35998cdb92b,1.1500000000014552,-1.549999999999983,-1.4500000000000028,0.20000000000000284,0.20000000000000284
2026-09-10,PE,2026-09-10T09:48:00+00:00,2026-09-10T09:46:55.337712+00:00,2026-09-10T09:47:55.479863+00:00,60.142151,NIFTY|2026-09-15|23400|PE,1c8fcfe05cbd596b8936cb8cd539642bafe1eb74e96aceaa34931bca1ba23a6b,58dd15884be33f2a8a52e0083fc0a74972d655afdee491d70e99aed4d732e3c9,0.0,-0.15000000000000568,-0.25,0.20000000000000284,0.09999999999999432
2026-09-10,PE,2026-09-10T09:50:00+00:00,2026-09-10T09:48:50.341310+00:00,2026-09-10T09:49:55.336198+00:00,64.994888,NIFTY|2026-09-15|23400|PE,fe2988d94ad89db657241c1661b3f7752b69e0084e698d57bc04927690830248,551746a204dc37153aa43bb5e883cec6a54b23bdc151d98204dd871056a0c1dd,0.0,-1.2750000000000057,-1.1000000000000085,0.04999999999999716,0.20000000000000284
2026-09-10,PE,2026-09-10T09:51:00+00:00,2026-09-10T09:49:55.336198+00:00,2026-09-10T09:50:55.339604+00:00,60.003406,NIFTY|2026-09-15|23400|PE,551746a204dc37153aa43bb5e883cec6a54b23bdc151d98204dd871056a0c1dd,4817a89739a2fdd75074ecbff6a752421026ee8aaae16c884ba786a97bf3e4b7,0.0,-7.4750000000000085,-7.700000000000003,0.20000000000000284,0.15000000000000568
2026-09-10,PE,2026-09-10T09:52:00+00:00,2026-09-10T09:50:55.339604+00:00,2026-09-10T09:51:55.365600+00:00,60.025996,NIFTY|2026-09-15|23400|PE,4817a89739a2fdd75074ecbff6a752421026ee8aaae16c884ba786a97bf3e4b7,bfffaac2308ca6fbc941ef7cdcf5f7447e59496cab20652fefa25e8331b0eaab,0.0,1.0,1.6500000000000057,0.15000000000000568,0.25
2026-09-10,PE,2026-09-10T09:54:00+00:00,2026-09-10T09:52:50.343563+00:00,2026-09-10T09:53:55.333317+00:00,64.989754,NIFTY|2026-09-15|23400|PE,1e3fe4edd2096ac051c710b113cd91b0ac35d628bc2ae4c02d63cb25a95c69fb,71976d77fa679d658ba49cab4e91e988cb9d572aca503093097f7f5ecac88bd2,0.0,-2.3249999999999886,-2.799999999999997,0.20000000000000284,0.14999999999999147
2026-09-10,PE,2026-09-10T09:55:00+00:00,2026-09-10T09:53:55.333317+00:00,2026-09-10T09:54:55.337582+00:00,60.004265,NIFTY|2026-09-15|23400|PE,71976d77fa679d658ba49cab4e91e988cb9d572aca503093097f7f5ecac88bd2,001f11bf64cc43c0512a299f7a6c991e2eeee281d727a0b811df1fe1a670ef97,0.0,-0.20000000000000284,-1.0499999999999972,0.14999999999999147,0.15000000000000568
2026-09-10,PE,2026-09-10T09:57:00+00:00,2026-09-10T09:55:55.336127+00:00,2026-09-10T09:56:55.336165+00:00,60.000038,NIFTY|2026-09-15|23400|PE,6f20164d7dc5874291d1d7b4b8f4360b756a4e4adf411abf15a21fe36f3ad700,522c34adcc64be28aa8fc25d73d46addac6bda404ac603f469ddcc6e5dca0666,0.0,-0.5,0.10000000000000853,0.15000000000000568,0.15000000000000568
2026-09-10,PE,2026-09-10T09:58:00+00:00,2026-09-10T09:56:55.336165+00:00,2026-09-10T09:57:55.336256+00:00,60.000091,NIFTY|2026-09-15|23400|PE,522c34adcc64be28aa8fc25d73d46addac6bda404ac603f469ddcc6e5dca0666,d5abb0d54f2e054c51c8680d03d92fa0c7664cc03881fd7b574d8b3b99ffc1e1,0.0,0.32500000000000284,0.04999999999999716,0.15000000000000568,0.19999999999998863
2026-09-11,CE,2026-09-11T03:47:00+00:00,2026-09-11T03:45:55.340935+00:00,2026-09-11T03:46:55.346636+00:00,60.005701,NIFTY|2026-09-15|23250|CE,e08dda49e3ea1ba7438fb7a46793152cff08e9714c8ed8c27517ec6b811ba4e1,663e364af7ce55b38ef5070d696f8846c89fc0d08998fcca0dff6f138a7469e7,0.2000000000007276,-4.25,-4.0,0.14999999999999147,0.3500000000000085
2026-09-11,CE,2026-09-11T03:49:00+00:00,2026-09-11T03:47:55.331766+00:00,2026-09-11T03:48:55.441014+00:00,60.109248,NIFTY|2026-09-15|23250|CE,b4a1b3e3013858049daee6c0da16de8f92ea17a11b509bf27a9259bd00267cff,aeb03fdf6626eee620dd848571c3ad466f7b2d1b3f2f3e69f213495268cfc3b8,9.450000000000728,1.5750000000000028,1.9500000000000028,0.15000000000000568,0.09999999999999432
2026-09-11,CE,2026-09-11T03:51:00+00:00,2026-09-11T03:49:55.334170+00:00,2026-09-11T03:50:55.339382+00:00,60.005212,NIFTY|2026-09-15|23250|CE,c4866bb19e8cffe00ec8c5cb9703ffa66b099d1ed6cbce9ebdb9dc7808ad8e38,6807bd3126e83111ef7b9fa8f8731af60db8c6d2c79b98afe6f333a977b9060f,-4.69999999999709,-1.7249999999999943,-1.6499999999999915,0.25,0.29999999999999716
2026-09-11,CE,2026-09-11T03:53:00+00:00,2026-09-11T03:51:55.333340+00:00,2026-09-11T03:52:55.340692+00:00,60.007352,NIFTY|2026-09-15|23250|CE,e8b26b6872c8ca72a5245734ba42ae76321c2b033f7b12705e1ee13ff778d1b2,a09e0f3733cfed960aec3efd6db265dacc0d5a992c56be7112e224162e2d0372,1.2000000000007276,1.5749999999999886,1.1500000000000057,0.29999999999999716,0.14999999999999147
2026-09-11,CE,2026-09-11T03:54:00+00:00,2026-09-11T03:52:55.340692+00:00,2026-09-11T03:53:55.345413+00:00,60.004721,NIFTY|2026-09-15|23250|CE,a09e0f3733cfed960aec3efd6db265dacc0d5a992c56be7112e224162e2d0372,c2a3eca51356f4da2d00495f653da5e8ff18f96d0e9d676fd22104d05abf3d05,-4.950000000000728,-2.625,-2.299999999999997,0.14999999999999147,0.20000000000000284
2026-09-11,CE,2026-09-11T03:56:00+00:00,2026-09-11T03:54:50.336219+00:00,2026-09-11T03:55:55.333347+00:00,64.997128,NIFTY|2026-09-15|23250|CE,30c2c9b2e3c5cd82d3990021644ebce34145e8aa3ba0c20fc20e11b04aac96af,4dcfbb5e60d124711f5ce61710c8dca53f07e3a9e4393a7a631aa416591f5ed0,3.75,-0.4749999999999943,-0.10000000000000853,0.29999999999999716,0.25
2026-09-11,CE,2026-09-11T03:58:00+00:00,2026-09-11T03:56:55.324763+00:00,2026-09-11T03:57:55.330867+00:00,60.006104,NIFTY|2026-09-15|23250|CE,dafff8ce67714656e51ed216959fdd8a559cb7098468e2542cad05e771a56f35,40dc3393d3905c6864a0717293362ce2fb9bf628197ab1ce6a1b36d8c0220b51,-1.75,-0.8000000000000114,-1.0,0.29999999999999716,0.29999999999999716
2026-09-11,CE,2026-09-11T04:00:00+00:00,2026-09-11T03:58:55.328443+00:00,2026-09-11T03:59:55.334323+00:00,60.00588,NIFTY|2026-09-15|23250|CE,f179e9554f5394af7f38d778f3688e6bbe6e90209a3dfc385928e3b092923087,8b37824c9f074bc52fc17c0f003082ec8a50c08efbcc2e24c89b84a4a9c14bd3,-1.3499999999985448,-0.17499999999999716,-0.15000000000000568,0.29999999999999716,0.25
2026-09-11,CE,2026-09-11T04:01:00+00:00,2026-09-11T03:59:55.334323+00:00,2026-09-11T04:00:55.349360+00:00,60.015037,NIFTY|2026-09-15|23250|CE,8b37824c9f074bc52fc17c0f003082ec8a50c08efbcc2e24c89b84a4a9c14bd3,3946ad18ec0700e8a40e71cb5b80696dcf9e59d18ea1fa836a27392a03767a98,0.19999999999708962,-0.8250000000000028,-0.5999999999999943,0.25,0.20000000000000284
2026-09-11,CE,2026-09-11T04:02:00+00:00,2026-09-11T04:00:55.349360+00:00,2026-09-11T04:01:55.349410+00:00,60.00005,NIFTY|2026-09-15|23250|CE,3946ad18ec0700e8a40e71cb5b80696dcf9e59d18ea1fa836a27392a03767a98,2e6fb72d817f14affcdea6905551390b04cfe6a4fd336de786420f9019aa1067,5.850000000002183,3.25,3.299999999999997,0.20000000000000284,0.29999999999999716
2026-09-11,CE,2026-09-11T04:03:00+00:00,2026-09-11T04:01:55.349410+00:00,2026-09-11T04:02:55.362824+00:00,60.013414,NIFTY|2026-09-15|23250|CE,2e6fb72d817f14affcdea6905551390b04cfe6a4fd336de786420f9019aa1067,7b032125cf6cc4b757b0eaab9bf99a38ac33cd51e80795fedb208bffc1d9ad2e,-18.950000000000728,-4.349999999999994,-4.599999999999994,0.29999999999999716,0.30000000000001137
2026-09-11,CE,2026-09-11T04:04:00+00:00,2026-09-11T04:02:55.362824+00:00,2026-09-11T04:03:55.396141+00:00,60.033317,NIFTY|2026-09-15|23250|CE,7b032125cf6cc4b757b0eaab9bf99a38ac33cd51e80795fedb208bffc1d9ad2e,6837e4bc77cb54c1bb879f5ac0c4db40b33b3c70e95d71e92de8694ac50afa27,6.75,1.5750000000000028,1.5999999999999943,0.30000000000001137,0.25
2026-09-11,CE,2026-09-11T04:07:00+00:00,2026-09-11T04:05:50.812922+00:00,2026-09-11T04:06:55.356220+00:00,64.543298,NIFTY|2026-09-15|23250|CE,46e70fa9ec731e5850bf89f35b80b95a4233b3bc43c37c07906318f69cc9fa2a,27fd4835a55dc53b66a71b9defc5e1eebffc3a67f6e5ad8643fdb2f2449778f8,3.600000000002183,1.575000000000017,1.5,0.25,0.20000000000000284
2026-09-11,CE,2026-09-11T04:09:00+00:00,2026-09-11T04:07:50.550132+00:00,2026-09-11T04:08:55.357125+00:00,64.806993,NIFTY|2026-09-15|23250|CE,c7095c62f739e4d5090ef6ba193fd6225f5632f9af494f802f9fc098d65b0ca2,aca1e01bdf86b455df0710465b8094a30f90915d39541fefcb9e499be0e8e81f,1.7000000000007276,1.1500000000000057,1.0499999999999972,0.25,0.25
2026-09-11,CE,2026-09-11T04:10:00+00:00,2026-09-11T04:08:55.357125+00:00,2026-09-11T04:09:55.358165+00:00,60.00104,NIFTY|2026-09-15|23250|CE,aca1e01bdf86b455df0710465b8094a30f90915d39541fefcb9e499be0e8e81f,a39f6384c1ac06504f7df328d8755e0d3da27c65c2bd798c8cc7efdf6495e130,-1.5,-2.1500000000000057,-2.25,0.25,0.25
2026-09-11,CE,2026-09-11T04:12:00+00:00,2026-09-11T04:10:50.394097+00:00,2026-09-11T04:11:55.345175+00:00,64.951078,NIFTY|2026-09-15|23250|CE,22148fe773e5408abc9f505adb03865b048eacba73196ed32181fa19497bd097,aacfee9b6b0f891fc078d8073989cf5ab652e3139b2c2becd7e78e93ffbea7c1,-9.5,-4.625,-4.800000000000011,0.25,0.20000000000000284
2026-09-11,CE,2026-09-11T04:13:00+00:00,2026-09-11T04:11:55.345175+00:00,2026-09-11T04:12:55.353128+00:00,60.007953,NIFTY|2026-09-15|23250|CE,aacfee9b6b0f891fc078d8073989cf5ab652e3139b2c2becd7e78e93ffbea7c1,9dc6a047695a47eaf0abc10cfaf016a025fe8f2781ffd7ce92adff6939b91e40,1.1000000000021828,0.0,0.10000000000000853,0.20000000000000284,0.29999999999999716
2026-09-11,CE,2026-09-11T04:14:00+00:00,2026-09-11T04:12:55.353128+00:00,2026-09-11T04:13:55.354893+00:00,60.001765,NIFTY|2026-09-15|23250|CE,9dc6a047695a47eaf0abc10cfaf016a025fe8f2781ffd7ce92adff6939b91e40,0ff742ea14146f48477696a48b9efa0ef11d1a24ad66ff759f454fcb71e64d60,10.399999999997817,3.375,3.1499999999999915,0.29999999999999716,0.25
2026-09-11,CE,2026-09-11T04:15:00+00:00,2026-09-11T04:13:55.354893+00:00,2026-09-11T04:14:55.364140+00:00,60.009247,NIFTY|2026-09-15|23250|CE,0ff742ea14146f48477696a48b9efa0ef11d1a24ad66ff759f454fcb71e64d60,e1017c0ad8a2137218a12b2775a2fe55ffffbcd844b56e7fca60c0ea1d4d79f5,-2.7999999999992724,-1.6750000000000114,-1.75,0.25,0.29999999999999716
2026-09-11,CE,2026-09-11T04:16:00+00:00,2026-09-11T04:14:55.364140+00:00,2026-09-11T04:15:55.616848+00:00,60.252708,NIFTY|2026-09-15|23250|CE,e1017c0ad8a2137218a12b2775a2fe55ffffbcd844b56e7fca60c0ea1d4d79f5,259c71269fe0a7606f4aa5b49e08d48b80887210879f61268e490948b3d93f2c,1.9500000000007276,0.6000000000000085,0.9000000000000057,0.29999999999999716,0.09999999999999432
2026-09-11,CE,2026-09-11T04:18:00+00:00,2026-09-11T04:16:55.354241+00:00,2026-09-11T04:17:55.687888+00:00,60.333647,NIFTY|2026-09-15|23250|CE,0d3a9519e66a0bca0d0c46b36279403869092efeef7b1a876858f8ab94c059b1,8c0119fdfb3b943e8a2f70d708c7ed223e39369d841c28c971a789fd68811617,-1.7000000000007276,-0.9000000000000057,-0.5500000000000114,0.25,0.15000000000000568
2026-09-11,CE,2026-09-11T04:20:00+00:00,2026-09-11T04:18:50.363509+00:00,2026-09-11T04:19:55.357388+00:00,64.993879,NIFTY|2026-09-15|23250|CE,0dd04e1d18ad23f7ca48cf2e1ecd558250dd19da055eb676cec1afba5cfd1dab,c39338f59994f96fa36cbe55fdafe777cca898f8af708b9585d5ae1c8bb10f0b,1.1500000000014552,0.5250000000000057,0.5,0.15000000000000568,0.29999999999999716
2026-09-11,CE,2026-09-11T04:22:00+00:00,2026-09-11T04:20:55.349519+00:00,2026-09-11T04:21:55.359629+00:00,60.01011,NIFTY|2026-09-15|23250|CE,e2130f582fc4370164d483d40737c99a51505a327897824c44c4febc4c5c9336,054ff2845808bcb0c4756a6b10058e517461f3fde9579e07fc620568ecf4775e,-5.099999999998545,-2.7750000000000057,-2.5999999999999943,0.30000000000001137,0.25
2026-09-11,CE,2026-09-11T04:23:00+00:00,2026-09-11T04:21:55.359629+00:00,2026-09-11T04:22:55.360184+00:00,60.000555,NIFTY|2026-09-15|23250|CE,054ff2845808bcb0c4756a6b10058e517461f3fde9579e07fc620568ecf4775e,d09b0b35636af6133a933a867017c1a16e98cfa0f9c928bd284a0bcdabc13631,-1.2000000000007276,-0.3499999999999943,-0.15000000000000568,0.25,0.25
2026-09-11,CE,2026-09-11T04:24:00+00:00,2026-09-11T04:22:55.360184+00:00,2026-09-11T04:23:55.383125+00:00,60.022941,NIFTY|2026-09-15|23250|CE,d09b0b35636af6133a933a867017c1a16e98cfa0f9c928bd284a0bcdabc13631,26d965331b2feb46e187e08ce0bf5f22e99230ae764204dc743f11b7f6293e65,-1.4500000000007276,-0.5,-0.75,0.25,0.25
2026-09-11,CE,2026-09-11T04:26:00+00:00,2026-09-11T04:24:50.371242+00:00,2026-09-11T04:25:55.359247+00:00,64.988005,NIFTY|2026-09-15|23250|CE,38c7cacd062f334318384cd94e8d082b78ba632cb7816fe18d02778a8695d7be,cb829618609b10b65fe5139889d4f6266d2aa7019845d6c8fa1bed0bbc507ee4,4.599999999998545,2.875000000000014,2.950000000000003,0.25,0.29999999999999716
2026-09-11,CE,2026-09-11T04:28:00+00:00,2026-09-11T04:26:55.357287+00:00,2026-09-11T04:27:55.436556+00:00,60.079269,NIFTY|2026-09-15|23250|CE,de59972db4eaadfe5542334cab412482f1f984501313d61aa7498f379c2c7b7f,f126923d6ed122bea3d22413e83739577496f924f62522f612f537184fad51ec,3.149999999997817,1.125,1.2000000000000028,0.30000000000001137,0.25
2026-09-11,CE,2026-09-11T04:30:00+00:00,2026-09-11T04:28:50.514132+00:00,2026-09-11T04:29:55.355469+00:00,64.841337,NIFTY|2026-09-15|23250|CE,82b5443ff55f69d501ed7ccb14c450741deb8973503a56de567bf72ddda5676d,fd27b051fe3c84d08cd653f97bb8176cf272c2c61d074f01307687b02ad27fc1,-1.5,-0.5999999999999943,-0.45000000000000284,0.25,0.25
2026-09-11,CE,2026-09-11T04:31:00+00:00,2026-09-11T04:29:55.355469+00:00,2026-09-11T04:30:55.362789+00:00,60.00732,NIFTY|2026-09-15|23250|CE,fd27b051fe3c84d08cd653f97bb8176cf272c2c61d074f01307687b02ad27fc1,b69588cddc9ead38d7455bc7a2571a09d0e07054c273f3657aea975567de9409,-0.7000000000007276,-0.25,-0.3499999999999943,0.25,0.15000000000000568
2026-09-11,CE,2026-09-11T04:33:00+00:00,2026-09-11T04:31:50.365027+00:00,2026-09-11T04:32:55.350500+00:00,64.985473,NIFTY|2026-09-15|23250|CE,2685105cd6a39727f6844df48f60ab878920da8754ddb57526dda3aae00edba1,ed9e4b84e430920ebb072fb524029f1e7b64429a345ea7d210a06de17febd848,3.0499999999992724,0.5749999999999886,0.8499999999999943,0.3499999999999943,0.29999999999999716
2026-09-11,CE,2026-09-11T04:34:00+00:00,2026-09-11T04:32:55.350500+00:00,2026-09-11T04:33:55.369535+00:00,60.019035,NIFTY|2026-09-15|23250|CE,ed9e4b84e430920ebb072fb524029f1e7b64429a345ea7d210a06de17febd848,d318742897cfd9ed0c019a399a6c9821a1e81d29c4d51b0265e49ef93e1c5fd6,9.549999999999272,4.375000000000014,4.200000000000003,0.29999999999999716,0.3499999999999943
2026-09-11,CE,2026-09-11T04:35:00+00:00,2026-09-11T04:33:55.369535+00:00,2026-09-11T04:34:55.375096+00:00,60.005561,NIFTY|2026-09-15|23250|CE,d318742897cfd9ed0c019a399a6c9821a1e81d29c4d51b0265e49ef93e1c5fd6,11bee56edc98800877ebf0620ba21f7ce1677e20b1662976623e41701cbddf4b,-0.5499999999992724,-0.75,-0.45000000000000284,0.3499999999999943,0.25
2026-09-11,CE,2026-09-11T04:38:00+00:00,2026-09-11T04:36:55.351523+00:00,2026-09-11T04:37:55.355515+00:00,60.003992,NIFTY|2026-09-15|23250|CE,615e65d92ba32ba5e2c7b5a3e1590feb0b4f01467a30b9b099a168bc6d46a937,3bb2059f763570bad81d2b77dfe57246205bc5211532761b2b13c76a2d7e4232,-0.5,0.25,0.29999999999999716,0.29999999999999716,0.29999999999999716
2026-09-11,CE,2026-09-11T04:42:00+00:00,2026-09-11T04:40:50.355402+00:00,2026-09-11T04:41:55.350419+00:00,64.995017,NIFTY|2026-09-15|23300|CE,aa2c9920bef68eadf476257202d3aa40cdb8e2c54f19ed89f82e87c68943c346,49c5c2b15c53af3d3142bb2b4401cf90a7b0699e5ba024b6b79e3eac06d28870,1.5,0.5999999999999943,0.3499999999999943,0.20000000000000284,0.20000000000000284
2026-09-11,CE,2026-09-11T04:43:00+00:00,2026-09-11T04:41:55.350419+00:00,2026-09-11T04:42:55.357353+00:00,60.006934,NIFTY|2026-09-15|23300|CE,49c5c2b15c53af3d3142bb2b4401cf90a7b0699e5ba024b6b79e3eac06d28870,9d36f8b593b47aae70dbdcce2e829be12b1210e4d4747af8b649aebb7027db03,-0.2999999999992724,1.6999999999999886,1.75,0.20000000000000284,0.20000000000000284
2026-09-11,CE,2026-09-11T04:44:00+00:00,2026-09-11T04:42:55.357353+00:00,2026-09-11T04:43:55.359213+00:00,60.00186,NIFTY|2026-09-15|23300|CE,9d36f8b593b47aae70dbdcce2e829be12b1210e4d4747af8b649aebb7027db03,17e3de9c8ebe324498ca01cdfbc77d7629c58f4188815db69b78d00c36be7d28,11.799999999999272,9.775000000000006,9.300000000000011,0.20000000000000284,0.25
2026-09-11,CE,2026-09-11T04:46:00+00:00,2026-09-11T04:44:55.356217+00:00,2026-09-11T04:45:55.700224+00:00,60.344007,NIFTY|2026-09-15|23300|CE,317367443fc50e5f47b2317c319153af982332613859b5a70a601badcbeb3584,6954dec36d8615b8432427f88ab356701e0c949109cf6d2cb1a36a1410330c3a,-1.5499999999992724,-0.15000000000000568,-0.09999999999999432,0.20000000000000284,0.20000000000000284
2026-09-11,CE,2026-09-11T04:48:00+00:00,2026-09-11T04:46:50.366071+00:00,2026-09-11T04:47:55.356880+00:00,64.990809,NIFTY|2026-09-15|23300|CE,6f743cf66fefc0852b9909d84eab933b23eff134ac6bc19d170c5209dcd294dd,8b4fad35b9d77498c43fb18baebdfbb0c9a21fbdfb740a45307c1fc017aa4624,1.5499999999992724,1.4249999999999972,1.5499999999999972,0.25,0.29999999999999716
2026-09-11,CE,2026-09-11T04:50:00+00:00,2026-09-11T04:48:55.354317+00:00,2026-09-11T04:49:55.361085+00:00,60.006768,NIFTY|2026-09-15|23300|CE,9156f8aecea5445b430b1f4e2ebad9cea591061e3cab6bf6d2d2573526a89a43,582c1a4b7d9f64741ad0fd8f68f63adbe21aa3bbe23510952384b5848dd0cf91,0.75,1.2749999999999915,1.3499999999999943,0.20000000000000284,0.15000000000000568
2026-09-11,CE,2026-09-11T04:52:00+00:00,2026-09-11T04:50:55.359595+00:00,2026-09-11T04:51:55.364161+00:00,60.004566,NIFTY|2026-09-15|23300|CE,e0e7d8949292518f19968254dc03856083bd1f1c94b2374280adfba3b3d18104,324321eb5ea32c607517e75d574daab6e6c165ed8ecae1733490943ca7269f5b,4.900000000001455,5.900000000000006,5.550000000000011,0.19999999999998863,0.20000000000000284
2026-09-11,CE,2026-09-11T04:53:00+00:00,2026-09-11T04:51:55.364161+00:00,2026-09-11T04:52:55.367607+00:00,60.003446,NIFTY|2026-09-15|23300|CE,324321eb5ea32c607517e75d574daab6e6c165ed8ecae1733490943ca7269f5b,d1a6a224a329be6281d2e8b7d3a3edc7dee087befd016b3a2355a95c197076f6,10.099999999998545,5.150000000000006,5.25,0.20000000000000284,0.29999999999999716
2026-09-11,CE,2026-09-11T04:55:00+00:00,2026-09-11T04:53:50.364258+00:00,2026-09-11T04:54:55.350392+00:00,64.986134,NIFTY|2026-09-15|23300|CE,a15d36c3785bbbca6fcbadd77cffe1b26531d8c868364954b317ee70f3507d4f,efedaa4ab192d139ddf6454b2cd0f3772d06a94333477426dbeb19dffb1f5cfc,-4.150000000001455,-2.0,-2.0999999999999943,0.29999999999999716,0.20000000000000284
2026-09-11,CE,2026-09-11T04:56:00+00:00,2026-09-11T04:54:55.350392+00:00,2026-09-11T04:55:55.852975+00:00,60.502583,NIFTY|2026-09-15|23300|CE,efedaa4ab192d139ddf6454b2cd0f3772d06a94333477426dbeb19dffb1f5cfc,89795a8022e203fb7bce9a8ad63ab0cb28f18b55d6cd1465617c62fdb58d5fec,-2.400000000001455,-1.924999999999983,-1.8499999999999943,0.20000000000000284,0.14999999999999147
2026-09-11,CE,2026-09-11T04:58:00+00:00,2026-09-11T04:56:50.359753+00:00,2026-09-11T04:57:55.354386+00:00,64.994633,NIFTY|2026-09-15|23300|CE,1929899ee799676a629246f90399592063b953999a809542088bdb85db260a95,9529036819eda8525ece56a06ba0b56525608d1b9490202806c553100a9eac07,-8.799999999999272,-5.049999999999997,-5.200000000000003,0.25,0.25
2026-09-11,CE,2026-09-11T05:00:00+00:00,2026-09-11T04:58:55.351314+00:00,2026-09-11T04:59:55.351880+00:00,60.000566,NIFTY|2026-09-15|23300|CE,b6924463f46ed4f96f1be91505efb95caaff36906ce3c7145c24ccf3c83aaee3,7f4fab2b4de505f158db8340e72d84059bf36233bba4bd62a7e56968a031863a,-1.5,-1.4000000000000057,-1.6000000000000085,0.10000000000000853,0.19999999999998863
2026-09-11,CE,2026-09-11T05:02:00+00:00,2026-09-11T05:00:55.351190+00:00,2026-09-11T05:01:55.356077+00:00,60.004887,NIFTY|2026-09-15|23300|CE,863ddb880333d7d5fffa784727f5505ae8522e580b803b125e2984f03eeeb923,bc39d9307aadbbed6927126c1662a45a0cfb8997da0ba9143feba0d171bdd3c9,7.349999999998545,3.450000000000003,3.3500000000000085,0.09999999999999432,0.30000000000001137
2026-09-11,CE,2026-09-11T05:04:00+00:00,2026-09-11T05:02:55.342801+00:00,2026-09-11T05:03:55.357879+00:00,60.015078,NIFTY|2026-09-15|23300|CE,d056ddb5b5f01800af69d3f82cc53dce549c73825766d5886db182fb3248df9e,98a7df407c3220fc34f83ca944d077c97bd3caaac924e22ea465111a2e32f7c2,-1.2000000000007276,-0.4000000000000057,-0.5,0.25,0.25
2026-09-11,CE,2026-09-11T05:06:00+00:00,2026-09-11T05:04:55.345957+00:00,2026-09-11T05:05:55.351098+00:00,60.005141,NIFTY|2026-09-15|23300|CE,ee0ca06cd9bb7238bb468315b0844e3424eadf2eaef36bc49c4c241785a32d52,68b8039159c4cfc76a4c7d754758c79187839f6d93dca4f26da5de50d99a68fd,3.0,1.9249999999999972,2.0999999999999943,0.09999999999999432,0.3500000000000085
2026-09-11,CE,2026-09-11T05:09:00+00:00,2026-09-11T05:07:55.348493+00:00,2026-09-11T05:08:55.357727+00:00,60.009234,NIFTY|2026-09-15|23300|CE,47b2313ddaa83ac28374d57a76e3f61b4befa7022efe432b1d382e2b9c312bda,b8e55e364a2dce1ff01ef0ec40f206c45b7379cb3872e406d7fa553852d78a43,0.4000000000014552,-0.825000000000017,-0.7000000000000028,0.25,0.29999999999999716
2026-09-11,CE,2026-09-11T05:11:00+00:00,2026-09-11T05:09:55.350688+00:00,2026-09-11T05:10:55.352362+00:00,60.001674,NIFTY|2026-09-15|23300|CE,efd5f1c668e0984622dbfef290890d58a97a06ed615ef69a0d2ae0572b13ef66,cc1525e46fea2d79b34d927b44f65b358d283bda99dacefa52fc2f1e69312154,1.9500000000007276,1.0499999999999972,1.0,0.10000000000000853,0.09999999999999432
2026-09-11,CE,2026-09-11T05:12:00+00:00,2026-09-11T05:10:55.352362+00:00,2026-09-11T05:11:55.353910+00:00,60.001548,NIFTY|2026-09-15|23300|CE,cc1525e46fea2d79b34d927b44f65b358d283bda99dacefa52fc2f1e69312154,05c3a47f995bfcc720586f11b0e75e1ea115e33c311b1f212d03d65a2a7d8bc1,-2.75,-0.75,-0.29999999999999716,0.09999999999999432,0.09999999999999432
2026-09-11,CE,2026-09-11T05:13:00+00:00,2026-09-11T05:11:55.353910+00:00,2026-09-11T05:12:55.357226+00:00,60.003316,NIFTY|2026-09-15|23300|CE,05c3a47f995bfcc720586f11b0e75e1ea115e33c311b1f212d03d65a2a7d8bc1,ec0ec42deff074dc2e87cb3147cc72d3bd35d552fd1e92b6583931cc8c4faa8e,0.8999999999978172,0.6000000000000085,0.4000000000000057,0.09999999999999432,0.20000000000000284
2026-09-11,CE,2026-09-11T05:14:00+00:00,2026-09-11T05:12:55.357226+00:00,2026-09-11T05:13:55.387667+00:00,60.030441,NIFTY|2026-09-15|23300|CE,ec0ec42deff074dc2e87cb3147cc72d3bd35d552fd1e92b6583931cc8c4faa8e,9fc977082fe4ef42569f2efcdb100bd67e3f28f3f382e0edeb329cb26ab374f3,2.9500000000007276,1.8999999999999915,1.7999999999999972,0.20000000000000284,0.09999999999999432
2026-09-11,CE,2026-09-11T05:16:00+00:00,2026-09-11T05:14:55.341124+00:00,2026-09-11T05:15:55.342009+00:00,60.000885,NIFTY|2026-09-15|23300|CE,59a6da84aa866a2cfeef5aa55de092647dc2f244fe5a3cdcb03ef52c954e9e9c,7c5a052c39f61ccb0e3e75ce568e42d1fe4455ac502837b0368aa33542453545,-3.4500000000007276,-2.624999999999986,-2.8999999999999915,0.29999999999999716,0.25
2026-09-11,CE,2026-09-11T05:17:00+00:00,2026-09-11T05:15:55.342009+00:00,2026-09-11T05:16:55.351171+00:00,60.009162,NIFTY|2026-09-15|23300|CE,7c5a052c39f61ccb0e3e75ce568e42d1fe4455ac502837b0368aa33542453545,88ac5fd1ad0c5c8ba0af688a6c4a9fe016dfe35037e91dd74f7647d0c60d5e90,2.900000000001455,1.2999999999999972,1.5499999999999972,0.25,0.15000000000000568
2026-09-11,CE,2026-09-11T05:18:00+00:00,2026-09-11T05:16:55.351171+00:00,2026-09-11T05:17:55.360245+00:00,60.009074,NIFTY|2026-09-15|23300|CE,88ac5fd1ad0c5c8ba0af688a6c4a9fe016dfe35037e91dd74f7647d0c60d5e90,fc1227dc42d86b32ff04a387fd7c895cdbc45f0660a6d957738126abc523923e,-2.5500000000029104,-2.6750000000000114,-2.700000000000003,0.15000000000000568,0.20000000000000284
2026-09-11,CE,2026-09-11T05:20:00+00:00,2026-09-11T05:18:55.355024+00:00,2026-09-11T05:19:55.365329+00:00,60.010305,NIFTY|2026-09-15|23300|CE,e02228c6190f0417f4f1b785813190ab75ffb346f36302b76dae538ec025a02f,4474805a6ea113c3423b9607e38d9ecec0c58fc1f55387a6aaf262ace5e6a35a,3.75,2.1750000000000114,2.200000000000003,0.10000000000000853,0.25
2026-09-11,CE,2026-09-11T05:22:00+00:00,2026-09-11T05:20:55.347988+00:00,2026-09-11T05:21:55.362046+00:00,60.014058,NIFTY|2026-09-15|23300|CE,83c9c6ec5be29c4cb9542dcaee2f90f6e14e8b03f96eda3d5037ebd887b74c19,fccb7f231b4ac596626ad8f2cd919e20f0f247bcf3345099f3e216271766e948,-0.75,-0.6750000000000114,-0.3499999999999943,0.25,0.20000000000000284
2026-09-11,CE,2026-09-11T05:25:00+00:00,2026-09-11T05:23:50.363849+00:00,2026-09-11T05:24:55.347599+00:00,64.98375,NIFTY|2026-09-15|23300|CE,771b73fb717e21b2d0c1d605ef3ccee3ca595693596f8b7c5f58921c12ce41ed,117fc138818d02e426560e0d08a4141684efc1fb79675958e578cb22c270a30c,-3.149999999997817,-1.5500000000000114,-1.9500000000000028,0.25,0.25
2026-09-11,CE,2026-09-11T05:26:00+00:00,2026-09-11T05:24:55.347599+00:00,2026-09-11T05:25:55.368784+00:00,60.021185,NIFTY|2026-09-15|23300|CE,117fc138818d02e426560e0d08a4141684efc1fb79675958e578cb22c270a30c,9d33a1a8eeaef26353ea324ce4d4708308c21196265686c87143e55b33548725,-0.9500000000007276,-0.04999999999999716,0.25,0.25,0.15000000000000568
2026-09-11,CE,2026-09-11T05:28:00+00:00,2026-09-11T05:26:55.349256+00:00,2026-09-11T05:27:55.351213+00:00,60.001957,NIFTY|2026-09-15|23300|CE,0b837780b15643d3e21108d3a94223403b4128788334a60f3f0fdb75c3720107,3e37a90feb31c62cdd6e08c3c321ba44badaa58062933f13441180615a316453,-0.5,-0.8250000000000028,-0.6499999999999915,0.25,0.10000000000000853
2026-09-11,CE,2026-09-11T05:29:00+00:00,2026-09-11T05:27:55.351213+00:00,2026-09-11T05:28:55.361626+00:00,60.010413,NIFTY|2026-09-15|23300|CE,3e37a90feb31c62cdd6e08c3c321ba44badaa58062933f13441180615a316453,61cffb3ca629c7a2dd7a5451cedf9e3759041675b9c7426485d56f706a7ddf26,4.69999999999709,1.3500000000000085,1.5499999999999972,0.10000000000000853,0.09999999999999432
2026-09-11,CE,2026-09-11T05:31:00+00:00,2026-09-11T05:29:55.341849+00:00,2026-09-11T05:30:55.365845+00:00,60.023996,NIFTY|2026-09-15|23300|CE,3e24e8b92ed9556ebd7f9c109fba7961ea3cc11b60bff0c08bdc127dbd1aab5a,1cf03f65164af2118b6d34f8fc440ed730589c621ba313f72b48abe3910064b1,5.899999999997817,5.7250000000000085,5.400000000000006,0.15000000000000568,0.29999999999999716
2026-09-11,CE,2026-09-11T05:33:00+00:00,2026-09-11T05:31:55.342264+00:00,2026-09-11T05:32:55.355413+00:00,60.013149,NIFTY|2026-09-15|23300|CE,28365194aef077205e58f7f6ef42aace2f6a85cf116c3f7579fa094c1cc8cac3,399ab05ae3a25ee3286feb8d48db7dc2dc67979479da734dfcfcec14b7867fb7,-4.25,-2.9000000000000057,-2.950000000000003,0.25,0.25
2026-09-11,CE,2026-09-11T05:34:00+00:00,2026-09-11T05:32:55.355413+00:00,2026-09-11T05:33:55.365820+00:00,60.010407,NIFTY|2026-09-15|23300|CE,399ab05ae3a25ee3286feb8d48db7dc2dc67979479da734dfcfcec14b7867fb7,bb8d95fe82c27eaa1f38ec5741dfe34f5620321c715247b1e56fcf1c3fb1c72b,-3.8000000000029104,-1.75,-1.7000000000000028,0.25,0.25
2026-09-11,CE,2026-09-11T05:36:00+00:00,2026-09-11T05:34:55.355324+00:00,2026-09-11T05:35:55.365371+00:00,60.010047,NIFTY|2026-09-15|23300|CE,0ca4020253045ed268c4b604222351508b8953438ff278d4b6e44d407fcd814a,cafb5fe5847eaa98fa20b915670ee1b789565891c6baed8044262f638aa0afc7,-1.75,1.8500000000000085,1.6500000000000057,0.10000000000000853,0.09999999999999432
2026-09-11,CE,2026-09-11T05:38:00+00:00,2026-09-11T05:36:50.351286+00:00,2026-09-11T05:37:55.336095+00:00,64.984809,NIFTY|2026-09-15|23300|CE,e31230a9ff430a401eb2fb7addc10bc3b769ca8ca3e1748847b23fd49e22823c,e3ef2ef87dd13281b61acf20ee122f52d09102d25603aaa30589522fab9bb85f,6.350000000002183,3.075000000000003,3.200000000000003,0.10000000000000853,0.25
2026-09-11,CE,2026-09-11T05:39:00+00:00,2026-09-11T05:37:55.336095+00:00,2026-09-11T05:38:55.351256+00:00,60.015161,NIFTY|2026-09-15|23300|CE,e3ef2ef87dd13281b61acf20ee122f52d09102d25603aaa30589522fab9bb85f,6ba938c61631c1e0b69fe3447ac0477c29cfd2c782cabba6fc8d6d8f3027fffb,-2.4500000000007276,-1.1249999999999858,-1.1499999999999915,0.25,0.20000000000000284
2026-09-11,CE,2026-09-11T05:40:00+00:00,2026-09-11T05:38:55.351256+00:00,2026-09-11T05:39:55.380109+00:00,60.028853,NIFTY|2026-09-15|23300|CE,6ba938c61631c1e0b69fe3447ac0477c29cfd2c782cabba6fc8d6d8f3027fffb,32c2e67a48fce90fc26acd0eba40dc8a0237ec6c836d93e30423d54dc395ba54,6.899999999997817,4.199999999999989,3.8999999999999915,0.20000000000000284,0.30000000000001137
2026-09-11,CE,2026-09-11T05:42:00+00:00,2026-09-11T05:40:50.470554+00:00,2026-09-11T05:41:55.356866+00:00,64.886312,NIFTY|2026-09-15|23300|CE,5a48f46b99a0b6c32ccefba877ed3e678dcb3fd2bad2da4620624947d8f3a06c,6757cf46e29aa8a51950619ef765e2b6ce8e8062df664b0dd0d5e16ba8d0c588,3.2999999999992724,0.35000000000002274,0.10000000000000853,0.29999999999999716,0.29999999999999716
2026-09-11,CE,2026-09-11T05:43:00+00:00,2026-09-11T05:41:55.356866+00:00,2026-09-11T05:42:55.394815+00:00,60.037949,NIFTY|2026-09-15|23300|CE,6757cf46e29aa8a51950619ef765e2b6ce8e8062df664b0dd0d5e16ba8d0c588,9a7dd635d58253591ff2327d3a25c2f104afc8de98aa00876c62777ee9e92d2d,13.350000000002183,6.974999999999994,6.5,0.29999999999999716,0.3500000000000085
2026-09-11,CE,2026-09-11T05:46:00+00:00,2026-09-11T05:44:55.346882+00:00,2026-09-11T05:45:55.348073+00:00,60.001191,NIFTY|2026-09-15|23350|CE,6dd035949626ce378d4d0336dddcbbf065d3fddcfa2c615d769023151e1d3015,613061f41a09e523c798b919eaeae5581764c342fcc1a0eb41e68dc8497a4bf5,-10.200000000000728,-4.275000000000006,-5.25,0.25,0.20000000000000284
2026-09-11,CE,2026-09-11T05:48:00+00:00,2026-09-11T05:46:55.355851+00:00,2026-09-11T05:47:55.357926+00:00,60.002075,NIFTY|2026-09-15|23350|CE,bd65392d49123ed073ed4228d3622fc98d41e342679f1358c40c6edcff82f4ce,efb2361d4e3fd6d3e2f91044d4ea16a6a4d5f8688980adf1a911ce68e5dc1125,15.600000000002183,10.900000000000006,9.450000000000003,0.19999999999998863,0.29999999999999716
2026-09-11,CE,2026-09-11T05:51:00+00:00,2026-09-11T05:49:55.352902+00:00,2026-09-11T05:50:55.353093+00:00,60.000191,NIFTY|2026-09-15|23350|CE,ab8e1d7e07eb4887d9678d20c1ce6043734939a12cc2cbbe02543111103613e3,718587a59e5c51e67bb274a8562fea4f091ad3ce68694a876b28d7cc4ccafc7d,-3.849999999998545,-5.5,-5.949999999999989,0.25,0.25
2026-09-11,CE,2026-09-11T05:52:00+00:00,2026-09-11T05:50:55.353093+00:00,2026-09-11T05:51:55.357448+00:00,60.004355,NIFTY|2026-09-15|23350|CE,718587a59e5c51e67bb274a8562fea4f091ad3ce68694a876b28d7cc4ccafc7d,a81165b39ccd6be7f7ba38e14a3a541c245d4df1620430e4465a3443950eb72d,4.19999999999709,1.1749999999999972,1.1999999999999886,0.25,0.30000000000001137
2026-09-11,CE,2026-09-11T05:53:00+00:00,2026-09-11T05:51:55.357448+00:00,2026-09-11T05:52:55.361671+00:00,60.004223,NIFTY|2026-09-15|23350|CE,a81165b39ccd6be7f7ba38e14a3a541c245d4df1620430e4465a3443950eb72d,cacb234598ae9dd73b23570c1e333fbc1886fa18c6395bc7e8e2f68bcf29bbb2,6.30000000000291,6.099999999999994,6.400000000000006,0.30000000000001137,0.29999999999999716
2026-09-11,CE,2026-09-11T05:55:00+00:00,2026-09-11T05:53:55.348489+00:00,2026-09-11T05:54:55.362391+00:00,60.013902,NIFTY|2026-09-15|23350|CE,4cdda4c9f9697a07727db8e3ee282d73e8ddfc0c397e12df7e7547449aabaa92,2f3166ed7bd45c5c71285dd34e5b8837ffa5aa9b8fee56689947de9e677a05a5,3.6999999999970896,1.4000000000000057,2.450000000000003,0.25,0.25
2026-09-11,CE,2026-09-11T05:57:00+00:00,2026-09-11T05:55:50.372432+00:00,2026-09-11T05:56:55.346072+00:00,64.97364,NIFTY|2026-09-15|23350|CE,f9c82a5a05c94f89988da1c00709b3905d8735ae69d1e5bb4bf802189fdaee3b,9f4484c8ab4702d51b4b8a2aea575a19ed2570ae1c1c004949a30288faa99068,-3.349999999998545,-3.625,-3.049999999999997,0.25,0.30000000000001137
2026-09-11,CE,2026-09-11T05:58:00+00:00,2026-09-11T05:56:55.346072+00:00,2026-09-11T05:57:55.353570+00:00,60.007498,NIFTY|2026-09-15|23350|CE,9f4484c8ab4702d51b4b8a2aea575a19ed2570ae1c1c004949a30288faa99068,0dc54c9d754ffbe91ea60591d90a4e2916a8b7fb3fd7156e8191779f37f29fd0,-0.5,0.9000000000000057,-0.20000000000000284,0.30000000000001137,0.10000000000000853
2026-09-11,CE,2026-09-11T05:59:00+00:00,2026-09-11T05:57:55.353570+00:00,2026-09-11T05:58:55.364675+00:00,60.011105,NIFTY|2026-09-15|23350|CE,0dc54c9d754ffbe91ea60591d90a4e2916a8b7fb3fd7156e8191779f37f29fd0,d4f5dc7ea909d5e1d97e99b4a2534d742a69e0862198fa57b33c941a4459ac74,-4.700000000000728,-4.875,-3.9499999999999886,0.10000000000000853,0.14999999999999147
2026-09-11,CE,2026-09-11T06:00:00+00:00,2026-09-11T05:58:55.364675+00:00,2026-09-11T05:59:55.433615+00:00,60.06894,NIFTY|2026-09-15|23350|CE,d4f5dc7ea909d5e1d97e99b4a2534d742a69e0862198fa57b33c941a4459ac74,781266534b02ec764fce3c72128a42412bed4ef461b422b20a0bc51678527936,-0.3499999999985448,-0.5250000000000057,-0.8000000000000114,0.14999999999999147,0.30000000000001137
2026-09-11,CE,2026-09-11T06:02:00+00:00,2026-09-11T06:00:50.353309+00:00,2026-09-11T06:01:55.349822+00:00,64.996513,NIFTY|2026-09-15|23350|CE,6fc465fe8bb723d1a5e4626bb7f7bc5c5c5d1da4c7e5da7e6bf6c39f100fd366,1d076a41aacfa110279d549191b4197ab09c471e3034832d72cdf6fdd4c68979,-2.0,-2.5,-2.75,0.20000000000000284,0.20000000000000284
2026-09-11,CE,2026-09-11T06:03:00+00:00,2026-09-11T06:01:55.349822+00:00,2026-09-11T06:02:55.393538+00:00,60.043716,NIFTY|2026-09-15|23350|CE,1d076a41aacfa110279d549191b4197ab09c471e3034832d72cdf6fdd4c68979,f47863b457cd599b7dbc2794a97a7541614afec40a08c2ffce9b5f4f3b1999f7,6.850000000002183,3.5,4.099999999999994,0.20000000000000284,0.29999999999999716
2026-09-11,CE,2026-09-11T06:06:00+00:00,2026-09-11T06:04:55.351735+00:00,2026-09-11T06:05:55.357864+00:00,60.006129,NIFTY|2026-09-15|23350|CE,2d951860fefadfc258b20b2b25d788e9282c4f2a74f648dc9ff04c2916633ae6,5d0a27a5454a6bce0acfd9782d74f88809f4f613954d515d5be0073fdedc4115,-3.650000000001455,-3.174999999999983,-2.75,0.29999999999999716,0.25
2026-09-11,CE,2026-09-11T06:07:00+00:00,2026-09-11T06:05:55.357864+00:00,2026-09-11T06:06:55.359850+00:00,60.001986,NIFTY|2026-09-15|23350|CE,5d0a27a5454a6bce0acfd9782d74f88809f4f613954d515d5be0073fdedc4115,b9e7aee0cd574fe93c62f71db5d689be6d694369e3fc82b10c603e5a63712bbb,6.5,5.599999999999994,5.349999999999994,0.25,0.3499999999999943
2026-09-11,CE,2026-09-11T06:09:00+00:00,2026-09-11T06:07:55.355025+00:00,2026-09-11T06:08:55.362252+00:00,60.007227,NIFTY|2026-09-15|23350|CE,9c622b255045e180871da7005a261006a92377d00e39d4507ecaec2d65e21004,b5cfd3a7fd88c565920a6611feb157ae960e94488aca48aa7a56e5a1ae7691d3,-1.25,-3.125000000000014,-2.3500000000000085,0.29999999999999716,0.25
2026-09-11,CE,2026-09-11T06:11:00+00:00,2026-09-11T06:09:55.354374+00:00,2026-09-11T06:10:55.354862+00:00,60.000488,NIFTY|2026-09-15|23350|CE,8a292d1ea5e192dbe21018d66b1832109f775c7251c747eadcfada30c9d8bb55,fc299805ff939bf9fdc6c0e20b9bcabb8273f0c206a05e3484389a76bf88912b,3.1999999999970896,2.8499999999999943,3.5,0.09999999999999432,0.20000000000000284
2026-09-11,CE,2026-09-11T06:12:00+00:00,2026-09-11T06:10:55.354862+00:00,2026-09-11T06:11:55.357274+00:00,60.002412,NIFTY|2026-09-15|23350|CE,fc299805ff939bf9fdc6c0e20b9bcabb8273f0c206a05e3484389a76bf88912b,b72724e736bf76bef706fb16452d68f4277b3e8f5089dec4b479fe3ab5bf2d74,4.350000000002183,4.0,2.75,0.20000000000000284,0.20000000000000284
2026-09-11,CE,2026-09-11T06:14:00+00:00,2026-09-11T06:12:55.351525+00:00,2026-09-11T06:13:55.354415+00:00,60.00289,NIFTY|2026-09-15|23350|CE,d0ebe886e0ce9c681a2bd131c40ea5193aeee42ec1963cac66a1b2d1339e81b7,13275cc980f686cbd146e73eeb33d20712ee1e01a9eaff5d64f0d61a0429c07a,2.349999999998545,0.19999999999998863,0.3500000000000085,0.30000000000001137,0.29999999999999716
2026-09-11,CE,2026-09-11T06:16:00+00:00,2026-09-11T06:14:55.353376+00:00,2026-09-11T06:15:55.361796+00:00,60.00842,NIFTY|2026-09-15|23350|CE,187c2a22e0569b9ad49dc3ce69949089094a124ec7790d2cedba07830e3f572a,e59f09cfabd1136a3cf7d62a9aebe5c5122c033dcf01e010dd5332f9ef9c8b02,-4.049999999999272,-1.375,-1.5999999999999943,0.15000000000000568,0.30000000000001137
2026-09-11,CE,2026-09-11T06:17:00+00:00,2026-09-11T06:15:55.361796+00:00,2026-09-11T06:16:55.368387+00:00,60.006591,NIFTY|2026-09-15|23350|CE,e59f09cfabd1136a3cf7d62a9aebe5c5122c033dcf01e010dd5332f9ef9c8b02,11be7cd60af62dc2a8e6a82506df47f861da4322e40eda0f5a153d26e5b8cf11,5.349999999998545,2.4000000000000057,2.3999999999999915,0.30000000000001137,0.29999999999999716
2026-09-11,CE,2026-09-11T06:19:00+00:00,2026-09-11T06:17:55.361243+00:00,2026-09-11T06:18:55.361759+00:00,60.000516,NIFTY|2026-09-15|23350|CE,bcad73d1e1a64843a2c7730324932085f03527f5f297b2169ba5a11125fc60dd,f631df31c00162926ac8be6e75e7384a1a951f2673a3c6d68c418f7512569145,-10.149999999997817,-7.375,-6.8999999999999915,0.29999999999999716,0.14999999999999147
2026-09-11,CE,2026-09-11T06:21:00+00:00,2026-09-11T06:19:55.347632+00:00,2026-09-11T06:20:55.366922+00:00,60.01929,NIFTY|2026-09-15|23350|CE,8e0b9c49b164a1620583a27324f1769bb8335e8fcbd7bca9cac86aad76cdeafc,348aca710d5a5374c8193fb047c1a8bd085750a8c190d161a6d191d020e67c78,0.5,1.3999999999999915,1.0999999999999943,0.3500000000000085,0.25
2026-09-11,CE,2026-09-11T06:23:00+00:00,2026-09-11T06:21:55.353613+00:00,2026-09-11T06:22:55.360402+00:00,60.006789,NIFTY|2026-09-15|23350|CE,35f4c02835570384ea1eb54f805c2b4cabb0678ac13483a040331637acc8f873,2ef3bee1de165ff1e6433bc73835d669f3a69ce54519421e6cf81cc86fbdc475,-6.0,-2.2750000000000057,-2.1000000000000085,0.25,0.09999999999999432
2026-09-11,CE,2026-09-11T06:24:00+00:00,2026-09-11T06:22:55.360402+00:00,2026-09-11T06:23:55.373972+00:00,60.01357,NIFTY|2026-09-15|23350|CE,2ef3bee1de165ff1e6433bc73835d669f3a69ce54519421e6cf81cc86fbdc475,4127d0759acd27dfea87edf26988a3a5ff6fa91bc31fc4d04abd9b5d8208f448,-1.5499999999992724,-0.9000000000000057,0.25,0.09999999999999432,0.29999999999999716
2026-09-11,CE,2026-09-11T06:26:00+00:00,2026-09-11T06:24:50.355520+00:00,2026-09-11T06:25:55.352468+00:00,64.996948,NIFTY|2026-09-15|23350|CE,1df492c4431f3f471835f36be0d90eb94a96cf6c22c2a0c6430f69f64acd099c,9d047e85d496081e9991f9846032d866d237ffbbb47d87270cee60e2bcbe4498,2.7999999999992724,-0.8500000000000085,-0.7999999999999972,0.09999999999999432,0.20000000000000284
2026-09-11,CE,2026-09-11T06:27:00+00:00,2026-09-11T06:25:55.352468+00:00,2026-09-11T06:26:55.370915+00:00,60.018447,NIFTY|2026-09-15|23350|CE,9d047e85d496081e9991f9846032d866d237ffbbb47d87270cee60e2bcbe4498,b9f41f2c76b2dc717381dba0cef817e2d966717d2e9aadb046e042dd958b169a,2.850000000002183,3.5250000000000057,3.6499999999999915,0.20000000000000284,0.3499999999999943
2026-09-11,CE,2026-09-11T06:29:00+00:00,2026-09-11T06:27:55.361086+00:00,2026-09-11T06:28:55.361925+00:00,60.000839,NIFTY|2026-09-15|23350|CE,f34dca3f96c6d436d4b32dc983debed9c87572477d8e16d1190756a03e7e2ced,37c45b30a3638dfb46e19ba7bdcd808bb2331013ce77e7ca91b8636d9e924f70,2.5,1.2999999999999972,1.5499999999999972,0.3499999999999943,0.04999999999999716
2026-09-11,CE,2026-09-11T06:31:00+00:00,2026-09-11T06:29:55.358116+00:00,2026-09-11T06:30:55.359522+00:00,60.001406,NIFTY|2026-09-15|23350|CE,a4a225abe52448c09c6bc852771cbfcbc840a311159080371e8c988b33c7deae,021ab5e76f0e46f17e060a27bf0c080d39d8be396fcc65cfab6524bd6b91bea3,0.2000000000007276,0.0,-0.09999999999999432,0.25,0.14999999999999147
2026-09-11,CE,2026-09-11T06:33:00+00:00,2026-09-11T06:31:50.352884+00:00,2026-09-11T06:32:55.347536+00:00,64.994652,NIFTY|2026-09-15|23350|CE,22adc670544910f82aaf2621017729d6386be83f2268f600d526b403903e06fe,7bdbcfad3b56661c4b2479c91801aed4f28bb19153c077006b33784619d25fd9,-0.5500000000029104,0.19999999999998863,-0.05000000000001137,0.25,0.25
2026-09-11,CE,2026-09-11T06:34:00+00:00,2026-09-11T06:32:55.347536+00:00,2026-09-11T06:33:55.348232+00:00,60.000696,NIFTY|2026-09-15|23350|CE,7bdbcfad3b56661c4b2479c91801aed4f28bb19153c077006b33784619d25fd9,ca2388c2963be1f84dd73e3091404bf7475933dc1b8f457cc3526de3868889aa,1.1500000000014552,-1.1999999999999886,-0.5999999999999943,0.25,0.25
2026-09-11,CE,2026-09-11T06:35:00+00:00,2026-09-11T06:33:55.348232+00:00,2026-09-11T06:34:55.354057+00:00,60.005825,NIFTY|2026-09-15|23350|CE,ca2388c2963be1f84dd73e3091404bf7475933dc1b8f457cc3526de3868889aa,109ad7dd70ad848717dd6743d0492ee6d28daee010daab32cca1f90a8fea96b4,1.8499999999985448,0.125,-0.45000000000000284,0.25,0.20000000000000284
2026-09-11,CE,2026-09-11T06:36:00+00:00,2026-09-11T06:34:55.354057+00:00,2026-09-11T06:35:55.581792+00:00,60.227735,NIFTY|2026-09-15|23350|CE,109ad7dd70ad848717dd6743d0492ee6d28daee010daab32cca1f90a8fea96b4,894bffa6acbb4791d5afd9669c82eac6eba2dc464cddb83afa1f54a988dba1d5,0.6500000000014552,1.125,1.3500000000000085,0.20000000000000284,0.25
2026-09-11,CE,2026-09-11T06:38:00+00:00,2026-09-11T06:36:55.348992+00:00,2026-09-11T06:37:55.358982+00:00,60.00999,NIFTY|2026-09-15|23350|CE,0c4997d826b71f0d875b41c09c6a8d2accd62656683daa5993d5e865f1c4de65,28d0ddd871ed7967ee2a2ab9c145cb6524474fc0499b8c8b6d583cdfd62e489e,1.1500000000014552,0.5,0.7000000000000028,0.20000000000000284,0.20000000000000284
2026-09-11,CE,2026-09-11T06:40:00+00:00,2026-09-11T06:38:50.354329+00:00,2026-09-11T06:39:55.349700+00:00,64.995371,NIFTY|2026-09-15|23350|CE,99e6473e573bd9a8c8f3c02c7385b5a8e4b5a7983fdb93eedfde27b7f4e7f7f0,02bff18fab39a452412578e9addb68e40a56366414c09117ec81d96447812def,-1.3500000000021828,0.32499999999998863,0.3999999999999915,0.20000000000000284,0.15000000000000568
2026-09-11,CE,2026-09-11T06:41:00+00:00,2026-09-11T06:39:55.349700+00:00,2026-09-11T06:40:55.391501+00:00,60.041801,NIFTY|2026-09-15|23350|CE,02bff18fab39a452412578e9addb68e40a56366414c09117ec81d96447812def,c42a0d9e21358142a9b3bcec0b427a3713a4c50dcbf1e39fd09aabf1f89ecaac,-6.299999999999272,-5.700000000000003,-6.3999999999999915,0.15000000000000568,0.25
2026-09-11,CE,2026-09-11T06:43:00+00:00,2026-09-11T06:41:55.352338+00:00,2026-09-11T06:42:55.352638+00:00,60.0003,NIFTY|2026-09-15|23350|CE,9af5c7ad952b416c640b559f9e6b883f9dff577c0853726a6a390714b4abb9f6,e5d282aa82778a7734fac4738da96dbce77d86a43bcb41d81c190c29ae28ca99,-9.350000000002183,-3.7250000000000085,-3.8999999999999915,0.25,0.29999999999999716
2026-09-11,CE,2026-09-11T06:44:00+00:00,2026-09-11T06:42:55.352638+00:00,2026-09-11T06:43:55.360882+00:00,60.008244,NIFTY|2026-09-15|23350|CE,e5d282aa82778a7734fac4738da96dbce77d86a43bcb41d81c190c29ae28ca99,68e52321c95bb194f4f78ffc258f15f2ea0318b9dbaa091eb52c3bb149a708cc,-4.649999999997817,-3.25,-3.3000000000000114,0.29999999999999716,0.29999999999999716
2026-09-11,CE,2026-09-11T06:46:00+00:00,2026-09-11T06:44:55.438004+00:00,2026-09-11T06:45:55.816509+00:00,60.378505,NIFTY|2026-09-15|23350|CE,ff11f2c77579fe8a3e12cdf98b41bb470b268362d577af9c1ea7e956053e6538,a92fe06b42e0e99f6977815c7b6985d06c64d8c17d188206cacc988a5e9a4ab8,-3.849999999998545,-3.6000000000000085,-3.049999999999997,0.09999999999999432,0.20000000000000284
2026-09-11,CE,2026-09-11T06:49:00+00:00,2026-09-11T06:47:50.349530+00:00,2026-09-11T06:48:55.346600+00:00,64.99707,NIFTY|2026-09-15|23350|CE,a6febbde53da7f75fef40c97adff8d864db74d25f3dc28d3ac03006f43515b26,1c77561d6e16ae49debe02ccf750dae3851ee5dbec5daf26027027fab21fc8e3,3.850000000002183,2.3249999999999886,2.700000000000003,0.25,0.20000000000000284
2026-09-11,CE,2026-09-11T06:50:00+00:00,2026-09-11T06:48:55.346600+00:00,2026-09-11T06:49:55.359084+00:00,60.012484,NIFTY|2026-09-15|23350|CE,1c77561d6e16ae49debe02ccf750dae3851ee5dbec5daf26027027fab21fc8e3,b744203eadad324356f82350194d11c8361134ca8a917e0f25005b3e2f14bb2e,-0.6500000000014552,-1.25,-1.6000000000000085,0.20000000000000284,0.29999999999999716
2026-09-11,CE,2026-09-11T06:51:00+00:00,2026-09-11T06:49:55.359084+00:00,2026-09-11T06:50:55.359236+00:00,60.000152,NIFTY|2026-09-15|23350|CE,b744203eadad324356f82350194d11c8361134ca8a917e0f25005b3e2f14bb2e,11c77a11b42357eb33d62d22781ab99ae2a603fe54c88904bc275d91f0188774,-6.649999999997817,-1.674999999999983,-1.3499999999999943,0.29999999999999716,0.25
2026-09-11,CE,2026-09-11T06:54:00+00:00,2026-09-11T06:52:55.344011+00:00,2026-09-11T06:53:55.352118+00:00,60.008107,NIFTY|2026-09-15|23350|CE,97291589c3862fa164cd313789bf1a888dcec890d5bca3af0fd3a5c861329449,e9ada0896510e43601005bad85ded49769f8b06cec856683416e90ebd754b4c0,7.399999999997817,3.25,3.0,0.15000000000000568,0.25
2026-09-11,CE,2026-09-11T06:56:00+00:00,2026-09-11T06:54:55.349980+00:00,2026-09-11T06:55:55.912673+00:00,60.562693,NIFTY|2026-09-15|23350|CE,fbd61689730a5806e8ecba7c0a8ffaa77e6abe9f9c8b15cdbf91e01ee22006e3,225d1cb9a4aa2b26241528443cdc5f781e6db8b8774177b804fcbffd5c859e65,-3.7000000000007276,-2.9750000000000085,-2.8000000000000114,0.25,0.20000000000000284
2026-09-11,CE,2026-09-11T06:58:00+00:00,2026-09-11T06:56:55.346860+00:00,2026-09-11T06:57:55.362643+00:00,60.015783,NIFTY|2026-09-15|23350|CE,0bba1be83cae6d47cfa29a01110af9e23e1dc009415e04f6467b74112fb4712d,c254f972c25932a856334f8cf38eeba6da73ec9f8657422ec4023c20fdbbd308,-1.6999999999970896,-1.3499999999999943,-1.0499999999999972,0.25,0.25
2026-09-11,CE,2026-09-11T07:00:00+00:00,2026-09-11T06:58:50.349428+00:00,2026-09-11T06:59:55.347554+00:00,64.998126,NIFTY|2026-09-15|23350|CE,54cec0b77274651fd7cf113846ef9eac156daebdcd72128a9f8f9483acdcc00d,25a238f62171d572d44aa8a5d7ff688cfd09a4fccbf584355eacd22963562f59,0.1500000000014552,-0.5499999999999972,-0.5,0.25,0.15000000000000568
2026-09-11,CE,2026-09-11T07:01:00+00:00,2026-09-11T06:59:55.347554+00:00,2026-09-11T07:00:55.353609+00:00,60.006055,NIFTY|2026-09-15|23350|CE,25a238f62171d572d44aa8a5d7ff688cfd09a4fccbf584355eacd22963562f59,58593ef3fb9b6fb4c3ffa79afd47562faadc6dee03c7faacb6b863559c77c091,2.099999999998545,3.4000000000000057,3.1000000000000085,0.15000000000000568,0.25
2026-09-11,CE,2026-09-11T07:04:00+00:00,2026-09-11T07:02:55.345211+00:00,2026-09-11T07:03:55.345933+00:00,60.000722,NIFTY|2026-09-15|23350|CE,18acb07b5283dd79f4aa41d677352d445fd88b3a188fb4d77fa76d5fe3b50d12,9b10ae05c618fc249b8c0c35dc08da1a471b9136613bad572f098d2d8cf5dba8,-6.100000000002183,-5.500000000000014,-5.25,0.29999999999999716,0.09999999999999432
2026-09-11,CE,2026-09-11T07:06:00+00:00,2026-09-11T07:04:55.343502+00:00,2026-09-11T07:05:55.363560+00:00,60.020058,NIFTY|2026-09-15|23350|CE,7cb61108caeb6726eb15beb1d2e54068100c2435fe93601ad666d12e40fbc9cc,672cc378da1837b12d06440f7ef21605ac9c2a55cf9b598360da35c43aeade3b,2.650000000001455,0.25,0.7999999999999972,0.29999999999999716,0.29999999999999716
2026-09-11,CE,2026-09-11T07:08:00+00:00,2026-09-11T07:06:55.347655+00:00,2026-09-11T07:07:55.356071+00:00,60.008416,NIFTY|2026-09-15|23350|CE,fcdcf3ac19bf9280a7a344a18f289abb635095619389a188ec66de3b233bc5dc,9d9b0949c61901507e4a3e3a6014ea2171c99fcd2454efc7cae15353a189b1e8,6.0,2.75,2.8000000000000114,0.20000000000000284,0.20000000000000284
2026-09-11,CE,2026-09-11T07:09:00+00:00,2026-09-11T07:07:55.356071+00:00,2026-09-11T07:08:55.359520+00:00,60.003449,NIFTY|2026-09-15|23350|CE,9d9b0949c61901507e4a3e3a6014ea2171c99fcd2454efc7cae15353a189b1e8,f5a15df2b494fba0d583ec09c0e3400d8ca7ea43a16024c9cbf6a00525828482,-2.349999999998545,-1.4000000000000057,-1.4000000000000057,0.20000000000000284,0.29999999999999716
2026-09-11,CE,2026-09-11T07:10:00+00:00,2026-09-11T07:08:55.359520+00:00,2026-09-11T07:09:55.360848+00:00,60.001328,NIFTY|2026-09-15|23350|CE,f5a15df2b494fba0d583ec09c0e3400d8ca7ea43a16024c9cbf6a00525828482,fb5557fe1187449d1340a97749f28bcb407aaeb084bcffca62a0e0280cce685e,-1.0500000000029104,-0.17499999999998295,-0.15000000000000568,0.29999999999999716,0.14999999999999147
2026-09-11,CE,2026-09-11T07:12:00+00:00,2026-09-11T07:10:55.351352+00:00,2026-09-11T07:11:55.372905+00:00,60.021553,NIFTY|2026-09-15|23350|CE,ed880f51a51925993c684858bfe607bdf43d1c437d4ce3cd77ef2003bdda9a8f,22392e66bcb9180199da51a2898975f110c8b68c2e2036d6d53d398edb8d492d,6.049999999999272,4.25,4.300000000000011,0.04999999999999716,0.25
2026-09-11,CE,2026-09-11T07:14:00+00:00,2026-09-11T07:12:50.359478+00:00,2026-09-11T07:13:55.349734+00:00,64.990256,NIFTY|2026-09-15|23350|CE,e916e321b0855a440e9aad395b614f139b754772d4b7d710f139af0e85bca1d5,7e84fda9183d49adcf2413a8c18c3e016dfaac68f0536fb045feb3b5ac5b285d,-2.150000000001455,-2.4250000000000114,-2.1500000000000057,0.29999999999999716,0.25
2026-09-11,CE,2026-09-11T07:15:00+00:00,2026-09-11T07:13:55.349734+00:00,2026-09-11T07:14:55.386931+00:00,60.037197,NIFTY|2026-09-15|23350|CE,7e84fda9183d49adcf2413a8c18c3e016dfaac68f0536fb045feb3b5ac5b285d,4049072dda151324343760fb3a7d80cfde3b268e6c5760ef53e360ba8071a1b8,-4.450000000000728,-4.375,-4.099999999999994,0.25,0.29999999999999716
2026-09-11,CE,2026-09-11T07:17:00+00:00,2026-09-11T07:15:55.339658+00:00,2026-09-11T07:16:55.350831+00:00,60.011173,NIFTY|2026-09-15|23350|CE,9c2dfd40fabc990217ede854158307d7d34d563fc77fb635e4ab45840576cc34,9ade9ade6b8509e73a789550bb9c2b80e35403ecd6380e76722e4b3c93433cef,-5.19999999999709,-2.625,-2.6499999999999915,0.19999999999998863,0.25
2026-09-11,CE,2026-09-11T07:18:00+00:00,2026-09-11T07:16:55.350831+00:00,2026-09-11T07:17:55.355155+00:00,60.004324,NIFTY|2026-09-15|23350|CE,9ade9ade6b8509e73a789550bb9c2b80e35403ecd6380e76722e4b3c93433cef,b483557f571eeac1e41dc28635733e952db208007939d9bef75aedfdd5cfd737,-0.10000000000218279,-0.5,-0.29999999999999716,0.25,0.25
2026-09-11,CE,2026-09-11T07:19:00+00:00,2026-09-11T07:17:55.355155+00:00,2026-09-11T07:18:55.355811+00:00,60.000656,NIFTY|2026-09-15|23350|CE,b483557f571eeac1e41dc28635733e952db208007939d9bef75aedfdd5cfd737,d91e0486b9d6d0c7f0f99699440a290a14b4390bc3964c9a972c08d54c92e6b8,-0.4500000000007276,1.5499999999999972,1.1499999999999915,0.25,0.25
2026-09-11,CE,2026-09-11T07:21:00+00:00,2026-09-11T07:19:55.350136+00:00,2026-09-11T07:20:55.352661+00:00,60.002525,NIFTY|2026-09-15|23350|CE,9b3682c86dfc94e8bec32ec9d4340ffdc45f058cc616d201278753e784300fba,4e853649d8eceac43a2be63cdc3ec7569ad39934dc3436cba6ef80bfd6c7257a,-2.399999999997817,-2.325000000000003,-1.9000000000000057,0.25,0.30000000000001137
2026-09-11,CE,2026-09-11T07:22:00+00:00,2026-09-11T07:20:55.352661+00:00,2026-09-11T07:21:55.354572+00:00,60.001911,NIFTY|2026-09-15|23350|CE,4e853649d8eceac43a2be63cdc3ec7569ad39934dc3436cba6ef80bfd6c7257a,d80754f7a42dcf01dba711f340db3665271a0295787df22e6b6ba289e9325b0b,-3.150000000001455,-2.9749999999999943,-3.1499999999999915,0.30000000000001137,0.04999999999999716
2026-09-11,CE,2026-09-11T07:23:00+00:00,2026-09-11T07:21:55.354572+00:00,2026-09-11T07:22:55.355548+00:00,60.000976,NIFTY|2026-09-15|23350|CE,d80754f7a42dcf01dba711f340db3665271a0295787df22e6b6ba289e9325b0b,0e8f13eaf91740a868a2ae1108dc484df25a8be3ac63c7de66de5958b00a0b26,6.099999999998545,5.099999999999994,5.349999999999994,0.04999999999999716,0.25
2026-09-11,CE,2026-09-11T07:24:00+00:00,2026-09-11T07:22:55.355548+00:00,2026-09-11T07:23:55.389856+00:00,60.034308,NIFTY|2026-09-15|23350|CE,0e8f13eaf91740a868a2ae1108dc484df25a8be3ac63c7de66de5958b00a0b26,94d068a4c1f0d5f67f5aed3025533158b89300d333bbba4895ce4dd77a348391,2.2000000000007276,2.5,2.4000000000000057,0.25,0.25
2026-09-11,CE,2026-09-11T07:27:00+00:00,2026-09-11T07:25:55.351863+00:00,2026-09-11T07:26:55.353543+00:00,60.00168,NIFTY|2026-09-15|23350|CE,600cfe1dd7836cf697d6fb7aa4962ccf12c679e045e859c9327b25d040c1a040,8e0e4c0e1ac8c896e46d3d30c94b26cf9b4d7c7ac83b59b38ba561d1f6907e89,-1.1500000000014552,-0.5999999999999943,-0.7999999999999972,0.29999999999999716,0.19999999999998863
2026-09-11,CE,2026-09-11T07:29:00+00:00,2026-09-11T07:27:50.350526+00:00,2026-09-11T07:28:55.344883+00:00,64.994357,NIFTY|2026-09-15|23350|CE,6f4f9b80155ae203abf4c37864da242d03b0841e00a84683d8a6097537cb0737,39a0f16e63b7657566c8d6ef89dbac5c93c07e3d0c6b52e2d973c7c8a19d3b89,6.0,4.949999999999989,4.5,0.20000000000000284,0.29999999999999716
2026-09-11,CE,2026-09-11T07:31:00+00:00,2026-09-11T07:29:55.343854+00:00,2026-09-11T07:30:55.365131+00:00,60.021277,NIFTY|2026-09-15|23350|CE,7dd6597b76373212dca44d2724b2063a008376217b2f78c4f8883428e84df5e0,c6b0dd8c799b1f43cfea4e0c356d8e31607f1924bec3ad50920ce252d51d74e9,-6.200000000000728,-3.8499999999999943,-3.6499999999999915,0.25,0.25
2026-09-11,CE,2026-09-11T07:33:00+00:00,2026-09-11T07:31:55.345444+00:00,2026-09-11T07:32:55.352966+00:00,60.007522,NIFTY|2026-09-15|23350|CE,2c26217497218156c80ab977e8d26cb21307322b14a15098d988aeeab822fa57,dc6233827c5c3b6ed8914f97c4155730379c5be6848a1f72658f3abeb07c9365,-1.3500000000021828,-0.2750000000000057,0.0,0.25,0.20000000000000284
2026-09-11,CE,2026-09-11T07:35:00+00:00,2026-09-11T07:33:55.344494+00:00,2026-09-11T07:34:55.351840+00:00,60.007346,NIFTY|2026-09-15|23350|CE,1aeb529927dadb0a91878aaf3831d187b5d74ace2632eae60e0ccb42a479137d,dc94bcd14d1c328a18cc03aba9a70de1f8d3ea33c0b5ed25653cca42e9395c19,-3.400000000001455,-4.400000000000006,-3.6500000000000057,0.25,0.25
2026-09-11,CE,2026-09-11T07:38:00+00:00,2026-09-11T07:36:55.350452+00:00,2026-09-11T07:37:55.350658+00:00,60.000206,NIFTY|2026-09-15|23350|CE,5c5f5e67207d92e1bae5989b28ddb6195ae74dbf8b00381890c90b89b45c9c7d,39e1a3113fd7a5557dc23b94513fdd4fbf883d47a7bf57319430930cb1251f03,6.80000000000291,1.8249999999999886,2.6000000000000085,0.20000000000000284,0.25
2026-09-11,CE,2026-09-11T07:39:00+00:00,2026-09-11T07:37:55.350658+00:00,2026-09-11T07:38:55.371867+00:00,60.021209,NIFTY|2026-09-15|23350|CE,39e1a3113fd7a5557dc23b94513fdd4fbf883d47a7bf57319430930cb1251f03,179127e441474f04e44f2590e906fe35ccd90238b4deef998b6a0fe971090eef,0.09999999999854481,-0.8499999999999943,-1.2000000000000028,0.25,0.25
2026-09-11,CE,2026-09-11T07:41:00+00:00,2026-09-11T07:39:50.352837+00:00,2026-09-11T07:40:55.349810+00:00,64.996973,NIFTY|2026-09-15|23350|CE,8ce32be15cbbe281a193ac580dfce0a5f704aff395b12f13792d66b86c7ccb52,baab93afd3a97e5f39b06ab03c7e674ad42cd10bef87ff0e0e2956ce25d45c2a,-1.0499999999992724,0.4749999999999943,0.15000000000000568,0.19999999999998863,0.25
2026-09-11,CE,2026-09-11T07:44:00+00:00,2026-09-11T07:42:55.355302+00:00,2026-09-11T07:43:55.370915+00:00,60.015613,NIFTY|2026-09-15|23350|CE,bbff5e476aeb83cb51b60e32a1780860a0b1cf2024ce0a7f2b40378f43b93185,a146ac71b06069b2998287353fbc19a6b9ad710d0718853c40bdfb1433fd99df,4.349999999998545,0.9250000000000114,1.0499999999999972,0.20000000000000284,0.25
2026-09-11,CE,2026-09-11T07:46:00+00:00,2026-09-11T07:44:50.347557+00:00,2026-09-11T07:45:55.346290+00:00,64.998733,NIFTY|2026-09-15|23350|CE,52bbb25bc2324449b65be14cc8adcfab3d6d4a5acc29fbf73a0f7e983cb46679,b7fc1e667e81956199dbfed5a5084ea810cf75dcad6512b3d0f52a0646dbc240,-2.599999999998545,-1.5250000000000057,-1.25,0.19999999999998863,0.25
2026-09-11,CE,2026-09-11T07:47:00+00:00,2026-09-11T07:45:55.346290+00:00,2026-09-11T07:46:55.348168+00:00,60.001878,NIFTY|2026-09-15|23350|CE,b7fc1e667e81956199dbfed5a5084ea810cf75dcad6512b3d0f52a0646dbc240,0cfb309163dfc0ca0379d861ade98db3457e2e1a1e45a4c8726aa68d1e0fef44,2.399999999997817,1.0,0.9499999999999886,0.25,0.25
2026-09-11,CE,2026-09-11T07:48:00+00:00,2026-09-11T07:46:55.348168+00:00,2026-09-11T07:47:55.357610+00:00,60.009442,NIFTY|2026-09-15|23350|CE,0cfb309163dfc0ca0379d861ade98db3457e2e1a1e45a4c8726aa68d1e0fef44,bfe8807c33d5fbc241ea343deb54cfe3f1d8b87f8b2da235e67e2e2339c22ccb,-0.09999999999854481,-0.25,-0.09999999999999432,0.25,0.14999999999999147
2026-09-11,CE,2026-09-11T07:50:00+00:00,2026-09-11T07:48:50.345890+00:00,2026-09-11T07:49:55.342961+00:00,64.997071,NIFTY|2026-09-15|23350|CE,fb3098f6bf7211b135e45159e31bc7fb66e7474db6487246bef35e5e73b1799b,c1e503510194b5266832e790e671ec44287b7e4bbb77e9c8d0a22abafa025b45,-4.650000000001455,-1.4500000000000028,-1.5999999999999943,0.25,0.25
2026-09-11,CE,2026-09-11T07:51:00+00:00,2026-09-11T07:49:55.342961+00:00,2026-09-11T07:50:55.351145+00:00,60.008184,NIFTY|2026-09-15|23350|CE,c1e503510194b5266832e790e671ec44287b7e4bbb77e9c8d0a22abafa025b45,4c3717af99d8d0a250172c2dd06148d2c4e650b291bb165b159a3e5de9003be1,-1.3999999999978172,-1.0249999999999915,-1.0,0.25,0.20000000000000284
2026-09-11,CE,2026-09-11T07:52:00+00:00,2026-09-11T07:50:55.351145+00:00,2026-09-11T07:51:55.353589+00:00,60.002444,NIFTY|2026-09-15|23350|CE,4c3717af99d8d0a250172c2dd06148d2c4e650b291bb165b159a3e5de9003be1,b750fac8ecd3854b6ba7773eaba9a6e3593806a6776b309aa49ad5d96ea3b491,5.0,2.374999999999986,2.5999999999999943,0.20000000000000284,0.25
2026-09-11,CE,2026-09-11T07:54:00+00:00,2026-09-11T07:52:50.349061+00:00,2026-09-11T07:53:55.347099+00:00,64.998038,NIFTY|2026-09-15|23350|CE,15749d40391b3d0e3fdb990629559503d5ab446d957639a2310dd80735eb00cd,013af8f7304da78189f5eb172a00126769ac124389941c957fef9fec5e386747,2.599999999998545,0.8250000000000028,1.1500000000000057,0.09999999999999432,0.25
2026-09-11,CE,2026-09-11T07:56:00+00:00,2026-09-11T07:54:50.344906+00:00,2026-09-11T07:55:55.342004+00:00,64.997098,NIFTY|2026-09-15|23350|CE,f59fd7649d4fcf0b6be9909487ad4d0329b4f9448cebf8467a9829160a57fdb3,869f6b692b0648d539463309d1e29c014eb19443e2cb95e0c38a3edc82e5e2d4,-1.0999999999985448,-0.75,-0.45000000000000284,0.15000000000000568,0.15000000000000568
2026-09-11,CE,2026-09-11T07:57:00+00:00,2026-09-11T07:55:55.342004+00:00,2026-09-11T07:56:55.356299+00:00,60.014295,NIFTY|2026-09-15|23350|CE,869f6b692b0648d539463309d1e29c014eb19443e2cb95e0c38a3edc82e5e2d4,c847dbd0c230b9f5c6a107226457e45b10ecd3e882c84ec6e885fb8e35e6bcc0,3.7999999999992724,0.5750000000000028,0.04999999999999716,0.15000000000000568,0.29999999999999716
2026-09-11,CE,2026-09-11T07:59:00+00:00,2026-09-11T07:57:55.344700+00:00,2026-09-11T07:58:55.349803+00:00,60.005103,NIFTY|2026-09-15|23350|CE,ed62fe6064a942846714a649560ff86545fad731cdf5cbafd6a7474b6039bef7,79384146d5dc69f3d99aed92c743ed30f31ca5044813570422d19eee0b2e09a7,-2.5500000000029104,-0.4749999999999943,-0.10000000000000853,0.25,0.30000000000001137
2026-09-11,CE,2026-09-11T08:00:00+00:00,2026-09-11T07:58:55.349803+00:00,2026-09-11T07:59:55.356908+00:00,60.007105,NIFTY|2026-09-15|23350|CE,79384146d5dc69f3d99aed92c743ed30f31ca5044813570422d19eee0b2e09a7,194099736211949d425d86be1accec1a9b8a02aeee2d5e3e0068b9412805223f,6.600000000002183,3.5749999999999886,3.450000000000003,0.30000000000001137,0.04999999999999716
2026-09-11,CE,2026-09-11T08:02:00+00:00,2026-09-11T08:00:55.346605+00:00,2026-09-11T08:01:55.362472+00:00,60.015867,NIFTY|2026-09-15|23350|CE,0e1ed8519889f7d2e770f61e0a5a426bbcd56b44f72b8320cd2dc1157af7c91a,648502581892bd9f702a44e166553eb6ed8a682bedc796fe645e628e5f109295,-0.25,-0.42499999999999716,-0.9000000000000057,0.29999999999999716,0.25
2026-09-11,CE,2026-09-11T08:04:00+00:00,2026-09-11T08:02:55.344466+00:00,2026-09-11T08:03:55.346600+00:00,60.002134,NIFTY|2026-09-15|23350|CE,899845af83a8ea5bc64772f304cd037ce348e4ce302b6e2d22974441a97dc7b2,ac78673554d4c29a1500f579523964d9f2f24fb4dc77e353ca8766ce94e017e1,-3.5499999999992724,-5.349999999999994,-5.950000000000003,0.25,0.25
2026-09-11,CE,2026-09-11T08:05:00+00:00,2026-09-11T08:03:55.346600+00:00,2026-09-11T08:04:55.358392+00:00,60.011792,NIFTY|2026-09-15|23350|CE,ac78673554d4c29a1500f579523964d9f2f24fb4dc77e353ca8766ce94e017e1,e438536a6a8e00757cfe0e9574fbb24ba5b453dd6131fc8c292b0d6c086bd15e,-6.049999999999272,-1.0250000000000057,-1.5,0.25,0.10000000000000853
2026-09-11,CE,2026-09-11T08:07:00+00:00,2026-09-11T08:05:55.345903+00:00,2026-09-11T08:06:55.357648+00:00,60.011745,NIFTY|2026-09-15|23350|CE,7d114e66415844763f28ada1c1681dd0a6bfde70eb5194911573ebc56de567b3,caf7953a6ed6df6a87e7e91b55e21d35f671c027f0cc53a19c1f906b7206d5b3,-3.2000000000007276,-1.4250000000000114,-1.1500000000000057,0.25,0.29999999999999716
2026-09-11,CE,2026-09-11T08:09:00+00:00,2026-09-11T08:07:55.347915+00:00,2026-09-11T08:08:55.349133+00:00,60.001218,NIFTY|2026-09-15|23350|CE,23874c43ab883323d6f39d2afcfea0a416fbb066bcabaf2cb7e8bbbd8151286d,ef60fa741cc8e256db9197364062b375d01d4b50ce6d8abcd2548be78077c732,5.0,0.75,0.7999999999999972,0.25,0.14999999999999147
2026-09-11,CE,2026-09-11T08:10:00+00:00,2026-09-11T08:08:55.349133+00:00,2026-09-11T08:09:55.350890+00:00,60.001757,NIFTY|2026-09-15|23350|CE,ef60fa741cc8e256db9197364062b375d01d4b50ce6d8abcd2548be78077c732,82b1501708291ddb6902cc0e744d0b6915f322194a0f4b75aff2065ee7523879,-5.350000000002183,-3.0250000000000057,-3.25,0.14999999999999147,0.19999999999998863
2026-09-11,CE,2026-09-11T08:11:00+00:00,2026-09-11T08:09:55.350890+00:00,2026-09-11T08:10:55.351870+00:00,60.00098,NIFTY|2026-09-15|23350|CE,82b1501708291ddb6902cc0e744d0b6915f322194a0f4b75aff2065ee7523879,1a52d5056c38f734c2ae101de0d4c29aa0f8957bd0f648ca29cb5d1d9a87af33,8.25,3.9749999999999943,3.8999999999999915,0.19999999999998863,0.25
2026-09-11,CE,2026-09-11T08:14:00+00:00,2026-09-11T08:12:50.347440+00:00,2026-09-11T08:13:55.345583+00:00,64.998143,NIFTY|2026-09-15|23350|CE,dfe370f3ba1f18f60631b5fea68f68e0449b011cabef34b25bbbc522326d0cad,2fdd4fedd8dd4b19faacfe090dfd3b511cd2918f1c6e87d674402e4b5f2823dc,2.75,3.5,3.450000000000003,0.25,0.14999999999999147
2026-09-11,CE,2026-09-11T08:18:00+00:00,2026-09-11T08:16:55.342650+00:00,2026-09-11T08:17:55.350901+00:00,60.008251,NIFTY|2026-09-15|23350|CE,51627f4401cead36e6d81627349ac54d9edbd50ac83bf1aeff2f9ef2347461bd,fe9a1dc9e4bcaf7fd4c363367019568aa00e8ebf0d54aecc9c36f67def057988,8.200000000000728,3.1999999999999886,3.799999999999997,0.20000000000000284,0.10000000000000853
2026-09-11,CE,2026-09-11T08:19:00+00:00,2026-09-11T08:17:55.350901+00:00,2026-09-11T08:18:55.352275+00:00,60.001374,NIFTY|2026-09-15|23350|CE,fe9a1dc9e4bcaf7fd4c363367019568aa00e8ebf0d54aecc9c36f67def057988,b61d23c449087d955f3590b4b99dc69cc52a4e72c6d77b04193fa157c5b46b5b,-1.6000000000021828,-2.2749999999999915,-2.049999999999997,0.10000000000000853,0.15000000000000568
2026-09-11,CE,2026-09-11T08:20:00+00:00,2026-09-11T08:18:55.352275+00:00,2026-09-11T08:19:55.355206+00:00,60.002931,NIFTY|2026-09-15|23350|CE,b61d23c449087d955f3590b4b99dc69cc52a4e72c6d77b04193fa157c5b46b5b,4c4f4c0dc0949dcfacaa527d8fb14c674cedb95686c5d9019de69565e2b25cae,3.600000000002183,2.2749999999999915,2.200000000000003,0.15000000000000568,0.29999999999999716
2026-09-11,CE,2026-09-11T08:22:00+00:00,2026-09-11T08:20:50.351098+00:00,2026-09-11T08:21:55.344517+00:00,64.993419,NIFTY|2026-09-15|23350|CE,576dca976329b0642288575d50f06f9fab50ee3b78743cf926a63518677fd57e,31030049e222bf8c62de637e9ac8ce9fcc865c5054918b37d96b530ba04dce44,11.700000000000728,3.674999999999997,3.6999999999999886,0.19999999999998863,0.25
2026-09-11,CE,2026-09-11T08:23:00+00:00,2026-09-11T08:21:55.344517+00:00,2026-09-11T08:22:55.353948+00:00,60.009431,NIFTY|2026-09-15|23350|CE,31030049e222bf8c62de637e9ac8ce9fcc865c5054918b37d96b530ba04dce44,1f75ce5e55ec4095329e1cc9390a2a0f2762d941f1c834dbab11cde78377c4b0,-8.900000000001455,-2.700000000000003,-0.5,0.25,0.25
2026-09-11,CE,2026-09-11T08:28:00+00:00,2026-09-11T08:26:55.348732+00:00,2026-09-11T08:27:55.356243+00:00,60.007511,NIFTY|2026-09-15|23400|CE,df3f865aa20a0d65a2983e1652cd3f724fd637d6a362ddb91be42edaf1ce14a7,2c9eedc3b41249bb7a21b19d9d6b381d53831a9558cf1a2ced230d801adb87c7,6.5,3.575000000000003,3.799999999999997,0.25,0.19999999999998863
2026-09-11,CE,2026-09-11T08:30:00+00:00,2026-09-11T08:28:55.350656+00:00,2026-09-11T08:29:55.366948+00:00,60.016292,NIFTY|2026-09-15|23400|CE,a7ff77bccf5fc63921fb31a6d1be08eec5f22072bcb214f32e766995463917ac,d174b4d6be08a9e9ab221a78d4287cfc27ec63046272ac086a72adaa0e6e27b4,5.450000000000728,2.924999999999997,2.6500000000000057,0.30000000000001137,0.25
2026-09-11,CE,2026-09-11T08:32:00+00:00,2026-09-11T08:30:55.347284+00:00,2026-09-11T08:31:55.360948+00:00,60.013664,NIFTY|2026-09-15|23400|CE,f49dccdf7a640645ce650510731df01b041f7b27ca31db48add1d839308ef4b4,22c1b6d299bdad01ca9f36fa39b9f971916dda444b7515b9c2e18b9d4d1e550d,-5.950000000000728,-0.22500000000000853,0.10000000000000853,0.29999999999999716,0.25
2026-09-11,CE,2026-09-11T08:34:00+00:00,2026-09-11T08:32:50.374550+00:00,2026-09-11T08:33:55.351632+00:00,64.977082,NIFTY|2026-09-15|23450|CE,b3a64a4ed4f79a37a5a25508ebcabce7319c2ed6be6d292757e0df4f924575a0,f32dfafe92426c3289ffae4e4d111bfdbf6f8d15ce49ee1580005d87059d4387,1.2000000000007276,-0.7750000000000057,3.700000000000003,0.3499999999999943,0.29999999999999716
2026-09-11,CE,2026-09-11T08:35:00+00:00,2026-09-11T08:33:55.351632+00:00,2026-09-11T08:34:55.358555+00:00,60.006923,NIFTY|2026-09-15|23450|CE,f32dfafe92426c3289ffae4e4d111bfdbf6f8d15ce49ee1580005d87059d4387,13f87c07f8c489d04f4e36cb98708d9981e838c92263f6fb57ebb774564b3791,1.7999999999992724,1.700000000000017,2.0,0.29999999999999716,0.29999999999999716
2026-09-11,CE,2026-09-11T08:38:00+00:00,2026-09-11T08:36:55.351317+00:00,2026-09-11T08:37:55.353737+00:00,60.00242,NIFTY|2026-09-15|23400|CE,62776a2d6c2159b5fc925c59a80c6bcb9f60beb6ad8fd90e62ab909125842b38,88a13a41c9625820fe960cf049cf041f3e9063392214b0fb84df677a877f5d0a,-6.149999999997817,-4.724999999999994,-4.799999999999983,0.25,0.30000000000001137
2026-09-11,CE,2026-09-11T08:39:00+00:00,2026-09-11T08:37:55.353737+00:00,2026-09-11T08:38:55.496002+00:00,60.142265,NIFTY|2026-09-15|23400|CE,88a13a41c9625820fe960cf049cf041f3e9063392214b0fb84df677a877f5d0a,ddbc9991554924b0d16093af8b26a9421d3db6b94686be470f4bb0435034b37b,-5.799999999999272,-5.900000000000006,-6.150000000000006,0.30000000000001137,0.29999999999999716
2026-09-11,CE,2026-09-11T08:42:00+00:00,2026-09-11T08:40:55.359018+00:00,2026-09-11T08:41:55.359640+00:00,60.000622,NIFTY|2026-09-15|23400|CE,fc465e820b2791be09775c741fa3cd8976420b599affe1468cc7faaf2ae97cc9,81b9a7a4223fa64833fd55493c50c8546ac272b626e67b47597436c99515891d,3.849999999998545,3.2250000000000227,2.6000000000000085,0.04999999999999716,0.09999999999999432
2026-09-11,CE,2026-09-11T08:44:00+00:00,2026-09-11T08:42:50.349976+00:00,2026-09-11T08:43:55.345492+00:00,64.995516,NIFTY|2026-09-15|23400|CE,e1f8e14d697f9f9f4baf4459b679d4d2f86ff4f1e097364418a6f7f289d5fe92,1f1ecba7255c65c737bc5a778c267ff420011a3f77c4c9ea4471e030d95c11e4,-0.7999999999992724,-3.3499999999999943,-2.75,0.25,0.3499999999999943
2026-09-11,CE,2026-09-11T08:45:00+00:00,2026-09-11T08:43:55.345492+00:00,2026-09-11T08:44:55.366354+00:00,60.020862,NIFTY|2026-09-15|23400|CE,1f1ecba7255c65c737bc5a778c267ff420011a3f77c4c9ea4471e030d95c11e4,b026de57124393d6326cbfb0c8b4bfee7a6e4dfcac9fe68752b81758e701229f,0.6499999999978172,1.75,1.3999999999999915,0.3499999999999943,0.25
2026-09-11,CE,2026-09-11T08:47:00+00:00,2026-09-11T08:45:55.352629+00:00,2026-09-11T08:46:55.379351+00:00,60.026722,NIFTY|2026-09-15|23400|CE,10d6a4110cbbbcbede4cf6a60d02d90779c8ecb13ffce3778414f241e0f2a124,37623fb479844ee1f3eac2d8d6edacbbe294ee1296c1f70f7bc790ed3ec8fa6f,-4.75,-0.5499999999999972,-1.3499999999999943,0.3499999999999943,0.25
2026-09-11,CE,2026-09-11T08:49:00+00:00,2026-09-11T08:47:55.350891+00:00,2026-09-11T08:48:55.358598+00:00,60.007707,NIFTY|2026-09-15|23400|CE,5ba572d366a29b561e96dd790783651646bd85d6f7ba165ce977ccd7e9b56626,dcb4d6b1f729c1d9c8ab3e9739136e843e566ea4d9f73d136f563df657eb7897,-1.5,-1.8249999999999886,-2.0999999999999943,0.25,0.20000000000000284
2026-09-11,CE,2026-09-11T08:51:00+00:00,2026-09-11T08:49:50.352420+00:00,2026-09-11T08:50:55.340848+00:00,64.988428,NIFTY|2026-09-15|23400|CE,434ce4e4bf3253df33b1103bee50a744e37de988c1fcd527d59cb4f2d315b607,a5cb9c67f852e6e5745e05011f7f501fbaecc50133ab7ecfb1f9c563346c5d42,-3.7000000000007276,0.32500000000000284,-0.10000000000000853,0.3499999999999943,0.20000000000000284
2026-09-11,CE,2026-09-11T08:52:00+00:00,2026-09-11T08:50:55.340848+00:00,2026-09-11T08:51:55.353116+00:00,60.012268,NIFTY|2026-09-15|23400|CE,a5cb9c67f852e6e5745e05011f7f501fbaecc50133ab7ecfb1f9c563346c5d42,f8112fc28a4a3ec21b3b24757195965b62a122995f48b43e584ae8115a1868c2,4.549999999999272,3.3999999999999915,3.1500000000000057,0.20000000000000284,0.09999999999999432
2026-09-11,CE,2026-09-11T08:53:00+00:00,2026-09-11T08:51:55.353116+00:00,2026-09-11T08:52:55.361372+00:00,60.008256,NIFTY|2026-09-15|23400|CE,f8112fc28a4a3ec21b3b24757195965b62a122995f48b43e584ae8115a1868c2,7be3cfc87fe7a4be0b225c951ffe8904ee00d41b551d9cca4b016208293e4891,2.0499999999992724,-0.7499999999999858,-0.5,0.09999999999999432,0.29999999999999716
2026-09-11,CE,2026-09-11T08:55:00+00:00,2026-09-11T08:53:55.343751+00:00,2026-09-11T08:54:55.346975+00:00,60.003224,NIFTY|2026-09-15|23400|CE,2812f3b40b0d5d4ebfdd362cb0746c6e355b7b89b2f7ce3edeac566cdae2f830,3d9cf3df13a6420d648a0acfb041e8caf751eec02cb6a590ce7b161c24beccea,7.25,4.450000000000003,4.550000000000011,0.25,0.25
2026-09-11,CE,2026-09-11T08:56:00+00:00,2026-09-11T08:54:55.346975+00:00,2026-09-11T08:55:55.352316+00:00,60.005341,NIFTY|2026-09-15|23400|CE,3d9cf3df13a6420d648a0acfb041e8caf751eec02cb6a590ce7b161c24beccea,65c1ecaa7abfa335747cc61011b4970da91d0a0906ea82ba75c676eac5aed259,0.4000000000014552,-1.6750000000000114,-1.9500000000000028,0.25,0.29999999999999716
2026-09-11,CE,2026-09-11T08:58:00+00:00,2026-09-11T08:56:55.350203+00:00,2026-09-11T08:57:55.357149+00:00,60.006946,NIFTY|2026-09-15|23400|CE,6752cce59591ebad837cf766f05fb55d798b3eb70c011fefd30ecad6413ab20f,d3f911e390201fc3fc51ee01cd4a3575cd50d2df88dd7cfaae1118834520ea41,-2.649999999997817,-2.1750000000000114,-1.5,0.30000000000001137,0.14999999999999147
2026-09-11,CE,2026-09-11T09:02:00+00:00,2026-09-11T09:00:50.356926+00:00,2026-09-11T09:01:55.333279+00:00,64.976353,NIFTY|2026-09-15|23450|CE,bee8cb2453779e984503a7d6e023a8547a9a98e18460a801dfeede000bd82d94,7152c421e66f01886cf272d767640adaf75a1601f2a7dda01360d4dd5a7e4b5b,8.099999999998545,2.450000000000017,1.7000000000000028,0.29999999999999716,0.29999999999999716
2026-09-11,CE,2026-09-11T09:05:00+00:00,2026-09-11T09:03:55.353514+00:00,2026-09-11T09:04:55.355072+00:00,60.001558,NIFTY|2026-09-15|23400|CE,c634c6d6a0614a84d2b8c71d880159a95974730f31cfab3c9405a37ec28166b1,3227837ad1c1f489102cca27c511cc28774f936d4db674cd4757c230dc5a2ec6,1.1000000000021828,0.05000000000001137,0.20000000000001705,0.29999999999998295,0.09999999999999432
2026-09-11,CE,2026-09-11T09:07:00+00:00,2026-09-11T09:05:55.354477+00:00,2026-09-11T09:06:55.370128+00:00,60.015651,NIFTY|2026-09-15|23450|CE,f977cfcd95a7d933308541f28d5da70e7114da574723cb97af07bca74a5b4852,522291acffec64d96018bb0676776e9b9b8f83f98190cd9d042969a725f2cd28,-3.2999999999992724,-0.19999999999998863,-0.75,0.29999999999999716,0.30000000000001137
2026-09-11,CE,2026-09-11T09:13:00+00:00,2026-09-11T09:11:55.354695+00:00,2026-09-11T09:12:55.392849+00:00,60.038154,NIFTY|2026-09-15|23450|CE,157c6fc95875662fb6e7770ab522d17b8976054e746b2d1c11a999adadcce07c,d2655f5faf74fc04266efa605836ee5b9ba6f5fb339e517f9eb477a8da3a3fe9,6.0,2.5,2.3499999999999943,0.20000000000000284,0.20000000000000284
2026-09-11,CE,2026-09-11T09:15:00+00:00,2026-09-11T09:13:55.352251+00:00,2026-09-11T09:14:55.364144+00:00,60.011893,NIFTY|2026-09-15|23450|CE,5e027803adb7e33b6addd8b95b38e1341d54f93fde54a0e4d44f8fde760336ea,bc6c7bc53b2740644ea60ae0006903885c3c3f1ce1821d39a41f621b2fb47541,0.3499999999985448,0.30000000000001137,-0.10000000000000853,0.29999999999999716,0.20000000000000284
2026-09-11,CE,2026-09-11T09:31:00+00:00,2026-09-11T09:29:55.370439+00:00,2026-09-11T09:30:55.451466+00:00,60.081027,NIFTY|2026-09-15|23400|CE,9f1aff738ddb2cd315ddef95198dab7e48ef6bef64f7b1b7409bfd4920201db1,586553cf19100ec5c74b2e73e989eb3081cdd7b81857ca1413b40ce1dfff96c8,-5.899999999997817,-1.1500000000000057,-1.0000000000000142,0.30000000000001137,0.29999999999998295
2026-09-11,CE,2026-09-11T09:33:00+00:00,2026-09-11T09:31:55.365368+00:00,2026-09-11T09:32:55.387806+00:00,60.022438,NIFTY|2026-09-15|23400|CE,dad4e34411b02b29b436fdce42c583cfc2b1c0d62b812141a42f662fc5907c5e,3a3ee272109b81a1415d0343b0eaeee30948155aa86ac0e66765a045ed434660,3.850000000002183,3.5,3.5,0.3500000000000085,0.3500000000000085
2026-09-11,CE,2026-09-11T09:34:00+00:00,2026-09-11T09:32:55.387806+00:00,2026-09-11T09:33:55.394275+00:00,60.006469,NIFTY|2026-09-15|23400|CE,3a3ee272109b81a1415d0343b0eaeee30948155aa86ac0e66765a045ed434660,ff58eab3adc50426a9622ed1ebd6a08a99b9c5ed1bb0843af2cc25195857a3c8,-4.25,-2.0749999999999886,-2.0,0.3500000000000085,0.29999999999999716
2026-09-11,CE,2026-09-11T09:35:00+00:00,2026-09-11T09:33:55.394275+00:00,2026-09-11T09:34:55.461616+00:00,60.067341,NIFTY|2026-09-15|23400|CE,ff58eab3adc50426a9622ed1ebd6a08a99b9c5ed1bb0843af2cc25195857a3c8,c46a3a1e6c7a87c79bab622341e3a675210fe565b47ad6be944804310bfce4ae,-6.650000000001455,-3.0,-3.3499999999999943,0.29999999999999716,0.20000000000000284
2026-09-11,CE,2026-09-11T09:37:00+00:00,2026-09-11T09:35:55.393983+00:00,2026-09-11T09:36:55.452849+00:00,60.058866,NIFTY|2026-09-15|23400|CE,18aede049fb93d5b853d9d9d339849b9da11a86e702f9006f03d147cda26dcec,82e71e89b9eb0f589120f4a760237ab0a8704326414ca17c2f5dd4c8f374ee4f,7.200000000000728,2.4000000000000057,2.450000000000003,0.25,0.3499999999999943
2026-09-11,CE,2026-09-11T09:39:00+00:00,2026-09-11T09:37:50.380042+00:00,2026-09-11T09:38:55.377218+00:00,64.997176,NIFTY|2026-09-15|23400|CE,d0e6f7928d42a2e88e9acfa3a4de7d1f38806dd883fc95d910f1b3907a95dfe2,0bd7e36f35fdc127ff2ca5e4403e44ed2c1214c61c4d45d24ee5fd5def1af03e,2.7999999999992724,-2.5749999999999886,-2.6499999999999915,0.25,0.20000000000000284
2026-09-11,CE,2026-09-11T09:40:00+00:00,2026-09-11T09:38:55.377218+00:00,2026-09-11T09:39:55.392797+00:00,60.015579,NIFTY|2026-09-15|23400|CE,0bd7e36f35fdc127ff2ca5e4403e44ed2c1214c61c4d45d24ee5fd5def1af03e,600587fea94ef855d3d329c403b172b7681ce55aa51c2d6e854cfa7741f1f751,7.849999999998545,3.7749999999999915,3.799999999999997,0.20000000000000284,0.25
2026-09-11,CE,2026-09-11T09:46:00+00:00,2026-09-11T09:44:50.331476+00:00,2026-09-11T09:45:55.319882+00:00,64.988406,NIFTY|2026-09-15|23450|CE,687e14237d1051099f75c76fecc4420faff030de52f4fd6caffb133d9d5a32e9,ff2b828ffffb3e5572c5bffd90ebd6aa073af6a5c9a518749a3b63234b18224a,4.399999999997817,0.20000000000000284,0.20000000000000284,0.25,0.25
2026-09-11,CE,2026-09-11T09:47:00+00:00,2026-09-11T09:45:55.319882+00:00,2026-09-11T09:46:55.337651+00:00,60.017769,NIFTY|2026-09-15|23450|CE,ff2b828ffffb3e5572c5bffd90ebd6aa073af6a5c9a518749a3b63234b18224a,3245ecc24a5b34de4e07a3e39cf1c65931c809717ff8f7c80a6db540be10d5f0,0.0,4.099999999999994,4.150000000000006,0.25,0.3499999999999943
2026-09-11,CE,2026-09-11T09:49:00+00:00,2026-09-11T09:47:50.327790+00:00,2026-09-11T09:48:55.323404+00:00,64.995614,NIFTY|2026-09-15|23450|CE,92e96a49dd71b58349832ae60701bee566b637280a18effed7269bd366f0870d,d7b70a8d984e01af0a443296d0ec74ffe540a66997e299cb196eb5571d55890e,0.0,-3.5500000000000114,-3.3499999999999943,0.29999999999999716,0.29999999999999716
2026-09-11,CE,2026-09-11T09:50:00+00:00,2026-09-11T09:48:55.323404+00:00,2026-09-11T09:49:55.330323+00:00,60.006919,NIFTY|2026-09-15|23450|CE,d7b70a8d984e01af0a443296d0ec74ffe540a66997e299cb196eb5571d55890e,d1a2893b8f9e6af1301164f5c5ce8d64a31a3f39aa5ffda2eae0a35232777baf,0.0,3.25,2.700000000000003,0.29999999999999716,0.20000000000000284
2026-09-11,CE,2026-09-11T09:52:00+00:00,2026-09-11T09:50:55.328847+00:00,2026-09-11T09:51:55.340526+00:00,60.011679,NIFTY|2026-09-15|23450|CE,eb6d3e936259952bb2118a5e52f41ab6ed2bd09a08d06406f3d502f031854208,69b87d8f15b1e2232906ea6fdc3ed770f74c8a50c35f72b855c466dde3b27d23,0.0,0.6000000000000085,0.75,0.14999999999999147,0.25
2026-09-11,CE,2026-09-11T09:54:00+00:00,2026-09-11T09:52:50.334962+00:00,2026-09-11T09:53:55.329024+00:00,64.994062,NIFTY|2026-09-15|23450|CE,fdbdc5ce77d4dc321f25211a7e37717563075de76db51aefe49283152bc54a4d,507a6176fcadcff70240e8de8643635466988c4feab9988d125e5168f63da647,0.0,-4.400000000000006,-4.900000000000006,0.25,0.25
2026-09-11,CE,2026-09-11T09:55:00+00:00,2026-09-11T09:53:55.329024+00:00,2026-09-11T09:54:55.331526+00:00,60.002502,NIFTY|2026-09-15|23450|CE,507a6176fcadcff70240e8de8643635466988c4feab9988d125e5168f63da647,5ec646608eee31fe9a6c9799d8d5510aa874a96145fe0c9bc931f62b90e341c2,0.0,-1.5499999999999972,-2.4000000000000057,0.25,0.25
2026-09-11,CE,2026-09-11T09:56:00+00:00,2026-09-11T09:54:55.331526+00:00,2026-09-11T09:55:55.334563+00:00,60.003037,NIFTY|2026-09-15|23450|CE,5ec646608eee31fe9a6c9799d8d5510aa874a96145fe0c9bc931f62b90e341c2,a73edd87d69183fb9c237d76b30bcbb9f789eb77fd8fbd6f5e238beefdef4348,0.0,-1.5249999999999915,-0.5999999999999943,0.25,0.20000000000000284
2026-09-11,CE,2026-09-11T09:58:00+00:00,2026-09-11T09:56:55.324245+00:00,2026-09-11T09:57:55.336536+00:00,60.012291,NIFTY|2026-09-15|23450|CE,76e50b049ea6164c61d680c3af2d1b091b0a24283c258316b10ae003bef751bc,a6a661341f950055a0fc8acf479185504e31ee4e04eca628d8af0a36bd3f980b,0.0,0.32500000000000284,0.5,0.20000000000000284,0.25
2026-09-11,PE,2026-09-11T03:47:00+00:00,2026-09-11T03:45:55.340935+00:00,2026-09-11T03:46:55.346636+00:00,60.005701,NIFTY|2026-09-15|23250|PE,6cf0591086bdabbdf3c5032d1857033bb362c86a91add655f116f21b17541c25,ad8e346c3d6de9bb6ef484c6605b5089f5ab288c6cf6e4efc44c91eb69fe4f11,0.2000000000007276,-0.42499999999999716,-0.3500000000000085,0.15000000000000568,0.19999999999998863
2026-09-11,PE,2026-09-11T03:49:00+00:00,2026-09-11T03:47:55.331766+00:00,2026-09-11T03:48:55.441014+00:00,60.109248,NIFTY|2026-09-15|23250|PE,b3fe0bb39e8c355d0316bb198a9e3b30dadd8cebe067a8c90158c64c16333fb6,5de7968322a92c6345794204a1b311ca24fd21c7e733306c73093c064f62f73f,9.450000000000728,-3.2750000000000057,-3.3500000000000085,0.20000000000000284,0.14999999999999147
2026-09-11,PE,2026-09-11T03:51:00+00:00,2026-09-11T03:49:55.334170+00:00,2026-09-11T03:50:55.339382+00:00,60.005212,NIFTY|2026-09-15|23250|PE,106368d4b5e29f8b7ecb18a6677a8f58dc26550f6129f55921e7b6102fb3f0ab,3f73d1073647bbf4c141972d35ed91686373d8ec652d6174c9ce2f979974ef99,-4.69999999999709,1.7249999999999943,1.4500000000000028,0.25,0.29999999999999716
2026-09-11,PE,2026-09-11T03:53:00+00:00,2026-09-11T03:51:55.333340+00:00,2026-09-11T03:52:55.340692+00:00,60.007352,NIFTY|2026-09-15|23250|PE,c4f73a97eb7548d2ea61dfef34cf10e26a912870cf9dc73e3d5b91691ba8e32f,27571cf95658410690bf535ccf095afe86ec1168b7dde56f9fc6daeb44477faa,1.2000000000007276,-0.2750000000000057,0.15000000000000568,0.29999999999999716,0.25
2026-09-11,PE,2026-09-11T03:54:00+00:00,2026-09-11T03:52:55.340692+00:00,2026-09-11T03:53:55.345413+00:00,60.004721,NIFTY|2026-09-15|23250|PE,27571cf95658410690bf535ccf095afe86ec1168b7dde56f9fc6daeb44477faa,7c0acfcb66fcc5ae4e02e90f25944be0810bf1d8db179b50e106274f0ebb91fe,-4.950000000000728,1.6999999999999886,1.4499999999999886,0.25,0.25
2026-09-11,PE,2026-09-11T03:56:00+00:00,2026-09-11T03:54:50.336219+00:00,2026-09-11T03:55:55.333347+00:00,64.997128,NIFTY|2026-09-15|23250|PE,16398a7b673b6d6cdff43bbc11ded9e3d678a6a7d62cae5012c806eb626812c9,20df909198b0d74c7fc95df0da66b0f3371a92dce5f0152795e3ca063966165d,3.75,0.625,0.45000000000000284,0.25,0.20000000000000284
2026-09-11,PE,2026-09-11T03:58:00+00:00,2026-09-11T03:56:55.324763+00:00,2026-09-11T03:57:55.330867+00:00,60.006104,NIFTY|2026-09-15|23250|PE,ec889ad49b244931b3423b86a5b6b2a7ae671a5993ef38f4f654b10b79f90ffa,82cefedcc7a719d58ad0e232d57daab4da7a03b443187be2cee017716223ea02,-1.75,0.6999999999999886,0.6999999999999886,0.19999999999998863,0.20000000000000284
2026-09-11,PE,2026-09-11T04:00:00+00:00,2026-09-11T03:58:55.328443+00:00,2026-09-11T03:59:55.334323+00:00,60.00588,NIFTY|2026-09-15|23250|PE,1565a56e4f6db6edb2551656d1d3c92d88d44ac6c0f8829a8540e40cbe6df495,f010ed581a3aac38cf1b935d8e57751bd664fcac33f55a3b12b3173ec6bb8e2e,-1.3499999999985448,-0.6500000000000057,-0.9000000000000057,0.20000000000000284,0.10000000000000853
2026-09-11,PE,2026-09-11T04:01:00+00:00,2026-09-11T03:59:55.334323+00:00,2026-09-11T04:00:55.349360+00:00,60.015037,NIFTY|2026-09-15|23250|PE,f010ed581a3aac38cf1b935d8e57751bd664fcac33f55a3b12b3173ec6bb8e2e,bb39131cc648c526a17041e6f32f3cef0b763d8540378e560e78dc50bc44d0a5,0.19999999999708962,-0.22500000000000853,0.0,0.10000000000000853,0.15000000000000568
2026-09-11,PE,2026-09-11T04:02:00+00:00,2026-09-11T04:00:55.349360+00:00,2026-09-11T04:01:55.349410+00:00,60.00005,NIFTY|2026-09-15|23250|PE,bb39131cc648c526a17041e6f32f3cef0b763d8540378e560e78dc50bc44d0a5,9091994f98460a3789268590862e784f15c8331a3439febeb5933fc5978872a8,5.850000000002183,-3.325000000000003,-2.950000000000003,0.15000000000000568,0.20000000000000284
2026-09-11,PE,2026-09-11T04:03:00+00:00,2026-09-11T04:01:55.349410+00:00,2026-09-11T04:02:55.362824+00:00,60.013414,NIFTY|2026-09-15|23250|PE,9091994f98460a3789268590862e784f15c8331a3439febeb5933fc5978872a8,35f0fe0fdbad0277d65470a5543fe92318400186a0e150d9e53309c34fffb5ea,-18.950000000000728,5.349999999999994,4.8500000000000085,0.20000000000000284,0.29999999999999716
2026-09-11,PE,2026-09-11T04:04:00+00:00,2026-09-11T04:02:55.362824+00:00,2026-09-11T04:03:55.396141+00:00,60.033317,NIFTY|2026-09-15|23250|PE,35f0fe0fdbad0277d65470a5543fe92318400186a0e150d9e53309c34fffb5ea,1316522d524d1b42a305c7af94d237060c9b190c7a0c3fe0150c4755573f8391,6.75,-1.5,-1.6000000000000085,0.29999999999999716,0.20000000000000284
2026-09-11,PE,2026-09-11T04:07:00+00:00,2026-09-11T04:05:50.812922+00:00,2026-09-11T04:06:55.356220+00:00,64.543298,NIFTY|2026-09-15|23250|PE,e22c2149a9f37b40aed3aa0edd3288dd9685239d9d19723dd01c934d6bda2255,9d3c1c38290989bb89bc7682ab950297e32f0e5cadf7651ecdc01cc21ba04b94,3.600000000002183,-1.9749999999999943,-2.049999999999997,0.25,0.20000000000000284
2026-09-11,PE,2026-09-11T04:09:00+00:00,2026-09-11T04:07:50.550132+00:00,2026-09-11T04:08:55.357125+00:00,64.806993,NIFTY|2026-09-15|23250|PE,b3f988b308d9d71f70e0d963d4991d4d20ab03ac4de9a0795e5fe813d1d11c72,2ca3294a0e31254cf9ce990d7359f7da93fad8777f1e57c64a133ea3b148c3f6,1.7000000000007276,-0.7749999999999915,-0.8499999999999943,0.09999999999999432,0.25
2026-09-11,PE,2026-09-11T04:10:00+00:00,2026-09-11T04:08:55.357125+00:00,2026-09-11T04:09:55.358165+00:00,60.00104,NIFTY|2026-09-15|23250|PE,2ca3294a0e31254cf9ce990d7359f7da93fad8777f1e57c64a133ea3b148c3f6,c5989a3f381c4294a32ef33e2511a9ac6867a496a9449fd3268345966c2ee50f,-1.5,1.625,1.8499999999999943,0.25,0.20000000000000284
2026-09-11,PE,2026-09-11T04:12:00+00:00,2026-09-11T04:10:50.394097+00:00,2026-09-11T04:11:55.345175+00:00,64.951078,NIFTY|2026-09-15|23250|PE,91f3aed460594f8bfeb2bb663489e91ddf9bbe36d24bd1dc1b629ff06a1ca7b8,1d298b8ce4107aecc3a07dbec595bd28d3f1174f8459a8ab35eda248e1c5aa38,-9.5,4.199999999999989,4.300000000000011,0.14999999999999147,0.25
2026-09-11,PE,2026-09-11T04:13:00+00:00,2026-09-11T04:11:55.345175+00:00,2026-09-11T04:12:55.353128+00:00,60.007953,NIFTY|2026-09-15|23250|PE,1d298b8ce4107aecc3a07dbec595bd28d3f1174f8459a8ab35eda248e1c5aa38,4928b80860bc4e06728dc25774dfc8a27d017dd12c118250449d7315af4f3730,1.1000000000021828,0.32500000000001705,0.25,0.25,0.20000000000000284
2026-09-11,PE,2026-09-11T04:14:00+00:00,2026-09-11T04:12:55.353128+00:00,2026-09-11T04:13:55.354893+00:00,60.001765,NIFTY|2026-09-15|23250|PE,4928b80860bc4e06728dc25774dfc8a27d017dd12c118250449d7315af4f3730,2fefafdf7b133a669fc970ac5e4e430e41bab92db1fb041daafa5b75d5430161,10.399999999997817,-3.9750000000000085,-3.950000000000003,0.20000000000000284,0.15000000000000568
2026-09-11,PE,2026-09-11T04:15:00+00:00,2026-09-11T04:13:55.354893+00:00,2026-09-11T04:14:55.364140+00:00,60.009247,NIFTY|2026-09-15|23250|PE,2fefafdf7b133a669fc970ac5e4e430e41bab92db1fb041daafa5b75d5430161,b3e7a2d5a47cf3ba45d8a858fdc52690dea4514216760817b13870c619265857,-2.7999999999992724,1.7749999999999915,1.7999999999999972,0.15000000000000568,0.20000000000000284
2026-09-11,PE,2026-09-11T04:16:00+00:00,2026-09-11T04:14:55.364140+00:00,2026-09-11T04:15:55.616848+00:00,60.252708,NIFTY|2026-09-15|23250|PE,b3e7a2d5a47cf3ba45d8a858fdc52690dea4514216760817b13870c619265857,adb010ccafd51bd11bd797073742c541a43be31b3c570cf421537e9db7ec40bc,1.9500000000007276,-0.9499999999999886,-1.0499999999999972,0.20000000000000284,0.20000000000000284
2026-09-11,PE,2026-09-11T04:18:00+00:00,2026-09-11T04:16:55.354241+00:00,2026-09-11T04:17:55.687888+00:00,60.333647,NIFTY|2026-09-15|23250|PE,ed2bccb5c034636b8dde5a98cc1832e95f07ddc2cd9897dea4e8d290a4acefc7,e75a82361df9ca853bf1810fb9c13b5fb366953f0a77b77fe553ff6c40fb7034,-1.7000000000007276,0.8499999999999943,0.8999999999999915,0.25,0.25
2026-09-11,PE,2026-09-11T04:20:00+00:00,2026-09-11T04:18:50.363509+00:00,2026-09-11T04:19:55.357388+00:00,64.993879,NIFTY|2026-09-15|23250|PE,8bce891337898e2ec8f54f1c87ade4244d6d60ea7ec09c953f7b799c156e8335,c69fb61b27b4033a66eee3c078c74b4f2c630f4430908b61f2bd88cf5ad22be2,1.1500000000014552,-0.7249999999999943,-0.5499999999999972,0.14999999999999147,0.20000000000000284
2026-09-11,PE,2026-09-11T04:22:00+00:00,2026-09-11T04:20:55.349519+00:00,2026-09-11T04:21:55.359629+00:00,60.01011,NIFTY|2026-09-15|23250|PE,31c84123cd016321c43e90862b52765c7203661830a373b2e552d366f77d6d9f,5bd63e9383c102329a6499e5f4ee153feb5358b174092a8fc06f85127a0c7b28,-5.099999999998545,3.299999999999997,2.8500000000000085,0.25,0.25
2026-09-11,PE,2026-09-11T04:23:00+00:00,2026-09-11T04:21:55.359629+00:00,2026-09-11T04:22:55.360184+00:00,60.000555,NIFTY|2026-09-15|23250|PE,5bd63e9383c102329a6499e5f4ee153feb5358b174092a8fc06f85127a0c7b28,164e27fe379b221a8b0272b6fcda8c2284c112a14054dfec12850477ae6c042f,-1.2000000000007276,0.15000000000000568,0.5,0.25,0.15000000000000568
2026-09-11,PE,2026-09-11T04:24:00+00:00,2026-09-11T04:22:55.360184+00:00,2026-09-11T04:23:55.383125+00:00,60.022941,NIFTY|2026-09-15|23250|PE,164e27fe379b221a8b0272b6fcda8c2284c112a14054dfec12850477ae6c042f,7c802baa420626032c5c80be7a005687fa534a614d69a6278f563412635f808b,-1.4500000000007276,-0.07499999999998863,0.0,0.15000000000000568,0.29999999999999716
2026-09-11,PE,2026-09-11T04:26:00+00:00,2026-09-11T04:24:50.371242+00:00,2026-09-11T04:25:55.359247+00:00,64.988005,NIFTY|2026-09-15|23250|PE,a73ff7398ed7f98893a808db31d4eb5171419e8166ed604acb107911e1bbb6d0,c0b1b603cc3ada5e65ab991be5495d0b69238332600f4e0b7abe8cb1b1744588,4.599999999998545,-3.5249999999999915,-3.8500000000000085,0.20000000000000284,0.15000000000000568
2026-09-11,PE,2026-09-11T04:28:00+00:00,2026-09-11T04:26:55.357287+00:00,2026-09-11T04:27:55.436556+00:00,60.079269,NIFTY|2026-09-15|23250|PE,91f7ebc5dc6f84f512393f9b05782e79235d1d21bc4c5826c5d81132fb8a9227,5787f7934c61606f9bb0f5dc2db0a81b1cc4afcdf016457dfcc526e66b3c8f02,3.149999999997817,-1.3750000000000142,-1.3499999999999943,0.25,0.20000000000000284
2026-09-11,PE,2026-09-11T04:30:00+00:00,2026-09-11T04:28:50.514132+00:00,2026-09-11T04:29:55.355469+00:00,64.841337,NIFTY|2026-09-15|23250|PE,7b0d6f335a884a42b608077f4159c96c42cb0f5b7270ece370587a3bffcd6bf0,0a7d7ed20f30f970e4335513c7156e811933cfbace5dee481ec16e9c0fb9b5d8,-1.5,0.5,0.5,0.20000000000000284,0.20000000000000284
2026-09-11,PE,2026-09-11T04:31:00+00:00,2026-09-11T04:29:55.355469+00:00,2026-09-11T04:30:55.362789+00:00,60.00732,NIFTY|2026-09-15|23250|PE,0a7d7ed20f30f970e4335513c7156e811933cfbace5dee481ec16e9c0fb9b5d8,29feac308d3082b9ddd7fc6328ca221f573f712c437da4e01eb29d23b73bee37,-0.7000000000007276,0.700000000000017,1.0,0.20000000000000284,0.20000000000000284
2026-09-11,PE,2026-09-11T04:33:00+00:00,2026-09-11T04:31:50.365027+00:00,2026-09-11T04:32:55.350500+00:00,64.985473,NIFTY|2026-09-15|23250|PE,976556ca6bc1a302835f37f2c2eb6639d74a99b8b9a78849a65ed770644f308e,f7953aa7f51dc56e24ef80db065e3c9a14d743e3a3a76afce34a19bf4ddd79f1,3.0499999999992724,-1.0,-1.0999999999999943,0.25,0.25
2026-09-11,PE,2026-09-11T04:34:00+00:00,2026-09-11T04:32:55.350500+00:00,2026-09-11T04:33:55.369535+00:00,60.019035,NIFTY|2026-09-15|23250|PE,f7953aa7f51dc56e24ef80db065e3c9a14d743e3a3a76afce34a19bf4ddd79f1,81423caea70ba2f59f2c02224983bcdf55fedffcbf63f4388cba098a47412cfb,9.549999999999272,-4.6000000000000085,-4.400000000000006,0.25,0.14999999999999147
2026-09-11,PE,2026-09-11T04:35:00+00:00,2026-09-11T04:33:55.369535+00:00,2026-09-11T04:34:55.375096+00:00,60.005561,NIFTY|2026-09-15|23250|PE,81423caea70ba2f59f2c02224983bcdf55fedffcbf63f4388cba098a47412cfb,d405d7ca47248fe7beeb8c249e7328d2ed276e58f9d4013600c3151465471346,-0.5499999999992724,0.75,0.6000000000000085,0.14999999999999147,0.04999999999999716
2026-09-11,PE,2026-09-11T04:38:00+00:00,2026-09-11T04:36:55.351523+00:00,2026-09-11T04:37:55.355515+00:00,60.003992,NIFTY|2026-09-15|23250|PE,af7b173a4e0a5a9b9c35b97fda1322def3f2968d09041f16838396c0f7ea1b6f,0db29f74fa468e2087b3c223cf4f78ec328ec1026ada697b56f6612ca1d2be7e,-0.5,0.25,-0.05000000000001137,0.25,0.25
2026-09-11,PE,2026-09-11T04:42:00+00:00,2026-09-11T04:40:50.355402+00:00,2026-09-11T04:41:55.350419+00:00,64.995017,NIFTY|2026-09-15|23300|PE,8c9e0aa322effe5bdf01e7dc0315cda0f9f7e04edb0196f881a9f367edf0db58,1f6a23822607a8653c71771aa8e1e70c836bb13be892ffa75ce871e0660a54e7,1.5,0.1250000000000142,0.5999999999999943,0.20000000000000284,0.15000000000000568
2026-09-11,PE,2026-09-11T04:43:00+00:00,2026-09-11T04:41:55.350419+00:00,2026-09-11T04:42:55.357353+00:00,60.006934,NIFTY|2026-09-15|23300|PE,1f6a23822607a8653c71771aa8e1e70c836bb13be892ffa75ce871e0660a54e7,531c6e17fea0c2eb8ff2f3264db2678c2481c05a5012d528bd2979ff9bb27e41,-0.2999999999992724,-0.6500000000000057,-1.0499999999999972,0.15000000000000568,0.25
2026-09-11,PE,2026-09-11T04:44:00+00:00,2026-09-11T04:42:55.357353+00:00,2026-09-11T04:43:55.359213+00:00,60.00186,NIFTY|2026-09-15|23300|PE,531c6e17fea0c2eb8ff2f3264db2678c2481c05a5012d528bd2979ff9bb27e41,6b9bc8078b4612d6604997a469354cf071faed7095b06a54bf523f458fd7f372,11.799999999999272,-4.5,-4.099999999999994,0.25,0.25
2026-09-11,PE,2026-09-11T04:46:00+00:00,2026-09-11T04:44:55.356217+00:00,2026-09-11T04:45:55.700224+00:00,60.344007,NIFTY|2026-09-15|23300|PE,6b6dc03cc8ae05c8bcbdb057e4fe0a211ae9917da449fd34b3ef274c5ad9ddb6,d9d12b586dcfc77aa86939d8e6ebb5ed7f353ef942ec382f99ccefd239d1e9dd,-1.5499999999992724,-0.024999999999991473,-0.14999999999999147,0.15000000000000568,0.20000000000000284
2026-09-11,PE,2026-09-11T04:48:00+00:00,2026-09-11T04:46:50.366071+00:00,2026-09-11T04:47:55.356880+00:00,64.990809,NIFTY|2026-09-15|23300|PE,565975404debea2a3dc8b0659ed4ef8dc6fe9ceec5e6e07734ca91c0b55f5eeb,071c958ccf41e6034e87df3e5b517774cda943acce4deec26fef231ff0d14b5d,1.5499999999992724,-1.1000000000000227,-1.1500000000000057,0.20000000000000284,0.29999999999999716
2026-09-11,PE,2026-09-11T04:50:00+00:00,2026-09-11T04:48:55.354317+00:00,2026-09-11T04:49:55.361085+00:00,60.006768,NIFTY|2026-09-15|23300|PE,2d74b3c0efaf7be415ec5529a6225146ecc3b6f4006e644a688f554ba78cfa74,772751a3b77ca7ff260559c826934f21e0d3f0e36eaa4f3f40a276561ec7ee06,0.75,-0.7249999999999943,-0.8000000000000114,0.20000000000000284,0.25
2026-09-11,PE,2026-09-11T04:52:00+00:00,2026-09-11T04:50:55.359595+00:00,2026-09-11T04:51:55.364161+00:00,60.004566,NIFTY|2026-09-15|23300|PE,289a9eefebcbbd68ce6a53884498fb3dde0ee3c30102330d4fe99d9b1967d802,3f6517718679cb765226e3e62b3246ac3997ff0a1faa64ac299af3e369ee8cab,4.900000000001455,-3.075000000000003,-3.1499999999999915,0.15000000000000568,0.09999999999999432
2026-09-11,PE,2026-09-11T04:53:00+00:00,2026-09-11T04:51:55.364161+00:00,2026-09-11T04:52:55.367607+00:00,60.003446,NIFTY|2026-09-15|23300|PE,3f6517718679cb765226e3e62b3246ac3997ff0a1faa64ac299af3e369ee8cab,962a31bdaca64b0de146582aca30ea7080cb373d2d65041d2de70e7d85d4e3f4,10.099999999998545,-3.375,-3.4000000000000057,0.09999999999999432,0.15000000000000568
2026-09-11,PE,2026-09-11T04:55:00+00:00,2026-09-11T04:53:50.364258+00:00,2026-09-11T04:54:55.350392+00:00,64.986134,NIFTY|2026-09-15|23300|PE,d41791bb143ca16fa48816f24c9343c816bfa43c44023bb2a31ee8fd9d4fc169,3bf547cd8f86c78e206b53192ff123b9ce25a02de413c9d9a469905c8e12251a,-4.150000000001455,1.1749999999999972,0.8999999999999915,0.30000000000001137,0.25
2026-09-11,PE,2026-09-11T04:56:00+00:00,2026-09-11T04:54:55.350392+00:00,2026-09-11T04:55:55.852975+00:00,60.502583,NIFTY|2026-09-15|23300|PE,3bf547cd8f86c78e206b53192ff123b9ce25a02de413c9d9a469905c8e12251a,2eac7a834836fe51c4e24af3346543ed07a5beae64b4c9fa202d2f6340cd1cb7,-2.400000000001455,1.4500000000000028,1.7000000000000028,0.25,0.25
2026-09-11,PE,2026-09-11T04:58:00+00:00,2026-09-11T04:56:50.359753+00:00,2026-09-11T04:57:55.354386+00:00,64.994633,NIFTY|2026-09-15|23300|PE,829f902191971e6d78bea4af78124539d14b0ece4fffadb47b6a4b7b11bbcee3,d147a8a20a1ecdf0f0bf1f7f543a7989844710333070fa8733a00962c30c5254,-8.799999999999272,3.7249999999999943,3.8500000000000085,0.25,0.29999999999999716
2026-09-11,PE,2026-09-11T05:00:00+00:00,2026-09-11T04:58:55.351314+00:00,2026-09-11T04:59:55.351880+00:00,60.000566,NIFTY|2026-09-15|23300|PE,d1bc87ed05765be02e8540df7a9064a749f6cdc8e73ef263cb5ff12d534a2c07,1a7348ad8650932a3bfd5d32ba1ed862e78bfd6875040a02ce6bffa1e341369b,-1.5,1.0249999999999915,0.9500000000000028,0.25,0.29999999999999716
2026-09-11,PE,2026-09-11T05:02:00+00:00,2026-09-11T05:00:55.351190+00:00,2026-09-11T05:01:55.356077+00:00,60.004887,NIFTY|2026-09-15|23300|PE,6b645b8c1940bafdcab720b94b081c23cd917fcd42872aa54e824eaa7806f665,92ef822b9533f6a88cb5b1bae3bafe0a03648b18c134f01aa454a4be5f1a2c3f,7.349999999998545,-3.049999999999983,-3.049999999999997,0.29999999999999716,0.29999999999999716
2026-09-11,PE,2026-09-11T05:04:00+00:00,2026-09-11T05:02:55.342801+00:00,2026-09-11T05:03:55.357879+00:00,60.015078,NIFTY|2026-09-15|23300|PE,15a4462992ffecabf26f65e7b0a125bd07719cabd054bfc613dff5e26b1e13d9,9c64e7fdd4c3e9a38a38f2d0b03258df4d1ab173f1853afe39780594f1441d06,-1.2000000000007276,0.10000000000002274,0.3499999999999943,0.20000000000000284,0.20000000000000284
2026-09-11,PE,2026-09-11T05:06:00+00:00,2026-09-11T05:04:55.345957+00:00,2026-09-11T05:05:55.351098+00:00,60.005141,NIFTY|2026-09-15|23300|PE,9efe8d38679e794fb6860bf34ec8340d5eacf60e71ff9b940ba340c25fb68c4b,413d08aa93c87b1fe4eb1ac464419ea57b17b6bcf3b4b614d2f19cccb6c39594,3.0,-1.2999999999999972,-1.6500000000000057,0.25,0.3499999999999943
2026-09-11,PE,2026-09-11T05:09:00+00:00,2026-09-11T05:07:55.348493+00:00,2026-09-11T05:08:55.357727+00:00,60.009234,NIFTY|2026-09-15|23300|PE,2afe2dea9a2d8ec99c4504d6f47b1c131104759a9bc08ab4f21feee3f462e85e,2dc575a5d7266ad79efa763a6712c4bb7c55f23061809db1f637c8a1e7247ed3,0.4000000000014552,0.9499999999999886,0.5999999999999943,0.20000000000000284,0.20000000000000284
2026-09-11,PE,2026-09-11T05:11:00+00:00,2026-09-11T05:09:55.350688+00:00,2026-09-11T05:10:55.352362+00:00,60.001674,NIFTY|2026-09-15|23300|PE,8874046bb85ffefbc2483556fb49068f2303ff65811be722532ceeb3e565ba19,7f05bb18ea931bde5dcb8e0f420c9153da5f891583d1b8060fbba83dc0f85ed8,1.9500000000007276,-1.0000000000000142,-1.2999999999999972,0.29999999999999716,0.09999999999999432
2026-09-11,PE,2026-09-11T05:12:00+00:00,2026-09-11T05:10:55.352362+00:00,2026-09-11T05:11:55.353910+00:00,60.001548,NIFTY|2026-09-15|23300|PE,7f05bb18ea931bde5dcb8e0f420c9153da5f891583d1b8060fbba83dc0f85ed8,a4d1040d75b746b656bbcf606c4044b9de60afc6c77c8cb20abf81702bf37e6e,-2.75,1.5250000000000057,1.5499999999999972,0.09999999999999432,0.25
2026-09-11,PE,2026-09-11T05:13:00+00:00,2026-09-11T05:11:55.353910+00:00,2026-09-11T05:12:55.357226+00:00,60.003316,NIFTY|2026-09-15|23300|PE,a4d1040d75b746b656bbcf606c4044b9de60afc6c77c8cb20abf81702bf37e6e,085d965d45680390593d9ae6163d5277fea04eee0e29e741951f893b18573d5c,0.8999999999978172,-0.20000000000000284,0.04999999999999716,0.25,0.25
2026-09-11,PE,2026-09-11T05:14:00+00:00,2026-09-11T05:12:55.357226+00:00,2026-09-11T05:13:55.387667+00:00,60.030441,NIFTY|2026-09-15|23300|PE,085d965d45680390593d9ae6163d5277fea04eee0e29e741951f893b18573d5c,a393b6daa98382d1a72cdeca35ff62c39d31b83b403559a3acd90353d32e2d0d,2.9500000000007276,-1.4500000000000028,-1.5,0.25,0.15000000000000568
2026-09-11,PE,2026-09-11T05:16:00+00:00,2026-09-11T05:14:55.341124+00:00,2026-09-11T05:15:55.342009+00:00,60.000885,NIFTY|2026-09-15|23300|PE,3197a6599d769c58279da0301419ef33db68d036cd4c6938a0751b2dbf21a23a,2dbe838aa80f7769b554646532b9d0329692a99b9cc8cf229e9b87785185e1b2,-3.4500000000007276,1.2999999999999972,1.25,0.25,0.15000000000000568
2026-09-11,PE,2026-09-11T05:17:00+00:00,2026-09-11T05:15:55.342009+00:00,2026-09-11T05:16:55.351171+00:00,60.009162,NIFTY|2026-09-15|23300|PE,2dbe838aa80f7769b554646532b9d0329692a99b9cc8cf229e9b87785185e1b2,b2a0825589158bb8b5d09a8d9bbf9a5b2d558fa0ad623bdb886591e8422ae65f,2.900000000001455,-1.1499999999999915,-1.3499999999999943,0.15000000000000568,0.25
2026-09-11,PE,2026-09-11T05:18:00+00:00,2026-09-11T05:16:55.351171+00:00,2026-09-11T05:17:55.360245+00:00,60.009074,NIFTY|2026-09-15|23300|PE,b2a0825589158bb8b5d09a8d9bbf9a5b2d558fa0ad623bdb886591e8422ae65f,8defcabb7c7c11e49bc943b4b230637e6dfdde36a88a904ec79e3c80f0c45696,-2.5500000000029104,1.3499999999999943,1.4499999999999886,0.25,0.25
2026-09-11,PE,2026-09-11T05:20:00+00:00,2026-09-11T05:18:55.355024+00:00,2026-09-11T05:19:55.365329+00:00,60.010305,NIFTY|2026-09-15|23300|PE,29463774077b9996410d008c09effdd311cbb9445f2a4a3ed7de00b22579bada,c2b45a77ec2844a6f62cd6260b249118e1c5978990b74223341fb6b6c44f0397,3.75,-1.8750000000000142,-2.049999999999997,0.20000000000000284,0.25
2026-09-11,PE,2026-09-11T05:22:00+00:00,2026-09-11T05:20:55.347988+00:00,2026-09-11T05:21:55.362046+00:00,60.014058,NIFTY|2026-09-15|23300|PE,f214e643db94b5ea85711fe016c5040ca3360f12dcfb6835d236d4da430ddcd8,06447da97813880165b5a5775944528294110a949696eee22c2163e3e8d5512f,-0.75,0.549999999999983,0.5,0.29999999999999716,0.20000000000000284
2026-09-11,PE,2026-09-11T05:25:00+00:00,2026-09-11T05:23:50.363849+00:00,2026-09-11T05:24:55.347599+00:00,64.98375,NIFTY|2026-09-15|23300|PE,95c71c7f15e8c775c5f4d47d2584939c66fa1bb1f495e2ae2abdc9b59b13f577,e747f98f3a726d3c73c5eb8f5a769d298be8ff98e17558b4586bfbb2cad14181,-3.149999999997817,0.5499999999999972,0.3500000000000085,0.25,0.15000000000000568
2026-09-11,PE,2026-09-11T05:26:00+00:00,2026-09-11T05:24:55.347599+00:00,2026-09-11T05:25:55.368784+00:00,60.021185,NIFTY|2026-09-15|23300|PE,e747f98f3a726d3c73c5eb8f5a769d298be8ff98e17558b4586bfbb2cad14181,2c1e202d52ef0caf0c8d99be791e0fb593fb188340df1f85c3c46cc00f5c2914,-0.9500000000007276,-0.1250000000000142,0.20000000000000284,0.15000000000000568,0.20000000000000284
2026-09-11,PE,2026-09-11T05:28:00+00:00,2026-09-11T05:26:55.349256+00:00,2026-09-11T05:27:55.351213+00:00,60.001957,NIFTY|2026-09-15|23300|PE,dd058137dee948607a508f957c8ff431b59816997567f986cc4a580e59cc8eb9,41eed90cd6ff5ac1359479355e473bfc488c1612619e8e74662cb1bc32f8be3c,-0.5,-0.15000000000000568,0.44999999999998863,0.25,0.15000000000000568
2026-09-11,PE,2026-09-11T05:29:00+00:00,2026-09-11T05:27:55.351213+00:00,2026-09-11T05:28:55.361626+00:00,60.010413,NIFTY|2026-09-15|23300|PE,41eed90cd6ff5ac1359479355e473bfc488c1612619e8e74662cb1bc32f8be3c,5f436eb525837ee7245db441b271621dfc6e204202ad17742674ece8c8de1151,4.69999999999709,-0.9500000000000028,-1.7999999999999972,0.15000000000000568,0.3499999999999943
2026-09-11,PE,2026-09-11T05:31:00+00:00,2026-09-11T05:29:55.341849+00:00,2026-09-11T05:30:55.365845+00:00,60.023996,NIFTY|2026-09-15|23300|PE,861221aaba35e2f16e72dbd015ad404e816ea0a34eff1edcea6f286dd31841e3,4cc4d6708d1f4bac119ad56b31c1ca5286b9107e540b9147b7c91b109e87ac36,5.899999999997817,-4.799999999999983,-4.5,0.29999999999999716,0.29999999999999716
2026-09-11,PE,2026-09-11T05:33:00+00:00,2026-09-11T05:31:55.342264+00:00,2026-09-11T05:32:55.355413+00:00,60.013149,NIFTY|2026-09-15|23300|PE,ce62e700bfd755ec094d12a76d09276e377296bbc4e8074b78276295332420e5,46256b8ee8e2da4bb4dec5712687c50da8bf8f9a677719417c44017f4f4b21b2,-4.25,2.375,2.25,0.20000000000000284,0.25
2026-09-11,PE,2026-09-11T05:34:00+00:00,2026-09-11T05:32:55.355413+00:00,2026-09-11T05:33:55.365820+00:00,60.010407,NIFTY|2026-09-15|23300|PE,46256b8ee8e2da4bb4dec5712687c50da8bf8f9a677719417c44017f4f4b21b2,ee914a1870bd89b1fa8f8daae3f9a69d4a1458aa69b1d64e7222ed8599863490,-3.8000000000029104,1.2000000000000028,1.3499999999999943,0.25,0.15000000000000568
2026-09-11,PE,2026-09-11T05:36:00+00:00,2026-09-11T05:34:55.355324+00:00,2026-09-11T05:35:55.365371+00:00,60.010047,NIFTY|2026-09-15|23300|PE,0cefacad7cc75081e6c5f8fb0c049a395829ed10fe7d2459b049bd4303a98b1a,706392a0c678ecc67f8bb5634bfc265266c7d4ead767ad67c104b9bc9656d5f0,-1.75,-1.9750000000000085,-2.049999999999997,0.20000000000000284,0.25
2026-09-11,PE,2026-09-11T05:38:00+00:00,2026-09-11T05:36:50.351286+00:00,2026-09-11T05:37:55.336095+00:00,64.984809,NIFTY|2026-09-15|23300|PE,8c54a53bb6a3f846260189f18611534be4660ddb30bd5ff93e23be5a58d8ef30,edb36e4a498e69591752b21bb2250011941d19464dbe7cbc26a99a3096d74b14,6.350000000002183,-2.25,-2.4499999999999886,0.29999999999999716,0.20000000000000284
2026-09-11,PE,2026-09-11T05:39:00+00:00,2026-09-11T05:37:55.336095+00:00,2026-09-11T05:38:55.351256+00:00,60.015161,NIFTY|2026-09-15|23300|PE,edb36e4a498e69591752b21bb2250011941d19464dbe7cbc26a99a3096d74b14,e5ff2686422ba181f37c4960b4295278bd1166d3254eec4db0a8bbfed3808258,-2.4500000000007276,1.200000000000017,1.0,0.20000000000000284,0.20000000000000284
2026-09-11,PE,2026-09-11T05:40:00+00:00,2026-09-11T05:38:55.351256+00:00,2026-09-11T05:39:55.380109+00:00,60.028853,NIFTY|2026-09-15|23300|PE,e5ff2686422ba181f37c4960b4295278bd1166d3254eec4db0a8bbfed3808258,7948f076cf5aa82fae86d10357ad833a91aae57b9ad8b77ba2af4bbea2d3ecd7,6.899999999997817,-3.1500000000000057,-3.0,0.20000000000000284,0.20000000000000284
2026-09-11,PE,2026-09-11T05:42:00+00:00,2026-09-11T05:40:50.470554+00:00,2026-09-11T05:41:55.356866+00:00,64.886312,NIFTY|2026-09-15|23300|PE,b5bcddbec5c5b8909302f4b5b43fa87089826767b455e63adc2f38dc1c75c205,18061d7ed8f0ff6cd88eb3d27d4ac79fc7cd451d4f95b1e41caf6502593808dd,3.2999999999992724,-0.42499999999999716,-0.6499999999999915,0.15000000000000568,0.20000000000000284
2026-09-11,PE,2026-09-11T05:43:00+00:00,2026-09-11T05:41:55.356866+00:00,2026-09-11T05:42:55.394815+00:00,60.037949,NIFTY|2026-09-15|23300|PE,18061d7ed8f0ff6cd88eb3d27d4ac79fc7cd451d4f95b1e41caf6502593808dd,c1e00c8326cc717c9383360a85d9c90febea4d755fc81911300c30a6c7b2119e,13.350000000002183,-5.75,-4.950000000000003,0.20000000000000284,0.20000000000000284
2026-09-11,PE,2026-09-11T05:46:00+00:00,2026-09-11T05:44:55.346882+00:00,2026-09-11T05:45:55.348073+00:00,60.001191,NIFTY|2026-09-15|23350|PE,3089f00c5e58bef41501619adef6ecefd4b354f2215643fe7c11ab3ad1b62c74,2dc7b984c8710d85d85c9a92832e990f36146cd82c2a3b48a5868c1cc522e5cc,-10.200000000000728,4.974999999999994,5.550000000000011,0.20000000000000284,0.25
2026-09-11,PE,2026-09-11T05:48:00+00:00,2026-09-11T05:46:55.355851+00:00,2026-09-11T05:47:55.357926+00:00,60.002075,NIFTY|2026-09-15|23350|PE,6615f9320e7008b17dc21c0e45acaad40444f1747cc1ccbabfa4d04a2478f44f,790ceae0047fd1d2dd8267fddf7fe574526fca1d336099119bb431237addffa2,15.600000000002183,-4.175000000000011,-4.200000000000003,0.25,0.29999999999999716
2026-09-11,PE,2026-09-11T05:51:00+00:00,2026-09-11T05:49:55.352902+00:00,2026-09-11T05:50:55.353093+00:00,60.000191,NIFTY|2026-09-15|23350|PE,e91b424fd90c75e7a21efeb0aa776c9c91a52629e66e3e3d60230f9d3b1e6045,2c150c9c4496caf1a8dc838fae6bddce8c1e80fe4a9e8d5e742e1b43869fde40,-3.849999999998545,3.1500000000000057,3.200000000000003,0.20000000000000284,0.20000000000000284
2026-09-11,PE,2026-09-11T05:52:00+00:00,2026-09-11T05:50:55.353093+00:00,2026-09-11T05:51:55.357448+00:00,60.004355,NIFTY|2026-09-15|23350|PE,2c150c9c4496caf1a8dc838fae6bddce8c1e80fe4a9e8d5e742e1b43869fde40,678b4fbdc12a0d10443cf9b36da68bce2d7fe17521ed2c4b1dce4ae9fd5d17f7,4.19999999999709,-0.9250000000000114,-0.9000000000000057,0.20000000000000284,0.25
2026-09-11,PE,2026-09-11T05:53:00+00:00,2026-09-11T05:51:55.357448+00:00,2026-09-11T05:52:55.361671+00:00,60.004223,NIFTY|2026-09-15|23350|PE,678b4fbdc12a0d10443cf9b36da68bce2d7fe17521ed2c4b1dce4ae9fd5d17f7,656d94140bbf376c0689aa7110d999f5ab8baca0f1b00e8e889b1f82c4162823,6.30000000000291,-4.724999999999994,-4.75,0.25,0.20000000000000284
2026-09-11,PE,2026-09-11T05:55:00+00:00,2026-09-11T05:53:55.348489+00:00,2026-09-11T05:54:55.362391+00:00,60.013902,NIFTY|2026-09-15|23350|PE,3a23bd3d99cc3a491d1d40e433d06d9d16f823408f26e8423d5ebf146916bae0,8a0df946be2772c086c8107ad82c3f93c138fcf293cf847b435ef8e45cac398d,3.6999999999970896,-0.25,-0.3999999999999915,0.20000000000000284,0.20000000000000284
2026-09-11,PE,2026-09-11T05:57:00+00:00,2026-09-11T05:55:50.372432+00:00,2026-09-11T05:56:55.346072+00:00,64.97364,NIFTY|2026-09-15|23350|PE,15dce38f8059d839eefeabad37206feb9506c96445221b4e44dd97d62108bbba,22c33c2f42fdb790d52f49d2e34ef5d81f82286f22cd03e492e89fb1e157d6e6,-3.349999999998545,2.3499999999999943,2.0999999999999943,0.19999999999998863,0.20000000000000284
2026-09-11,PE,2026-09-11T05:58:00+00:00,2026-09-11T05:56:55.346072+00:00,2026-09-11T05:57:55.353570+00:00,60.007498,NIFTY|2026-09-15|23350|PE,22c33c2f42fdb790d52f49d2e34ef5d81f82286f22cd03e492e89fb1e157d6e6,c206ae0ec5d042ff627d811991c1bd882ebbc9218622b460a5081d3be347b92e,-0.5,-0.6749999999999972,-0.25,0.20000000000000284,0.25
2026-09-11,PE,2026-09-11T05:59:00+00:00,2026-09-11T05:57:55.353570+00:00,2026-09-11T05:58:55.364675+00:00,60.011105,NIFTY|2026-09-15|23350|PE,c206ae0ec5d042ff627d811991c1bd882ebbc9218622b460a5081d3be347b92e,1089fbd00a56117322b393f3e92bae15fc308593188d6b90cc5d966e0b433180,-4.700000000000728,2.549999999999997,2.5,0.25,0.25
2026-09-11,PE,2026-09-11T06:00:00+00:00,2026-09-11T05:58:55.364675+00:00,2026-09-11T05:59:55.433615+00:00,60.06894,NIFTY|2026-09-15|23350|PE,1089fbd00a56117322b393f3e92bae15fc308593188d6b90cc5d966e0b433180,20767986d06c5197073d5068a7748366ae91ed3c106a1f6e2a8d22b1129a9d8c,-0.3499999999985448,0.07500000000001705,0.10000000000000853,0.25,0.29999999999999716
2026-09-11,PE,2026-09-11T06:02:00+00:00,2026-09-11T06:00:50.353309+00:00,2026-09-11T06:01:55.349822+00:00,64.996513,NIFTY|2026-09-15|23350|PE,a395f226a419395325819f5b5e06a30495c831f9206ffeda1727984b68efa0b4,398b7b74362628846280f3436459d4a115fc6a348d1bec352b095a3f82a57a51,-2.0,1.2000000000000028,1.2000000000000028,0.25,0.25
2026-09-11,PE,2026-09-11T06:03:00+00:00,2026-09-11T06:01:55.349822+00:00,2026-09-11T06:02:55.393538+00:00,60.043716,NIFTY|2026-09-15|23350|PE,398b7b74362628846280f3436459d4a115fc6a348d1bec352b095a3f82a57a51,e46989d0b41213ff2b2937d44b90f58f01edad4d77bd1910883348da55375d33,6.850000000002183,-2.825000000000003,-3.049999999999997,0.25,0.19999999999998863
2026-09-11,PE,2026-09-11T06:06:00+00:00,2026-09-11T06:04:55.351735+00:00,2026-09-11T06:05:55.357864+00:00,60.006129,NIFTY|2026-09-15|23350|PE,eb1920badd805635f82b3d76c414f77d925e2aa0b8f6763cb431585046c909c4,6136dc9f971523febbf613933ae9c107a76e71ea544fa823ac0257a6affc0599,-3.650000000001455,2.0,1.4000000000000057,0.25,0.15000000000000568
2026-09-11,PE,2026-09-11T06:07:00+00:00,2026-09-11T06:05:55.357864+00:00,2026-09-11T06:06:55.359850+00:00,60.001986,NIFTY|2026-09-15|23350|PE,6136dc9f971523febbf613933ae9c107a76e71ea544fa823ac0257a6affc0599,f734cff049cced534e812ea15842fb1fe782bb302ab5238c067d11cf9304c203,6.5,-3.8500000000000085,-3.450000000000003,0.15000000000000568,0.25
2026-09-11,PE,2026-09-11T06:09:00+00:00,2026-09-11T06:07:55.355025+00:00,2026-09-11T06:08:55.362252+00:00,60.007227,NIFTY|2026-09-15|23350|PE,04ae577172ca7cb56bb30cd5a83b2c3676b99931954237c725248cf73dd3da53,8cb6f78dff9044120a319759f45704fe079e03f250e0730b23793296637b23c6,-1.25,1.8499999999999943,1.1500000000000057,0.25,0.04999999999999716
2026-09-11,PE,2026-09-11T06:11:00+00:00,2026-09-11T06:09:55.354374+00:00,2026-09-11T06:10:55.354862+00:00,60.000488,NIFTY|2026-09-15|23350|PE,51bfa8ce12f31e5a91f039182cddcb527ffd585b5f72e0acf2829f818e375970,7e80649ff32c3b93ec630bc48f5c1ea8899185c99e994b074b82f1f38a1b9714,3.1999999999970896,-1.6500000000000057,-1.75,0.25,0.05000000000001137
2026-09-11,PE,2026-09-11T06:12:00+00:00,2026-09-11T06:10:55.354862+00:00,2026-09-11T06:11:55.357274+00:00,60.002412,NIFTY|2026-09-15|23350|PE,7e80649ff32c3b93ec630bc48f5c1ea8899185c99e994b074b82f1f38a1b9714,b171f369e91e688069bd162ee5f8f8bdafd3a97951c34e0d118ce553ce43989a,4.350000000002183,-2.9000000000000057,-2.4000000000000057,0.05000000000001137,0.25
2026-09-11,PE,2026-09-11T06:14:00+00:00,2026-09-11T06:12:55.351525+00:00,2026-09-11T06:13:55.354415+00:00,60.00289,NIFTY|2026-09-15|23350|PE,9b917d3e39c4022e9194a504e16c4b60dac6df02ee87a675183c16bee807b79a,8c96ebddfcfdf257826718f70c94c41e2d0e7661a523d8d234d470c1ddce30b8,2.349999999998545,-0.22499999999999432,0.0,0.29999999999999716,0.25
2026-09-11,PE,2026-09-11T06:16:00+00:00,2026-09-11T06:14:55.353376+00:00,2026-09-11T06:15:55.361796+00:00,60.00842,NIFTY|2026-09-15|23350|PE,ba3d9c73640c17bb4b99aaa57a717b638163ea5626e8c0c28cdc00af1fcfd1b5,72fd96fdb6c580e8efe8e7338f8351fbe2c85f493012bf1b31bdf58f2bb095ab,-4.049999999999272,0.7000000000000028,0.5500000000000114,0.09999999999999432,0.20000000000000284
2026-09-11,PE,2026-09-11T06:17:00+00:00,2026-09-11T06:15:55.361796+00:00,2026-09-11T06:16:55.368387+00:00,60.006591,NIFTY|2026-09-15|23350|PE,72fd96fdb6c580e8efe8e7338f8351fbe2c85f493012bf1b31bdf58f2bb095ab,374e78b222024a023a7c49f98e92904032f98a71fde650125342eff0411dc873,5.349999999998545,-1.9000000000000057,-2.0,0.20000000000000284,0.19999999999998863
2026-09-11,PE,2026-09-11T06:19:00+00:00,2026-09-11T06:17:55.361243+00:00,2026-09-11T06:18:55.361759+00:00,60.000516,NIFTY|2026-09-15|23350|PE,fc86084e7b7d81521a025e7169ea7a18096f1ba6ccb64016aa01984842799a90,7922209cd97d35f18e5ea952b46aecd5d4abdcff10cf017ec6166e0ea1cb771f,-10.149999999997817,4.700000000000003,4.099999999999994,0.15000000000000568,0.25
2026-09-11,PE,2026-09-11T06:21:00+00:00,2026-09-11T06:19:55.347632+00:00,2026-09-11T06:20:55.366922+00:00,60.01929,NIFTY|2026-09-15|23350|PE,0209304a3de2e82f54192d805b53f185e0ee88a4950cbbee70c3cbcaf39c38d2,a38052647114c3c2bccce435cdd0456fe9a2a7c83f44b01541f69e0b1f36b31f,0.5,-1.3499999999999943,-1.3499999999999943,0.25,0.25
2026-09-11,PE,2026-09-11T06:23:00+00:00,2026-09-11T06:21:55.353613+00:00,2026-09-11T06:22:55.360402+00:00,60.006789,NIFTY|2026-09-15|23350|PE,c6e2e40b5599524b89429830e15f658acfca9e63e3f7a41ffa8f3705b89bfd7e,841c7b04c2f1f4c7821e6c900d368dbd2f018535fcd0f7b7008aa686751eee6f,-6.0,0.9000000000000057,0.75,0.19999999999998863,0.29999999999999716
2026-09-11,PE,2026-09-11T06:24:00+00:00,2026-09-11T06:22:55.360402+00:00,2026-09-11T06:23:55.373972+00:00,60.01357,NIFTY|2026-09-15|23350|PE,841c7b04c2f1f4c7821e6c900d368dbd2f018535fcd0f7b7008aa686751eee6f,ac5fd2e110c0432e19bc5d85f99d815145355c1228f992d57a6f3bdb344781e8,-1.5499999999992724,0.32499999999998863,-0.4000000000000057,0.29999999999999716,0.14999999999999147
2026-09-11,PE,2026-09-11T06:26:00+00:00,2026-09-11T06:24:50.355520+00:00,2026-09-11T06:25:55.352468+00:00,64.996948,NIFTY|2026-09-15|23350|PE,b5a6ee4ecf7aa4f9532551cc3fbc9f14c313f7569b69f1ef0fcb777f8773a1bb,8c679adeb271b92c86bc1191718628863a2758c0deb33d6bc298c354a5029c32,2.7999999999992724,-0.29999999999999716,-0.10000000000000853,0.14999999999999147,0.25
2026-09-11,PE,2026-09-11T06:27:00+00:00,2026-09-11T06:25:55.352468+00:00,2026-09-11T06:26:55.370915+00:00,60.018447,NIFTY|2026-09-15|23350|PE,8c679adeb271b92c86bc1191718628863a2758c0deb33d6bc298c354a5029c32,ab1f12d39f1e3dd4d1bb1021b0f67c73302eec4b598fe7e81674a8036bc369d6,2.850000000002183,-2.3499999999999943,-2.3999999999999915,0.25,0.15000000000000568
2026-09-11,PE,2026-09-11T06:29:00+00:00,2026-09-11T06:27:55.361086+00:00,2026-09-11T06:28:55.361925+00:00,60.000839,NIFTY|2026-09-15|23350|PE,3b74854c106be8d9b7e9e0350340cc15c51bb920902923b0664230bc31332a84,3734017f39ab80aa2be892c7bb3da0d9ecfb378851cfa07588fcbfb3c7dd3037,2.5,-1.1749999999999972,-1.1499999999999915,0.25,0.20000000000000284
2026-09-11,PE,2026-09-11T06:31:00+00:00,2026-09-11T06:29:55.358116+00:00,2026-09-11T06:30:55.359522+00:00,60.001406,NIFTY|2026-09-15|23350|PE,9a4c19ec6e45d48f18c85f5156f52c759687f693a03481c1e043b5cb7053b5da,2386d7d817568a4dabad377eb8672eeac83e9d0c5ca80b3229e4d2381cbf9c49,0.2000000000007276,-0.20000000000000284,-0.04999999999999716,0.15000000000000568,0.25
2026-09-11,PE,2026-09-11T06:33:00+00:00,2026-09-11T06:31:50.352884+00:00,2026-09-11T06:32:55.347536+00:00,64.994652,NIFTY|2026-09-15|23350|PE,7673e8f65d18eb268d87871fe9795b1894c83b01b53f9ddaa8c4f37ff8bd679a,80774db9285e6d37057375f52be54a23bc2c4350f44107de981ed70a7e71c180,-0.5500000000029104,-0.125,-0.20000000000000284,0.09999999999999432,0.15000000000000568
2026-09-11,PE,2026-09-11T06:34:00+00:00,2026-09-11T06:32:55.347536+00:00,2026-09-11T06:33:55.348232+00:00,60.000696,NIFTY|2026-09-15|23350|PE,80774db9285e6d37057375f52be54a23bc2c4350f44107de981ed70a7e71c180,fbedc87501db673593dd19c11a4e35f036bc665f68bc0cfee24a30ee72d8a74a,1.1500000000014552,0.42499999999999716,0.3500000000000085,0.15000000000000568,0.20000000000000284
2026-09-11,PE,2026-09-11T06:35:00+00:00,2026-09-11T06:33:55.348232+00:00,2026-09-11T06:34:55.354057+00:00,60.005825,NIFTY|2026-09-15|23350|PE,fbedc87501db673593dd19c11a4e35f036bc665f68bc0cfee24a30ee72d8a74a,b44375f87b203b93e8af0f0739237f4ea023d22e348a208c624576bd57a9d6d3,1.8499999999985448,0.22500000000000853,0.5,0.20000000000000284,0.15000000000000568
2026-09-11,PE,2026-09-11T06:36:00+00:00,2026-09-11T06:34:55.354057+00:00,2026-09-11T06:35:55.581792+00:00,60.227735,NIFTY|2026-09-15|23350|PE,b44375f87b203b93e8af0f0739237f4ea023d22e348a208c624576bd57a9d6d3,c09ab39f9679b813d5486bd570201490c8c6963f15ca980bf3682c3bbb29d7aa,0.6500000000014552,-1.1250000000000142,-1.2000000000000028,0.15000000000000568,0.20000000000000284
2026-09-11,PE,2026-09-11T06:38:00+00:00,2026-09-11T06:36:55.348992+00:00,2026-09-11T06:37:55.358982+00:00,60.00999,NIFTY|2026-09-15|23350|PE,130e7d71a36c41b31cce20fcfb4fe149fa59e68700e63f4fcc0b47db6c2ce1ae,0a16ba27407b553a70641f005a73fc80a4a07003c270572232f4ffcaf2effbfb,1.1500000000014552,-0.875,-0.8499999999999943,0.25,0.20000000000000284
2026-09-11,PE,2026-09-11T06:40:00+00:00,2026-09-11T06:38:50.354329+00:00,2026-09-11T06:39:55.349700+00:00,64.995371,NIFTY|2026-09-15|23350|PE,20d8784b4a93a500a94f7e2ab25f80be232a26f88c719fd1384b21d19faff96d,3223c37079ee17dd662fb4c043474452dc1b9a676d16dfe8843e8713737d0653,-1.3500000000021828,-0.22499999999999432,0.0,0.25,0.20000000000000284
2026-09-11,PE,2026-09-11T06:41:00+00:00,2026-09-11T06:39:55.349700+00:00,2026-09-11T06:40:55.391501+00:00,60.041801,NIFTY|2026-09-15|23350|PE,3223c37079ee17dd662fb4c043474452dc1b9a676d16dfe8843e8713737d0653,b94b23acb3c71661afda18c107c393a1555ca839d277aedd3facbf945e257ac8,-6.299999999999272,3.7749999999999915,4.0,0.20000000000000284,0.25
2026-09-11,PE,2026-09-11T06:43:00+00:00,2026-09-11T06:41:55.352338+00:00,2026-09-11T06:42:55.352638+00:00,60.0003,NIFTY|2026-09-15|23350|PE,9452147d50eb004fe67c8fd4822ef2da40ae55c0697cd46a68d66cb59dc8464f,0fb2a5181e6b1b781919309c571ada23256507fd5df642703a0e5e8bcf8f7e79,-9.350000000002183,1.924999999999983,2.0999999999999943,0.20000000000000284,0.25
2026-09-11,PE,2026-09-11T06:44:00+00:00,2026-09-11T06:42:55.352638+00:00,2026-09-11T06:43:55.360882+00:00,60.008244,NIFTY|2026-09-15|23350|PE,0fb2a5181e6b1b781919309c571ada23256507fd5df642703a0e5e8bcf8f7e79,e98d00232a67bfd76269c17cbfd8bd3c22895e4e533acf3716ee6705e79fc340,-4.649999999997817,1.9000000000000057,2.049999999999997,0.25,0.25
2026-09-11,PE,2026-09-11T06:46:00+00:00,2026-09-11T06:44:55.438004+00:00,2026-09-11T06:45:55.816509+00:00,60.378505,NIFTY|2026-09-15|23350|PE,0dfec623d17e21e8dcb1ef5b9b61c34a53544d09ad21607fee0bde5b3f1d78f3,bb809d07212edc159a8cabf3c551950adc465b24cc98902ff9232b4d95c5c148,-3.849999999998545,3.200000000000003,2.75,0.15000000000000568,0.25
2026-09-11,PE,2026-09-11T06:49:00+00:00,2026-09-11T06:47:50.349530+00:00,2026-09-11T06:48:55.346600+00:00,64.99707,NIFTY|2026-09-15|23350|PE,53d26f0e55938bb39a00d344c417b9320f32bdf4b34635b7fb6816c14a4fc7bd,81568c1cba95d7cd6e79ecb0310153fb7bda9a90d712ae9b3b5003a404849619,3.850000000002183,-1.549999999999983,-1.8499999999999943,0.04999999999999716,0.25
2026-09-11,PE,2026-09-11T06:50:00+00:00,2026-09-11T06:48:55.346600+00:00,2026-09-11T06:49:55.359084+00:00,60.012484,NIFTY|2026-09-15|23350|PE,81568c1cba95d7cd6e79ecb0310153fb7bda9a90d712ae9b3b5003a404849619,4c2c4232ef520163a1dad1d0768f3fcddceeaad7a8ccc2491cd7f9d5727d8df1,-0.6500000000014552,0.625,1.0,0.25,0.29999999999999716
2026-09-11,PE,2026-09-11T06:51:00+00:00,2026-09-11T06:49:55.359084+00:00,2026-09-11T06:50:55.359236+00:00,60.000152,NIFTY|2026-09-15|23350|PE,4c2c4232ef520163a1dad1d0768f3fcddceeaad7a8ccc2491cd7f9d5727d8df1,62cc2500cccc5b052cf77418df768c32e69144a8877b4175801abe5ab3e3b91d,-6.649999999997817,1.5749999999999886,1.5,0.29999999999999716,0.25
2026-09-11,PE,2026-09-11T06:54:00+00:00,2026-09-11T06:52:55.344011+00:00,2026-09-11T06:53:55.352118+00:00,60.008107,NIFTY|2026-09-15|23350|PE,e42b0bbf76130e7a96c38720634deb3d48aa98d2a2c6fccce1daea94b2045534,53e8aef37cebd3d5c8e5b65978f4630e05177a75c6ba2094019656d0bc274a7b,7.399999999997817,-2.3499999999999943,-2.3999999999999915,0.20000000000000284,0.29999999999999716
2026-09-11,PE,2026-09-11T06:56:00+00:00,2026-09-11T06:54:55.349980+00:00,2026-09-11T06:55:55.912673+00:00,60.562693,NIFTY|2026-09-15|23350|PE,02d43244dab856b03c188feeb188af8311855a785aa40a6d5beebcc42db20761,a6ba5d996bb0bc25676044d3b030b883fb800176977aa0ecd28bece5c0f6ffa1,-3.7000000000007276,2.924999999999983,2.950000000000003,0.25,0.20000000000000284
2026-09-11,PE,2026-09-11T06:58:00+00:00,2026-09-11T06:56:55.346860+00:00,2026-09-11T06:57:55.362643+00:00,60.015783,NIFTY|2026-09-15|23350|PE,ac93905591a71cfed241bdf5051b0a5becefc8b432ad52450fdcba8be5a7ba3e,3b2b040dfd754be9f1066e1613217c54dbb2bd17023284f702ed1d4239e0ef7b,-1.6999999999970896,0.8000000000000114,0.6500000000000057,0.14999999999999147,0.25
2026-09-11,PE,2026-09-11T07:00:00+00:00,2026-09-11T06:58:50.349428+00:00,2026-09-11T06:59:55.347554+00:00,64.998126,NIFTY|2026-09-15|23350|PE,b501167a1cc7e050980cb8719af975ea19e137ccacc6c01d218ba287285371fc,e4f3230c64f779153466521915d889160e3963a5e5a8c940ef4e520d0de91371,0.1500000000014552,-0.09999999999999432,-0.20000000000000284,0.25,0.04999999999999716
2026-09-11,PE,2026-09-11T07:01:00+00:00,2026-09-11T06:59:55.347554+00:00,2026-09-11T07:00:55.353609+00:00,60.006055,NIFTY|2026-09-15|23350|PE,e4f3230c64f779153466521915d889160e3963a5e5a8c940ef4e520d0de91371,f19eb10fefaef113e9e690363f8bf78e1908356e20a543305971220dffe870c6,2.099999999998545,-2.375,-2.25,0.04999999999999716,0.29999999999999716
2026-09-11,PE,2026-09-11T07:04:00+00:00,2026-09-11T07:02:55.345211+00:00,2026-09-11T07:03:55.345933+00:00,60.000722,NIFTY|2026-09-15|23350|PE,9d075f0b8ea42a768d5dc6c49898143848dfd4802a30c185d26005cab25248f1,53b5823e332ccb81417ef09489a7e3eeaf319b91f91d91e9bd12fdfb65ac686a,-6.100000000002183,3.549999999999997,3.6499999999999915,0.25,0.04999999999999716
2026-09-11,PE,2026-09-11T07:06:00+00:00,2026-09-11T07:04:55.343502+00:00,2026-09-11T07:05:55.363560+00:00,60.020058,NIFTY|2026-09-15|23350|PE,b1c54e48f0ae151e506b9ded743a5f5645b53ee798b581bed1ce868f2dfcfe64,eb4160ad17c06bf5e0be75fae72e4b960b387be8417aefe7454902c85a7c9832,2.650000000001455,-0.30000000000001137,-0.25,0.25,0.25
2026-09-11,PE,2026-09-11T07:08:00+00:00,2026-09-11T07:06:55.347655+00:00,2026-09-11T07:07:55.356071+00:00,60.008416,NIFTY|2026-09-15|23350|PE,d2285fa1935d3d148d9b1bf338138c6fa9709d18d4a43c425487e323845e5cd5,81f13d0a025a0cda6c22d3c2d4fc66e8db0d3a0e2f104edca8b8278cdaa51b5c,6.0,-2.1000000000000085,-2.299999999999997,0.15000000000000568,0.04999999999999716
2026-09-11,PE,2026-09-11T07:09:00+00:00,2026-09-11T07:07:55.356071+00:00,2026-09-11T07:08:55.359520+00:00,60.003449,NIFTY|2026-09-15|23350|PE,81f13d0a025a0cda6c22d3c2d4fc66e8db0d3a0e2f104edca8b8278cdaa51b5c,90df4f9ff63f5f6126a3b50487c2613b920c7ab967904d82e7572f028c80f4d5,-2.349999999998545,1.1000000000000085,1.25,0.04999999999999716,0.25
2026-09-11,PE,2026-09-11T07:10:00+00:00,2026-09-11T07:08:55.359520+00:00,2026-09-11T07:09:55.360848+00:00,60.001328,NIFTY|2026-09-15|23350|PE,90df4f9ff63f5f6126a3b50487c2613b920c7ab967904d82e7572f028c80f4d5,17abb1b18cd25c0c8cae4487270c0aaae5f89f97ea18f897e2dcd17248b092a3,-1.0500000000029104,0.22499999999999432,0.14999999999999147,0.25,0.09999999999999432
2026-09-11,PE,2026-09-11T07:12:00+00:00,2026-09-11T07:10:55.351352+00:00,2026-09-11T07:11:55.372905+00:00,60.021553,NIFTY|2026-09-15|23350|PE,987395276098ab2d1cf521179c877e9a5aaf44bb43d255921564fde08fa3e671,909ea9b4f483162ef242c19a9bd3c722e43bfc50d2ef87989a086346b49e0fd9,6.049999999999272,-2.575000000000003,-2.549999999999997,0.09999999999999432,0.25
2026-09-11,PE,2026-09-11T07:14:00+00:00,2026-09-11T07:12:50.359478+00:00,2026-09-11T07:13:55.349734+00:00,64.990256,NIFTY|2026-09-15|23350|PE,ed906e50ded9c50766da5f1cafc7527429ccd344fa9199103a4f3c99f862e6b6,4659003fccb90ce6f8db369428e31d75c8b034246afd864a1376496c7a382795,-2.150000000001455,0.9249999999999972,0.9000000000000057,0.20000000000000284,0.25
2026-09-11,PE,2026-09-11T07:15:00+00:00,2026-09-11T07:13:55.349734+00:00,2026-09-11T07:14:55.386931+00:00,60.037197,NIFTY|2026-09-15|23350|PE,4659003fccb90ce6f8db369428e31d75c8b034246afd864a1376496c7a382795,9ab31238d09ec286749865d405f87a9ce5d0bd4ab0610d05e7c480d70aa17440,-4.450000000000728,2.575000000000003,2.1499999999999915,0.25,0.10000000000000853
2026-09-11,PE,2026-09-11T07:17:00+00:00,2026-09-11T07:15:55.339658+00:00,2026-09-11T07:16:55.350831+00:00,60.011173,NIFTY|2026-09-15|23350|PE,96c672172058c1b2dbe75987cce9ddba2223b1112b734fc2f1563f097c2fe897,1e9307e2cb01e0c45bb2041cbb124ae799c85339de9a7e2868482d7b5428c929,-5.19999999999709,1.625,1.3999999999999915,0.25,0.19999999999998863
2026-09-11,PE,2026-09-11T07:18:00+00:00,2026-09-11T07:16:55.350831+00:00,2026-09-11T07:17:55.355155+00:00,60.004324,NIFTY|2026-09-15|23350|PE,1e9307e2cb01e0c45bb2041cbb124ae799c85339de9a7e2868482d7b5428c929,8490d0efa17927cda62ecc59050057b761017d9aa29c7fb931ac86a7fea1b6e6,-0.10000000000218279,0.8250000000000028,0.75,0.19999999999998863,0.25
2026-09-11,PE,2026-09-11T07:19:00+00:00,2026-09-11T07:17:55.355155+00:00,2026-09-11T07:18:55.355811+00:00,60.000656,NIFTY|2026-09-15|23350|PE,8490d0efa17927cda62ecc59050057b761017d9aa29c7fb931ac86a7fea1b6e6,aeddb1862e6c16ef5f7a4926f153963f714eb34921e18c73a4700aa089b3a07a,-0.4500000000007276,-1.2749999999999915,-0.9499999999999886,0.25,0.20000000000000284
2026-09-11,PE,2026-09-11T07:21:00+00:00,2026-09-11T07:19:55.350136+00:00,2026-09-11T07:20:55.352661+00:00,60.002525,NIFTY|2026-09-15|23350|PE,79e263c914409be644e3c11c9b4e741c8a5e1d91d5ba23b3a6b7b188451f5a4a,8080909d5ae134d81ddc4c3af619e548ae3c85a2e2cf667529aae010fa5fe49c,-2.399999999997817,1.625,1.4500000000000028,0.25,0.29999999999999716
2026-09-11,PE,2026-09-11T07:22:00+00:00,2026-09-11T07:20:55.352661+00:00,2026-09-11T07:21:55.354572+00:00,60.001911,NIFTY|2026-09-15|23350|PE,8080909d5ae134d81ddc4c3af619e548ae3c85a2e2cf667529aae010fa5fe49c,9b0eeadcd4e759126211f7bfcfa70c45ebe0bb2fd893ce886e53a80082b91321,-3.150000000001455,2.4250000000000114,2.549999999999997,0.29999999999999716,0.25
2026-09-11,PE,2026-09-11T07:23:00+00:00,2026-09-11T07:21:55.354572+00:00,2026-09-11T07:22:55.355548+00:00,60.000976,NIFTY|2026-09-15|23350|PE,9b0eeadcd4e759126211f7bfcfa70c45ebe0bb2fd893ce886e53a80082b91321,258ad24aa41fb5691026c633c77503a31da23141d3a504ed45b1cfb24ccfbdb8,6.099999999998545,-3.8500000000000085,-4.150000000000006,0.25,0.15000000000000568
2026-09-11,PE,2026-09-11T07:24:00+00:00,2026-09-11T07:22:55.355548+00:00,2026-09-11T07:23:55.389856+00:00,60.034308,NIFTY|2026-09-15|23350|PE,258ad24aa41fb5691026c633c77503a31da23141d3a504ed45b1cfb24ccfbdb8,aa30461c42b793ebc36e05db5eef3bc9596ca55db6615aa44e6474802994d795,2.2000000000007276,-2.325000000000003,-2.3499999999999943,0.15000000000000568,0.20000000000000284
2026-09-11,PE,2026-09-11T07:27:00+00:00,2026-09-11T07:25:55.351863+00:00,2026-09-11T07:26:55.353543+00:00,60.00168,NIFTY|2026-09-15|23350|PE,b4bde581eb3b136ccf82a2af81fa923ee26a0c2825e558cbbb88accc02f8dd14,38f66b44380f7f83fdadd81360bfca4691c624abcd461992a75a6f67b791a884,-1.1500000000014552,0.1250000000000142,0.5,0.15000000000000568,0.20000000000000284
2026-09-11,PE,2026-09-11T07:29:00+00:00,2026-09-11T07:27:50.350526+00:00,2026-09-11T07:28:55.344883+00:00,64.994357,NIFTY|2026-09-15|23350|PE,1b601eac03f19cb4e7f3a9325976983183077debe7b991a8f652930343c70ced,c4ff24bfaa420ed1b3fbd172e8d56b31209b8a05f04095cbc3f68ced3fb372af,6.0,-3.8499999999999943,-3.799999999999997,0.15000000000000568,0.15000000000000568
2026-09-11,PE,2026-09-11T07:31:00+00:00,2026-09-11T07:29:55.343854+00:00,2026-09-11T07:30:55.365131+00:00,60.021277,NIFTY|2026-09-15|23350|PE,e05d2d0986ea936b016a9b70fdc60b2a505de7252695860bb219cdd25229a1d5,8b56069b419bfddbb872dcf33a3c646181392340f2b86ea1bd18d5c3fa27f218,-6.200000000000728,2.0,2.0999999999999943,0.15000000000000568,0.25
2026-09-11,PE,2026-09-11T07:33:00+00:00,2026-09-11T07:31:55.345444+00:00,2026-09-11T07:32:55.352966+00:00,60.007522,NIFTY|2026-09-15|23350|PE,5901beb6d7b711aa1c5ef0dcc9d1afa9a5ca767603f148310213dc55e10a4920,b238ba4992b2331549d015b23831c82d7e5db2b4eaeab70b3f09a3d373b730c9,-1.3500000000021828,-0.1250000000000142,-0.15000000000000568,0.25,0.20000000000000284
2026-09-11,PE,2026-09-11T07:35:00+00:00,2026-09-11T07:33:55.344494+00:00,2026-09-11T07:34:55.351840+00:00,60.007346,NIFTY|2026-09-15|23350|PE,a2609ee3505f82943234534810ec931e5e70b7a8c8a5fb2cbbf4dfd31b32c858,4a8ef29056ce00a09042a606b3d30bb2a33e07a422a7b7c2c6c79a4497b9f2bb,-3.400000000001455,3.3249999999999886,2.799999999999997,0.29999999999999716,0.25
2026-09-11,PE,2026-09-11T07:38:00+00:00,2026-09-11T07:36:55.350452+00:00,2026-09-11T07:37:55.350658+00:00,60.000206,NIFTY|2026-09-15|23350|PE,1462e2c9a61431971a6e167b41bfba0d526e7e38ebdfa9d3ae35a2011a9a6292,45ebe8692cc6fd47d82df006a51313b4f6cea952b73f4d50ff290fce9f9bfa5c,6.80000000000291,-1.6249999999999858,-2.0,0.25,0.29999999999999716
2026-09-11,PE,2026-09-11T07:39:00+00:00,2026-09-11T07:37:55.350658+00:00,2026-09-11T07:38:55.371867+00:00,60.021209,NIFTY|2026-09-15|23350|PE,45ebe8692cc6fd47d82df006a51313b4f6cea952b73f4d50ff290fce9f9bfa5c,0e3e0935e8a4b2427c6b4526d2915f7fcfff141cbc72ab8d1c22441aac3148ea,0.09999999999854481,0.5999999999999943,0.7999999999999972,0.29999999999999716,0.20000000000000284
2026-09-11,PE,2026-09-11T07:41:00+00:00,2026-09-11T07:39:50.352837+00:00,2026-09-11T07:40:55.349810+00:00,64.996973,NIFTY|2026-09-15|23350|PE,0edfdd02ed9fd3dd85d28d8e83bc36b5d3207aa687441369d41ea02cb2b56046,71bc3764a01211622614c20e7480500f48cc1e2f1780d35ddb45b6a666e0ce54,-1.0499999999992724,-0.4749999999999943,-0.6000000000000085,0.25,0.29999999999999716
2026-09-11,PE,2026-09-11T07:44:00+00:00,2026-09-11T07:42:55.355302+00:00,2026-09-11T07:43:55.370915+00:00,60.015613,NIFTY|2026-09-15|23350|PE,a4ab1b7fa8e97759eb2b72e488f811d1e37342a289e2436dbf9548bf29c36450,15ca3fd49d634bae9dda5aff407554243a3a28b81d9a63a98c89e240045d1b90,4.349999999998545,-0.8499999999999943,-0.6500000000000057,0.20000000000000284,0.20000000000000284
2026-09-11,PE,2026-09-11T07:46:00+00:00,2026-09-11T07:44:50.347557+00:00,2026-09-11T07:45:55.346290+00:00,64.998733,NIFTY|2026-09-15|23350|PE,12b3ef6351d104003cfff28dcf8bb9c83d93ce2c013901152e53ea55e15f9f07,319d358824e1aef45a36462cf2ef38786314c38dc0c570ea920e9c22124a57d7,-2.599999999998545,1.4000000000000057,1.5,0.25,0.25
2026-09-11,PE,2026-09-11T07:47:00+00:00,2026-09-11T07:45:55.346290+00:00,2026-09-11T07:46:55.348168+00:00,60.001878,NIFTY|2026-09-15|23350|PE,319d358824e1aef45a36462cf2ef38786314c38dc0c570ea920e9c22124a57d7,36a8d0448493b288406c03eb6886c74064b4bc0063ed2eaa228ee8b8faa0330a,2.399999999997817,-1.3750000000000142,-1.3500000000000085,0.25,0.20000000000000284
2026-09-11,PE,2026-09-11T07:48:00+00:00,2026-09-11T07:46:55.348168+00:00,2026-09-11T07:47:55.357610+00:00,60.009442,NIFTY|2026-09-15|23350|PE,36a8d0448493b288406c03eb6886c74064b4bc0063ed2eaa228ee8b8faa0330a,cf362d769726f8c21962c34750f36bf3b1a32e2dea00d0fc59d76a25b38011c8,-0.09999999999854481,0.42500000000001137,0.30000000000001137,0.20000000000000284,0.25
2026-09-11,PE,2026-09-11T07:50:00+00:00,2026-09-11T07:48:50.345890+00:00,2026-09-11T07:49:55.342961+00:00,64.997071,NIFTY|2026-09-15|23350|PE,990050ec4cb5ae591b0a9136d9cb59c4e6589fb49825eb2ad42334f44e0ebb33,e335d2c582263af27ad5ff8f01f3480fb2e80e88bd99d5860ab10fa5d1e2e750,-4.650000000001455,1.6999999999999886,1.8499999999999943,0.25,0.04999999999999716
2026-09-11,PE,2026-09-11T07:51:00+00:00,2026-09-11T07:49:55.342961+00:00,2026-09-11T07:50:55.351145+00:00,60.008184,NIFTY|2026-09-15|23350|PE,e335d2c582263af27ad5ff8f01f3480fb2e80e88bd99d5860ab10fa5d1e2e750,18f0dc3c6785a3a730c1d07463477afe7746cf8fa719e063df73f19db6c9f459,-1.3999999999978172,1.4000000000000057,1.4500000000000028,0.04999999999999716,0.25
2026-09-11,PE,2026-09-11T07:52:00+00:00,2026-09-11T07:50:55.351145+00:00,2026-09-11T07:51:55.353589+00:00,60.002444,NIFTY|2026-09-15|23350|PE,18f0dc3c6785a3a730c1d07463477afe7746cf8fa719e063df73f19db6c9f459,caf19dde831af30539d3c6ffd1976782fc792a5b0bdeca3b3f6aa407ab4d60c2,5.0,-3.0250000000000057,-2.9000000000000057,0.25,0.29999999999999716
2026-09-11,PE,2026-09-11T07:54:00+00:00,2026-09-11T07:52:50.349061+00:00,2026-09-11T07:53:55.347099+00:00,64.998038,NIFTY|2026-09-15|23350|PE,8d1973f731dda939608333a58b8d08fe1ec2669277485f29de98ed741dbc486d,3926ccbafc45731d20977b0e4fdd6b434e3602bd910462c9b2e93c2fffab96e3,2.599999999998545,-1.1750000000000114,-1.0999999999999943,0.20000000000000284,0.15000000000000568
2026-09-11,PE,2026-09-11T07:56:00+00:00,2026-09-11T07:54:50.344906+00:00,2026-09-11T07:55:55.342004+00:00,64.997098,NIFTY|2026-09-15|23350|PE,b06720adc2c45831d64031803283b8aa7dd55d4600ef9618a104fff70bf0a3fa,6a3a050e203c0d94783f70310afe4396d9324c4bacb89e245ec5dbe9e70c0743,-1.0999999999985448,0.5499999999999972,0.6500000000000057,0.05000000000001137,0.25
2026-09-11,PE,2026-09-11T07:57:00+00:00,2026-09-11T07:55:55.342004+00:00,2026-09-11T07:56:55.356299+00:00,60.014295,NIFTY|2026-09-15|23350|PE,6a3a050e203c0d94783f70310afe4396d9324c4bacb89e245ec5dbe9e70c0743,aa15d2a6e3f39aefc0c5cc9978ec5b082c29b980f40c2c40aaa35c3bfd689eab,3.7999999999992724,-1.0249999999999915,-0.8500000000000085,0.25,0.29999999999999716
2026-09-11,PE,2026-09-11T07:59:00+00:00,2026-09-11T07:57:55.344700+00:00,2026-09-11T07:58:55.349803+00:00,60.005103,NIFTY|2026-09-15|23350|PE,bb7ff069443820a1eab585afdc5e1ea8515099e602d4be3f936ebfeaa60c8072,42e507119658c3ea14f9e809836ad72557dd5c3a4d0d0a13c23e816232b47cda,-2.5500000000029104,0.8500000000000085,0.75,0.25,0.25
2026-09-11,PE,2026-09-11T08:00:00+00:00,2026-09-11T07:58:55.349803+00:00,2026-09-11T07:59:55.356908+00:00,60.007105,NIFTY|2026-09-15|23350|PE,42e507119658c3ea14f9e809836ad72557dd5c3a4d0d0a13c23e816232b47cda,ce5d089a4e9cc331ce4ad8d45db8a16895d2fa34b5e6aee94646061e0099b07a,6.600000000002183,-2.4000000000000057,-2.5999999999999943,0.25,0.15000000000000568
2026-09-11,PE,2026-09-11T08:02:00+00:00,2026-09-11T08:00:55.346605+00:00,2026-09-11T08:01:55.362472+00:00,60.015867,NIFTY|2026-09-15|23350|PE,a36e81b78c6b59a24ffdfffee6b77c35e843a5077b70ce8b3a4bd391773d6c56,db6bf1fabaf83b670e0259e9a2a99dbd8fcfd341c2e90d196fe1ed7bb4909a22,-0.25,0.5750000000000028,0.7999999999999972,0.19999999999998863,0.25
2026-09-11,PE,2026-09-11T08:04:00+00:00,2026-09-11T08:02:55.344466+00:00,2026-09-11T08:03:55.346600+00:00,60.002134,NIFTY|2026-09-15|23350|PE,a36d45de19835555305c5cb453a9a3910677ff645d4c6f5bc2681ea97bc2432b,b041509a7273b3136e91b9589a2c1200bf857e5913bd610943b1f5c270230e60,-3.5499999999992724,3.7749999999999915,3.950000000000003,0.20000000000000284,0.15000000000000568
2026-09-11,PE,2026-09-11T08:05:00+00:00,2026-09-11T08:03:55.346600+00:00,2026-09-11T08:04:55.358392+00:00,60.011792,NIFTY|2026-09-15|23350|PE,b041509a7273b3136e91b9589a2c1200bf857e5913bd610943b1f5c270230e60,0fa8ed9f791e1584d5511c06640425e27bb7e6da6c5b72c779da365038c5d43b,-6.049999999999272,0.7999999999999972,1.0999999999999943,0.15000000000000568,0.25
2026-09-11,PE,2026-09-11T08:07:00+00:00,2026-09-11T08:05:55.345903+00:00,2026-09-11T08:06:55.357648+00:00,60.011745,NIFTY|2026-09-15|23350|PE,0c3c9b25637646df3d1f704e735d3c358bd1a9acc3f9256c208d580ba47445fe,e2f22143650b8e84fc951b5a80db6bdb81a71da0b6f47964510a8e4b83bdf1d4,-3.2000000000007276,0.7750000000000057,0.5999999999999943,0.20000000000000284,0.25
2026-09-11,PE,2026-09-11T08:09:00+00:00,2026-09-11T08:07:55.347915+00:00,2026-09-11T08:08:55.349133+00:00,60.001218,NIFTY|2026-09-15|23350|PE,5a2563edca76444742446d1a1eb27634936aeb41eadc2de832d954c8caa8e6a5,47adb596297cd73f12cdc988cbdd114ee670816563db18cc7a005c4a1c222887,5.0,-0.32500000000001705,-0.10000000000000853,0.29999999999999716,0.25
2026-09-11,PE,2026-09-11T08:10:00+00:00,2026-09-11T08:08:55.349133+00:00,2026-09-11T08:09:55.350890+00:00,60.001757,NIFTY|2026-09-15|23350|PE,47adb596297cd73f12cdc988cbdd114ee670816563db18cc7a005c4a1c222887,3536f6a81f44ac417db54fe3fe8722f12c2d57abe8f847e29d327c727f9ce2d9,-5.350000000002183,2.075000000000017,2.299999999999997,0.25,0.20000000000000284
2026-09-11,PE,2026-09-11T08:11:00+00:00,2026-09-11T08:09:55.350890+00:00,2026-09-11T08:10:55.351870+00:00,60.00098,NIFTY|2026-09-15|23350|PE,3536f6a81f44ac417db54fe3fe8722f12c2d57abe8f847e29d327c727f9ce2d9,30614dff7440c1f05be3a50fe14632e46c872004d5918bc71e2c5dd95acb1093,8.25,-3.0250000000000057,-3.1999999999999886,0.20000000000000284,0.25
2026-09-11,PE,2026-09-11T08:14:00+00:00,2026-09-11T08:12:50.347440+00:00,2026-09-11T08:13:55.345583+00:00,64.998143,NIFTY|2026-09-15|23350|PE,f0e8aceef620b12f2fee068fce2f171633931b499ece81006020b05a4bc387be,add397fc4b7d4100a6f0dedca954faf3e179e39b2f68b12c63180f51fb0cbb97,2.75,-2.2750000000000057,-2.5,0.29999999999999716,0.25
2026-09-11,PE,2026-09-11T08:18:00+00:00,2026-09-11T08:16:55.342650+00:00,2026-09-11T08:17:55.350901+00:00,60.008251,NIFTY|2026-09-15|23350|PE,88cb8cc2dc95da205f5114f0e15ca33596137c6fde45a9f1ec02a44d325dedf4,9a6d655fc6a56c1c2384670c3bd04351bba0792cbc6afa89aea8c4ff94dc71e3,8.200000000000728,-2.950000000000003,-3.6499999999999915,0.25,0.25
2026-09-11,PE,2026-09-11T08:19:00+00:00,2026-09-11T08:17:55.350901+00:00,2026-09-11T08:18:55.352275+00:00,60.001374,NIFTY|2026-09-15|23350|PE,9a6d655fc6a56c1c2384670c3bd04351bba0792cbc6afa89aea8c4ff94dc71e3,8df55d1b28804c7f910086b8517bb9fd6404e32bf7b9f35d5a46673b006fdef3,-1.6000000000021828,1.9000000000000057,2.200000000000003,0.25,0.25
2026-09-11,PE,2026-09-11T08:20:00+00:00,2026-09-11T08:18:55.352275+00:00,2026-09-11T08:19:55.355206+00:00,60.002931,NIFTY|2026-09-15|23350|PE,8df55d1b28804c7f910086b8517bb9fd6404e32bf7b9f35d5a46673b006fdef3,78f4b47b2bd7457792cbb85109491c148e738944dc8a1ae434fbdf31cc93c0f6,3.600000000002183,-1.7000000000000028,-1.8000000000000114,0.25,0.25
2026-09-11,PE,2026-09-11T08:22:00+00:00,2026-09-11T08:20:50.351098+00:00,2026-09-11T08:21:55.344517+00:00,64.993419,NIFTY|2026-09-15|23350|PE,327a7fdb9bd20fb39e245a7b2a16d585a7c6b29b3762617acbcf5f5d4d600030,513d47ce89397cdd27eac55d54f19a18becbde972b188c2f76f8b612bc0b467c,11.700000000000728,-2.5,-2.6499999999999915,0.25,0.15000000000000568
2026-09-11,PE,2026-09-11T08:23:00+00:00,2026-09-11T08:21:55.344517+00:00,2026-09-11T08:22:55.353948+00:00,60.009431,NIFTY|2026-09-15|23350|PE,513d47ce89397cdd27eac55d54f19a18becbde972b188c2f76f8b612bc0b467c,46df73c9af1082413fe6dbf620bb56afe1c52a29385bc882fc9c1a5022ae9250,-8.900000000001455,2.049999999999997,0.3499999999999943,0.15000000000000568,0.25
2026-09-11,PE,2026-09-11T08:28:00+00:00,2026-09-11T08:26:55.348732+00:00,2026-09-11T08:27:55.356243+00:00,60.007511,NIFTY|2026-09-15|23400|PE,34ae8d14899e6bf2ef78d047d4db13434b3e5b858b7efdca062ca6dc79c486c1,83213e2840eddee2b22820f089e1995f361e7d6ff545060ed378e0874719b82a,6.5,-3.250000000000014,-3.1500000000000057,0.09999999999999432,0.20000000000000284
2026-09-11,PE,2026-09-11T08:30:00+00:00,2026-09-11T08:28:55.350656+00:00,2026-09-11T08:29:55.366948+00:00,60.016292,NIFTY|2026-09-15|23400|PE,3fd8a12b0f00263224bcbef71e036a25d3375a84b233b5082482f337ac76f02a,a87b73c7ce8cd1ec6369bf6986809a65d05871c0f9d939c6e361975a92415ee7,5.450000000000728,-3.4000000000000057,-3.1500000000000057,0.20000000000000284,0.30000000000001137
2026-09-11,PE,2026-09-11T08:32:00+00:00,2026-09-11T08:30:55.347284+00:00,2026-09-11T08:31:55.360948+00:00,60.013664,NIFTY|2026-09-15|23400|PE,7837150a85a0d2a1a56a3be8a90765c3428a38802051c834b588d0e831b284ea,b78193d83befb0ba8cd7c5a8b7cd5f42f8b08ab18269c3f92c4597e2422a09a3,-5.950000000000728,1.5750000000000028,1.2000000000000028,0.19999999999998863,0.25
2026-09-11,PE,2026-09-11T08:34:00+00:00,2026-09-11T08:32:50.374550+00:00,2026-09-11T08:33:55.351632+00:00,64.977082,NIFTY|2026-09-15|23450|PE,87a17727f802f88bd8391935492abd8d815a7ee575c4f70ec85ac7f7464f0dbc,edb1d77b00e7ad4d2df12c56b346ff71507a0a30be9a6570ce44362faf84f6fd,1.2000000000007276,3.7750000000000057,0.75,0.09999999999999432,0.04999999999999716
2026-09-11,PE,2026-09-11T08:35:00+00:00,2026-09-11T08:33:55.351632+00:00,2026-09-11T08:34:55.358555+00:00,60.006923,NIFTY|2026-09-15|23450|PE,edb1d77b00e7ad4d2df12c56b346ff71507a0a30be9a6570ce44362faf84f6fd,bf15e0913e4833eecac2ea96139ff4613b852faf198c4964f137dd19d438c66e,1.7999999999992724,-3.2249999999999943,-2.5,0.04999999999999716,0.20000000000000284
2026-09-11,PE,2026-09-11T08:38:00+00:00,2026-09-11T08:36:55.351317+00:00,2026-09-11T08:37:55.353737+00:00,60.00242,NIFTY|2026-09-15|23400|PE,11654c701105f0bce4dc36dabb875a63e2dee12ff57eea04b8656980116888fb,84c79b4da8138ad02c8eda60622fa163d2dacbb402736f1ed551965cef781d86,-6.149999999997817,3.0249999999999915,3.0999999999999943,0.25,0.20000000000000284
2026-09-11,PE,2026-09-11T08:39:00+00:00,2026-09-11T08:37:55.353737+00:00,2026-09-11T08:38:55.496002+00:00,60.142265,NIFTY|2026-09-15|23400|PE,84c79b4da8138ad02c8eda60622fa163d2dacbb402736f1ed551965cef781d86,ee2fc4c9ab82fa7701e0756e85de12e891ea8d2aa95a5256b09ec36421bc5fe1,-5.799999999999272,2.7750000000000057,2.799999999999997,0.20000000000000284,0.25
2026-09-11,PE,2026-09-11T08:42:00+00:00,2026-09-11T08:40:55.359018+00:00,2026-09-11T08:41:55.359640+00:00,60.000622,NIFTY|2026-09-15|23400|PE,4ed33611b02c16a79f4310872b9132aaa733351be90eedf0d113193732e54074,d5b75d40d34a9af83965b740891e635f965fb94c3ae841f9b802aa6504b19f96,3.849999999998545,-2.0250000000000057,-2.049999999999997,0.30000000000001137,0.25
2026-09-11,PE,2026-09-11T08:44:00+00:00,2026-09-11T08:42:50.349976+00:00,2026-09-11T08:43:55.345492+00:00,64.995516,NIFTY|2026-09-15|23400|PE,7b06aae13e320a2f7867be98fba2201f802ae1da71bad7a555ca487998263e86,091f52954db61cb9295af93ed95203217b414b7a0d02f7d65983d4d3a681ebb3,-0.7999999999992724,-0.45000000000000284,-0.6000000000000085,0.14999999999999147,0.15000000000000568
2026-09-11,PE,2026-09-11T08:45:00+00:00,2026-09-11T08:43:55.345492+00:00,2026-09-11T08:44:55.366354+00:00,60.020862,NIFTY|2026-09-15|23400|PE,091f52954db61cb9295af93ed95203217b414b7a0d02f7d65983d4d3a681ebb3,261b6bb30a369cfdb759aa9dcfef24e43ad14266e513dd96160632500aadb95c,0.6499999999978172,-1.1749999999999972,-1.0999999999999943,0.15000000000000568,0.20000000000000284
2026-09-11,PE,2026-09-11T08:47:00+00:00,2026-09-11T08:45:55.352629+00:00,2026-09-11T08:46:55.379351+00:00,60.026722,NIFTY|2026-09-15|23400|PE,80ddcd07d1aecdabaa4dc7578916781164b6b8143db73b149f53ea24cbe4c7ac,fa7c56a271ff9e0c4093e16fa784170da4c2b2f712e9b4ad66a5943a3edb25bf,-4.75,-0.3500000000000085,0.10000000000000853,0.09999999999999432,0.20000000000000284
2026-09-11,PE,2026-09-11T08:49:00+00:00,2026-09-11T08:47:55.350891+00:00,2026-09-11T08:48:55.358598+00:00,60.007707,NIFTY|2026-09-15|23400|PE,886bfb4197ef7b098adc7c8c691c696a36ae10c8428517d9ea61fb1e5baa9b12,718f153f37d22ac593f3c34ad99c2b4942c50d21bdf3a8436d44cc60a4889885,-1.5,0.8750000000000142,1.1000000000000085,0.25,0.20000000000000284
2026-09-11,PE,2026-09-11T08:51:00+00:00,2026-09-11T08:49:50.352420+00:00,2026-09-11T08:50:55.340848+00:00,64.988428,NIFTY|2026-09-15|23400|PE,f330030a4db0bfbf7af77ef4e513a8a5c8957b28c676996a820ebcbb81cc0429,f54c9dcb9337c7d219e25f384fd3dea95c916bb194142a3527d9a886666634c8,-3.7000000000007276,0.3500000000000085,0.20000000000000284,0.20000000000000284,0.09999999999999432
2026-09-11,PE,2026-09-11T08:52:00+00:00,2026-09-11T08:50:55.340848+00:00,2026-09-11T08:51:55.353116+00:00,60.012268,NIFTY|2026-09-15|23400|PE,f54c9dcb9337c7d219e25f384fd3dea95c916bb194142a3527d9a886666634c8,f0e84704a12347f90e8da3705ac29cdc59c6e20b72b37aae1fa9ade5af5acfc6,4.549999999999272,-1.7000000000000028,-1.4500000000000028,0.09999999999999432,0.19999999999998863
2026-09-11,PE,2026-09-11T08:53:00+00:00,2026-09-11T08:51:55.353116+00:00,2026-09-11T08:52:55.361372+00:00,60.008256,NIFTY|2026-09-15|23400|PE,f0e84704a12347f90e8da3705ac29cdc59c6e20b72b37aae1fa9ade5af5acfc6,132588dae68fad8c6248acfbe64db67e17f827429c03c7ad655a8981645c496b,2.0499999999992724,0.5999999999999943,0.45000000000000284,0.19999999999998863,0.20000000000000284
2026-09-11,PE,2026-09-11T08:55:00+00:00,2026-09-11T08:53:55.343751+00:00,2026-09-11T08:54:55.346975+00:00,60.003224,NIFTY|2026-09-15|23400|PE,b31193c06b4eab1d94cbcf96f252ba9e0b354d5dbc02e7f30c8ac211a330fd0e,fe2dc433324791c05da076c23eb43884556a94aa26870ead151c817b65fef444,7.25,-2.2249999999999943,-2.299999999999997,0.20000000000000284,0.14999999999999147
2026-09-11,PE,2026-09-11T08:56:00+00:00,2026-09-11T08:54:55.346975+00:00,2026-09-11T08:55:55.352316+00:00,60.005341,NIFTY|2026-09-15|23400|PE,fe2dc433324791c05da076c23eb43884556a94aa26870ead151c817b65fef444,4e5dc97b1bb028ac13d8bce4edf423ef1c76b960db3f2fe41749e52aab155514,0.4000000000014552,0.875,0.9500000000000028,0.14999999999999147,0.20000000000000284
2026-09-11,PE,2026-09-11T08:58:00+00:00,2026-09-11T08:56:55.350203+00:00,2026-09-11T08:57:55.357149+00:00,60.006946,NIFTY|2026-09-15|23400|PE,c9b114323679187d8c53c6e730bb4041d454ad7ef8c0aa617326d3f1d91f1c24,78f29f0ffbc2af34874f1009b32bfcfd77cd782800a7bc08eeb2b1c150ee3a78,-2.649999999997817,2.0749999999999886,1.75,0.20000000000000284,0.14999999999999147
2026-09-11,PE,2026-09-11T09:02:00+00:00,2026-09-11T09:00:50.356926+00:00,2026-09-11T09:01:55.333279+00:00,64.976353,NIFTY|2026-09-15|23450|PE,24439bdde0a17713290dfa85ba5ebbc07542e0c24c7572cd6332b66ea8dee00f,53c79d12dbd3e249a277f9165d773b5c82d55213ab999927fc5ea06d39f8c869,8.099999999998545,-2.924999999999997,-1.6999999999999886,0.30000000000001137,0.15000000000000568
2026-09-11,PE,2026-09-11T09:05:00+00:00,2026-09-11T09:03:55.353514+00:00,2026-09-11T09:04:55.355072+00:00,60.001558,NIFTY|2026-09-15|23400|PE,f014348a1dcb9f21423925af8911e5a66c2313b1010e4a261c1584f60005c836,a72d204c8c270ca922cfefc7deaf3a5bfd1daecb83e3cbe17eebe05b54ff3518,1.1000000000021828,-0.45000000000001705,-0.25,0.10000000000000853,0.20000000000000284
2026-09-11,PE,2026-09-11T09:07:00+00:00,2026-09-11T09:05:55.354477+00:00,2026-09-11T09:06:55.370128+00:00,60.015651,NIFTY|2026-09-15|23450|PE,2643e57afe63cbeb80130acdebc2c358f2b8262eabeb6a46fd7522db7e652a99,4a063fb4c95621ce40b2fb8d1cab8c813db3087eae50981846054ed97cfe3b47,-3.2999999999992724,0.29999999999999716,0.75,0.25,0.25
2026-09-11,PE,2026-09-11T09:13:00+00:00,2026-09-11T09:11:55.354695+00:00,2026-09-11T09:12:55.392849+00:00,60.038154,NIFTY|2026-09-15|23450|PE,9e208a7e2a352d169030fed210f0e80e7d13db63ec550692737c17cd5a6e1d13,7d3a3be1fec7fa287091a48157b9837ee7c73352a3248383e7e0396893c87923,6.0,-2.325000000000003,-2.200000000000003,0.20000000000000284,0.15000000000000568
2026-09-11,PE,2026-09-11T09:15:00+00:00,2026-09-11T09:13:55.352251+00:00,2026-09-11T09:14:55.364144+00:00,60.011893,NIFTY|2026-09-15|23450|PE,c7ee09dc01000904f86d62ea7d9fc8484e75f792b2193b4b3e409a1411a89177,0983579e69ada548119652c01f1053ab1a5b97e49d75d1a188fbdc24d4361c9c,0.3499999999985448,0.9750000000000085,1.6000000000000085,0.29999999999999716,0.25
2026-09-11,PE,2026-09-11T09:31:00+00:00,2026-09-11T09:29:55.370439+00:00,2026-09-11T09:30:55.451466+00:00,60.081027,NIFTY|2026-09-15|23400|PE,1d17de871021b7fd3aad7d514a4552290cc876171b9fbaf5a97816ce08504fc8,8dd350b0f959f8f755cb5b0fb30d637f903a38a78e093e7cb40abd789676c644,-5.899999999997817,1.1500000000000057,0.9499999999999886,0.15000000000000568,0.14999999999999147
2026-09-11,PE,2026-09-11T09:33:00+00:00,2026-09-11T09:31:55.365368+00:00,2026-09-11T09:32:55.387806+00:00,60.022438,NIFTY|2026-09-15|23400|PE,74e2d01f001711216de713e9b64ceae76ebcc70d8bdaa8957336a099014686b6,6ae9d107e2720956693eaf2af2fed662382bdc6a8f15d7e57070e22a75cc6530,3.850000000002183,-1.3250000000000028,-1.0499999999999972,0.15000000000000568,0.20000000000000284
2026-09-11,PE,2026-09-11T09:34:00+00:00,2026-09-11T09:32:55.387806+00:00,2026-09-11T09:33:55.394275+00:00,60.006469,NIFTY|2026-09-15|23400|PE,6ae9d107e2720956693eaf2af2fed662382bdc6a8f15d7e57070e22a75cc6530,a79e67fcffe184701e12d385947833d4adaebe92c7766fd11feabf6ea9a373a8,-4.25,1.125,1.0999999999999943,0.20000000000000284,0.25
2026-09-11,PE,2026-09-11T09:35:00+00:00,2026-09-11T09:33:55.394275+00:00,2026-09-11T09:34:55.461616+00:00,60.067341,NIFTY|2026-09-15|23400|PE,a79e67fcffe184701e12d385947833d4adaebe92c7766fd11feabf6ea9a373a8,9b873f4d3172990e8e348c011f53e45f3aeafded1da3fbf1124f676ff454d3b3,-6.650000000001455,3.1750000000000114,3.3000000000000114,0.25,0.20000000000000284
2026-09-11,PE,2026-09-11T09:37:00+00:00,2026-09-11T09:35:55.393983+00:00,2026-09-11T09:36:55.452849+00:00,60.058866,NIFTY|2026-09-15|23400|PE,18a894d664572998214e44e5c35291b0e97c8bd826cd668f58b5cc4321a0a922,28132876585012caff5c3110f2a245182848f3f7fbec9ac43f5dc0d7125e5038,7.200000000000728,-1.6750000000000114,-1.6500000000000057,0.25,0.20000000000000284
2026-09-11,PE,2026-09-11T09:39:00+00:00,2026-09-11T09:37:50.380042+00:00,2026-09-11T09:38:55.377218+00:00,64.997176,NIFTY|2026-09-15|23400|PE,c0f08681416f3a3d72157010743668c2e31e23759cba65af65ba33ef5571d228,22260ef36adf6ba4f47899c8f713b1474febe5910b5b68cf6ae4a038b45af6f7,2.7999999999992724,2.4000000000000057,2.75,0.25,0.25
2026-09-11,PE,2026-09-11T09:40:00+00:00,2026-09-11T09:38:55.377218+00:00,2026-09-11T09:39:55.392797+00:00,60.015579,NIFTY|2026-09-15|23400|PE,22260ef36adf6ba4f47899c8f713b1474febe5910b5b68cf6ae4a038b45af6f7,d88c425c1aafd2350586d2af28131b77f73847a66e757dca6912a5113f320e69,7.849999999998545,-1.9500000000000028,-2.299999999999997,0.25,0.25
2026-09-11,PE,2026-09-11T09:46:00+00:00,2026-09-11T09:44:50.331476+00:00,2026-09-11T09:45:55.319882+00:00,64.988406,NIFTY|2026-09-15|23450|PE,4ca145ef98cd98241837bf40c3387fbee7bf53115f75399ffb7a58fe2fc1d1a3,89c8d0a04e926bae22d4d1e362731cd72b08fd433f20e72b47e06d00beda3857,4.399999999997817,-1.0750000000000028,-1.75,0.25,0.09999999999999432
2026-09-11,PE,2026-09-11T09:47:00+00:00,2026-09-11T09:45:55.319882+00:00,2026-09-11T09:46:55.337651+00:00,60.017769,NIFTY|2026-09-15|23450|PE,89c8d0a04e926bae22d4d1e362731cd72b08fd433f20e72b47e06d00beda3857,0200b15c6a810af7b0921dda5fef8ec27f7d95b7887801371a16fae25b817ae9,0.0,-6.249999999999986,-6.299999999999997,0.09999999999999432,0.29999999999999716
2026-09-11,PE,2026-09-11T09:49:00+00:00,2026-09-11T09:47:50.327790+00:00,2026-09-11T09:48:55.323404+00:00,64.995614,NIFTY|2026-09-15|23450|PE,2e19a8f4035da1c7407f432b9a61aa1393866fcf96975f4095bfd4280c608f10,2fe6b86ca356640cbf22259c817b5fd743190d312a0f4a8a9221de99ee5e46cd,0.0,3.0749999999999886,3.200000000000003,0.25,0.29999999999999716
2026-09-11,PE,2026-09-11T09:50:00+00:00,2026-09-11T09:48:55.323404+00:00,2026-09-11T09:49:55.330323+00:00,60.006919,NIFTY|2026-09-15|23450|PE,2fe6b86ca356640cbf22259c817b5fd743190d312a0f4a8a9221de99ee5e46cd,066d84152cb3216d12562841079b1790059a56f50e1067023870cfbed69cd5bb,0.0,-3.0250000000000057,-3.049999999999997,0.29999999999999716,0.04999999999999716
2026-09-11,PE,2026-09-11T09:52:00+00:00,2026-09-11T09:50:55.328847+00:00,2026-09-11T09:51:55.340526+00:00,60.011679,NIFTY|2026-09-15|23450|PE,51ba21032d8fb566a71bb6387b8454b7cae3b60a0420ac3b97b7e76673a5cec1,9c79bb88f2f2468c599e29a6d880c9114afa79e06cf06c1a8d815aca732ec66f,0.0,-2.7750000000000057,-2.75,0.25,0.09999999999999432
2026-09-11,PE,2026-09-11T09:54:00+00:00,2026-09-11T09:52:50.334962+00:00,2026-09-11T09:53:55.329024+00:00,64.994062,NIFTY|2026-09-15|23450|PE,ab1b393dd23d88a1a9892dd9d4ef2ccde2ff6e7c7620d5e3c98fa3d66ed98d55,741acbbd273f9c8389eeda73f432033e27c95fb4c0bd0b994af17094bc383eac,0.0,5.549999999999983,5.849999999999994,0.20000000000000284,0.29999999999999716
2026-09-11,PE,2026-09-11T09:55:00+00:00,2026-09-11T09:53:55.329024+00:00,2026-09-11T09:54:55.331526+00:00,60.002502,NIFTY|2026-09-15|23450|PE,741acbbd273f9c8389eeda73f432033e27c95fb4c0bd0b994af17094bc383eac,bf691115a03323ee6b8280a1a1fc95bf8a02076faa3868ff68e8e4387833e6c8,0.0,0.15000000000000568,0.6500000000000057,0.29999999999999716,0.29999999999999716
2026-09-11,PE,2026-09-11T09:56:00+00:00,2026-09-11T09:54:55.331526+00:00,2026-09-11T09:55:55.334563+00:00,60.003037,NIFTY|2026-09-15|23450|PE,bf691115a03323ee6b8280a1a1fc95bf8a02076faa3868ff68e8e4387833e6c8,3583764c309cc73ef55384e7a151921dd573ad1a1bffcb9f99bbe4914ef91fc4,0.0,2.1500000000000057,1.7999999999999972,0.29999999999999716,0.30000000000001137
2026-09-11,PE,2026-09-11T09:58:00+00:00,2026-09-11T09:56:55.324245+00:00,2026-09-11T09:57:55.336536+00:00,60.012291,NIFTY|2026-09-15|23450|PE,635e7ec1f4d3bba907d9c11e30367786558c62161b1427a51c92e552f8d90e08,695d15a77cd553e65784e484436ddd140501921feefb54198ebeda14ef7e1774,0.0,-0.25,-0.25,0.14999999999999147,0.25
2026-09-15,CE,2026-09-15T04:19:00+00:00,2026-09-15T04:17:55.337021+00:00,2026-09-15T04:18:55.395966+00:00,60.058945,NIFTY|2026-09-15|23450|CE,4ce7d2acc05325311b124a2da0efde7db7b8119c31071455852b0e62b5b2fc4a,599d2772afe802a16504230dd01d56e258aea4bfd9e0bf577d3f3883ab0db29b,-3.400000000001455,-2.3249999999999886,-2.5,0.10000000000000142,0.14999999999999858
2026-09-15,CE,2026-09-15T04:22:00+00:00,2026-09-15T04:20:50.355224+00:00,2026-09-15T04:21:55.337596+00:00,64.982372,NIFTY|2026-09-15|23400|CE,04d85b23def34702c945eb920014248dc16d7ab9cfc5c0e8ded662813d799e29,197523f22d32b45975efc711059d21ddcd40ca6714741e35c5d35121d9553504,-0.4500000000007276,0.05000000000001137,0.09999999999999432,0.20000000000000284,0.19999999999998863
2026-09-15,CE,2026-09-15T04:23:00+00:00,2026-09-15T04:21:55.337596+00:00,2026-09-15T04:22:55.343179+00:00,60.005583,NIFTY|2026-09-15|23400|CE,197523f22d32b45975efc711059d21ddcd40ca6714741e35c5d35121d9553504,cb8cf93a1a611484525f625ad071f8fd512903641b4b88e1c139b134f89f789d,-12.899999999997817,-5.550000000000011,-5.6499999999999915,0.19999999999998863,0.20000000000000284
2026-09-15,CE,2026-09-15T04:25:00+00:00,2026-09-15T04:23:50.344960+00:00,2026-09-15T04:24:55.338413+00:00,64.993453,NIFTY|2026-09-15|23400|CE,4102f78391cceac4ce63a3831629b9b4ebbd15c833b423fb8715ed9906df83df,81e8fc67e38f9020d8df2905d2b3b7601f5e5aa22a625a66d92cb667b0836d20,-6.599999999998545,-3.174999999999997,-3.049999999999997,0.09999999999999432,0.15000000000000568
2026-09-15,CE,2026-09-15T04:26:00+00:00,2026-09-15T04:24:55.338413+00:00,2026-09-15T04:25:55.339160+00:00,60.000747,NIFTY|2026-09-15|23400|CE,81e8fc67e38f9020d8df2905d2b3b7601f5e5aa22a625a66d92cb667b0836d20,8ebd68d69e89f285198a68f156ffde9e5cb435ba58273b15f35fb452daad83fd,-13.599999999998545,-2.1500000000000057,-2.450000000000003,0.15000000000000568,0.14999999999999858
2026-09-15,CE,2026-09-15T04:27:00+00:00,2026-09-15T04:25:55.339160+00:00,2026-09-15T04:26:55.351017+00:00,60.011857,NIFTY|2026-09-15|23400|CE,8ebd68d69e89f285198a68f156ffde9e5cb435ba58273b15f35fb452daad83fd,dca3db30a6a7edd2be6c69bbb8c1019b76ec07b50699f601a18b171f32c31f10,-6.850000000002183,-4.424999999999997,-4.399999999999999,0.14999999999999858,0.19999999999999574
2026-09-15,CE,2026-09-15T04:30:00+00:00,2026-09-15T04:28:55.340254+00:00,2026-09-15T04:29:55.422909+00:00,60.082655,NIFTY|2026-09-15|23400|CE,6382d7aef8b9c24d8ae65e2dce90248ede9d588da7ab94cdbd0728c7f9926dba,0792a168206b0617b17cc3a194fb4d9902ae30774ea0b98b210598cbc84be991,14.799999999999272,3.500000000000007,3.4499999999999957,0.14999999999999858,0.04999999999999716
2026-09-15,CE,2026-09-15T04:32:00+00:00,2026-09-15T04:30:50.345500+00:00,2026-09-15T04:31:55.340077+00:00,64.994577,NIFTY|2026-09-15|23400|CE,1d0461f5a2a368f1b1e90003459f1db61ee2d4ce01a72c3667a55d4761b797e4,dc94cfd994085cefa3a33516982e5cb5563dcb5816cff1ad69e107c545d1ead6,-4.100000000002183,-1.4250000000000114,-1.0499999999999972,0.14999999999999858,0.10000000000000142
2026-09-15,CE,2026-09-15T04:35:00+00:00,2026-09-15T04:33:50.354625+00:00,2026-09-15T04:34:55.343222+00:00,64.988597,NIFTY|2026-09-15|23400|CE,427fe86b85410ecf3fef5a856009a81b276c8aa8c03868663d455bbd6869f620,4f54ed0bd207d6a86f263f54bcc99c46acd24152f4652097bc5e0a081f2230f8,0.2999999999992724,0.07500000000000284,-0.29999999999999716,0.14999999999999858,0.20000000000000284
2026-09-15,CE,2026-09-15T04:36:00+00:00,2026-09-15T04:34:55.343222+00:00,2026-09-15T04:35:55.635562+00:00,60.29234,NIFTY|2026-09-15|23400|CE,4f54ed0bd207d6a86f263f54bcc99c46acd24152f4652097bc5e0a081f2230f8,7d64072f02ede992bfc67f4f55fa67843566341e67df92aa4f3c3761a5a81d8b,7.549999999999272,1.5499999999999972,1.75,0.20000000000000284,0.19999999999999574
2026-09-15,CE,2026-09-15T04:38:00+00:00,2026-09-15T04:36:55.351018+00:00,2026-09-15T04:37:55.429246+00:00,60.078228,NIFTY|2026-09-15|23400|CE,2e9fb79b773a1bcd018b8262fb22e90f2f173c79b0b85dda5b6b26de71643ef9,a26a364cb9966546ad4466ccc060c0a6c3b89f8f31eb4d63a79e48f550f4839d,0.7999999999992724,0.025000000000005684,0.14999999999999858,0.14999999999999858,0.10000000000000142
2026-09-15,CE,2026-09-15T04:43:00+00:00,2026-09-15T04:41:50.388743+00:00,2026-09-15T04:42:55.341959+00:00,64.953216,NIFTY|2026-09-15|23400|CE,1a432a34a002fb523f80939b42dbd317181534e8bed6a4b8a49e9d719b1dd209,a1944287013098e83a292cca8ce576449dc50cce5e3874a8d76d2d8967c8043b,2.900000000001455,2.700000000000003,2.450000000000003,0.09999999999999432,0.10000000000000142
2026-09-15,CE,2026-09-15T04:45:00+00:00,2026-09-15T04:43:50.389244+00:00,2026-09-15T04:44:55.338014+00:00,64.94877,NIFTY|2026-09-15|23400|CE,c6f9541b7ec10492992afddf10f7314ee7448cd16ef4a09d68151a1b9cb8700a,9eb57a9b6e9b314a94b96424ff530a9ea7b621dcbd64fedec70216d7373482ec,-4.649999999997817,-2.499999999999993,-2.799999999999997,0.14999999999999858,0.04999999999999716
2026-09-15,CE,2026-09-15T04:46:00+00:00,2026-09-15T04:44:55.338014+00:00,2026-09-15T04:45:55.341510+00:00,60.003496,NIFTY|2026-09-15|23400|CE,9eb57a9b6e9b314a94b96424ff530a9ea7b621dcbd64fedec70216d7373482ec,e6247761196a0cb67490d59f7a2d9d70057764f2ce073bb2e2acc2bcd54b13dd,-10.150000000001455,-4.000000000000007,-3.6499999999999986,0.04999999999999716,0.14999999999999858
2026-09-15,CE,2026-09-15T04:47:00+00:00,2026-09-15T04:45:55.341510+00:00,2026-09-15T04:46:55.481290+00:00,60.13978,NIFTY|2026-09-15|23400|CE,e6247761196a0cb67490d59f7a2d9d70057764f2ce073bb2e2acc2bcd54b13dd,0d76bd7ba6e4c9c01cbf0526c5e1ddef127a28a10ee23ba65ea2b97811e40bb0,2.350000000002183,1.2000000000000028,1.1999999999999957,0.14999999999999858,0.05000000000000426
2026-09-15,CE,2026-09-15T04:49:00+00:00,2026-09-15T04:47:50.345091+00:00,2026-09-15T04:48:55.339756+00:00,64.994665,NIFTY|2026-09-15|23400|CE,532f4252727ef586ef8731b818bec68034531fd4fd6b7fdb530ce5847e2fc2e0,a798894637c64713449dc6b56dc6d78122a8907cf173bc62d2f52440515724ba,11.349999999998545,2.299999999999997,2.0999999999999943,0.14999999999999858,0.15000000000000568
2026-09-15,CE,2026-09-15T04:50:00+00:00,2026-09-15T04:48:55.339756+00:00,2026-09-15T04:49:55.436557+00:00,60.096801,NIFTY|2026-09-15|23400|CE,a798894637c64713449dc6b56dc6d78122a8907cf173bc62d2f52440515724ba,a9d56829ac060bbfd03e41c83ba65c41cec937ad09d96821a6455c395ae5559c,-4.950000000000728,-2.200000000000003,-2.1999999999999957,0.15000000000000568,0.14999999999999858
2026-09-15,CE,2026-09-15T04:53:00+00:00,2026-09-15T04:51:50.336967+00:00,2026-09-15T04:52:55.331218+00:00,64.994251,NIFTY|2026-09-15|23400|CE,6fb96dfbf0d8eea9a671b550805cf7524a66d89aa7de9b7dec2a449afe710d92,58adfed34a3e741907aae1c5e461c2018c00a8b7a775d1e15ad719e9ed363336,9.5,2.2249999999999943,1.5499999999999972,0.10000000000000142,0.14999999999999858
2026-09-15,CE,2026-09-15T04:54:00+00:00,2026-09-15T04:52:55.331218+00:00,2026-09-15T04:53:55.339230+00:00,60.008012,NIFTY|2026-09-15|23400|CE,58adfed34a3e741907aae1c5e461c2018c00a8b7a775d1e15ad719e9ed363336,2c85a445afa62df84ce3c9ae6add88f869da3563f9b0bf58045bfda4d6cb8ff1,-4.100000000002183,-1.75,-1.1499999999999986,0.14999999999999858,0.14999999999999858
2026-09-15,CE,2026-09-15T04:55:00+00:00,2026-09-15T04:53:55.339230+00:00,2026-09-15T04:54:55.520941+00:00,60.181711,NIFTY|2026-09-15|23400|CE,2c85a445afa62df84ce3c9ae6add88f869da3563f9b0bf58045bfda4d6cb8ff1,f611ebaad5e2c69ccf99d0cd220d7ebbbeb7a1831434810e92db4d49f638fcf8,3.400000000001455,-0.09999999999999432,0.19999999999999574,0.14999999999999858,0.14999999999999858
2026-09-15,CE,2026-09-15T04:58:00+00:00,2026-09-15T04:56:50.344342+00:00,2026-09-15T04:57:55.334278+00:00,64.989936,NIFTY|2026-09-15|23400|CE,74fd6343d31e1752ad7d522e7ad78f098c49f335fb95a6f0be13e5116de72d46,df3895f0367165a9f293e46bb767a0ce1868aecd3b6f4707801c237a952d5d51,-3.0499999999992724,-1.0750000000000028,-1.25,0.14999999999999858,0.09999999999999432
2026-09-15,CE,2026-09-15T05:00:00+00:00,2026-09-15T04:58:55.358573+00:00,2026-09-15T04:59:55.515975+00:00,60.157402,NIFTY|2026-09-15|23350|CE,fad05e3cc5c2cb142e28aa523b6f85c7c8c47c45792acdd7453707fc10f3a669,809edbc218bfb2c3ea43314ec4766f86a80f5bebd62cffde0b18011665d4dd44,-4.349999999998545,-3.0250000000000057,-2.75,0.15000000000000568,0.09999999999999432
2026-09-15,CE,2026-09-15T05:02:00+00:00,2026-09-15T05:00:50.364824+00:00,2026-09-15T05:01:55.351751+00:00,64.986927,NIFTY|2026-09-15|23350|CE,29f24fb37177f027f339954d5a9d4ae215efe33b2e6b4d7cf3ff17ef50b56f03,12a016c28c436d6ee3bee615510315bbcb1709ae8814784f03f4115a6ff23868,-0.5499999999992724,-1.0999999999999943,-1.6000000000000085,0.20000000000000284,0.19999999999998863
2026-09-15,CE,2026-09-15T05:03:00+00:00,2026-09-15T05:01:55.351751+00:00,2026-09-15T05:02:55.362478+00:00,60.010727,NIFTY|2026-09-15|23350|CE,12a016c28c436d6ee3bee615510315bbcb1709ae8814784f03f4115a6ff23868,a97b23f758852f2d6f98d22cdc84ba3334dad362702d44be464ef89323d40838,1.25,0.3499999999999943,0.8500000000000085,0.19999999999998863,0.20000000000000284
2026-09-15,CE,2026-09-15T05:05:00+00:00,2026-09-15T05:03:55.355523+00:00,2026-09-15T05:04:55.358895+00:00,60.003372,NIFTY|2026-09-15|23350|CE,cf80bdb8a1c80979dfd81547e7fd5e07da7951c010fb6887a55ad52a13c71699,813bccdf724bf2cbfdbbd2985916a5a83d2f770c6016d960d187687770a367b8,-0.25,-1.049999999999983,-0.75,0.04999999999999716,0.04999999999999716
2026-09-15,CE,2026-09-15T05:07:00+00:00,2026-09-15T05:05:55.354778+00:00,2026-09-15T05:06:55.363484+00:00,60.008706,NIFTY|2026-09-15|23350|CE,077e87871517927ffc534075359bc23a81e9026e409447ee9de08e5c50d37d29,8ed142fe9d589edd19c0838ddcc7541c320cddda8c59294dadf137bdcfb3d977,5.0,0.8999999999999915,0.25,0.15000000000000568,0.25
2026-09-15,CE,2026-09-15T05:09:00+00:00,2026-09-15T05:07:55.358748+00:00,2026-09-15T05:08:55.360857+00:00,60.002109,NIFTY|2026-09-15|23350|CE,5c483c007baa5efac9db41e02fbe6f3cd948e9c9d6ba94555473b42daf9b6e5f,94614e4214164911822ed7ac44400dff19d7a8c6eb523086c22b934f38b24b55,-1.4500000000007276,-2.6999999999999886,-2.549999999999997,0.20000000000000284,0.20000000000000284
2026-09-15,CE,2026-09-15T05:10:00+00:00,2026-09-15T05:08:55.360857+00:00,2026-09-15T05:09:55.378241+00:00,60.017384,NIFTY|2026-09-15|23350|CE,94614e4214164911822ed7ac44400dff19d7a8c6eb523086c22b934f38b24b55,e74a25d403bdb56134ea75543bd6f52c57182143d0a483911d12daaf28073fd8,1.2000000000007276,1.9499999999999886,1.9500000000000028,0.20000000000000284,0.10000000000000853
2026-09-15,CE,2026-09-15T05:12:00+00:00,2026-09-15T05:10:50.373364+00:00,2026-09-15T05:11:55.359052+00:00,64.985688,NIFTY|2026-09-15|23350|CE,9160d71adb7e9f337eb400be12cea61727bf9aecef7698255b9e3dae9e1360d6,327c79a0cb502b0fe07f75c67d0ca6c7ddd41122d50b5cb1d18ca7c1286eb1e0,1.0,0.4000000000000057,0.4000000000000057,0.20000000000000284,0.20000000000000284
2026-09-15,CE,2026-09-15T05:13:00+00:00,2026-09-15T05:11:55.359052+00:00,2026-09-15T05:12:55.362648+00:00,60.003596,NIFTY|2026-09-15|23350|CE,327c79a0cb502b0fe07f75c67d0ca6c7ddd41122d50b5cb1d18ca7c1286eb1e0,94b63fb13896d48dac96030601685cf03e411710a062a9c1c2a9222acdaf24e7,-2.7000000000007276,-1.0249999999999915,-1.0999999999999943,0.20000000000000284,0.15000000000000568
2026-09-15,CE,2026-09-15T05:15:00+00:00,2026-09-15T05:13:50.365325+00:00,2026-09-15T05:14:55.351303+00:00,64.985978,NIFTY|2026-09-15|23350|CE,38043a2c5e1460148f1003b170e8fa0b54b271c7857e236743b3a17ce54d73a1,5db70383708b899103a2f8b233e3a564c36624e3b783e2e71c5ed966cf4fbf44,-0.4500000000007276,-3.1499999999999915,-3.299999999999997,0.15000000000000568,0.14999999999999858
2026-09-15,CE,2026-09-15T05:16:00+00:00,2026-09-15T05:14:55.351303+00:00,2026-09-15T05:15:55.386821+00:00,60.035518,NIFTY|2026-09-15|23350|CE,5db70383708b899103a2f8b233e3a564c36624e3b783e2e71c5ed966cf4fbf44,4ed318e9c72792a65b294803953fb819b914722d349189a6b96713fb7eaa29af,0.6500000000014552,0.5,0.9500000000000028,0.14999999999999858,0.14999999999999858
2026-09-15,CE,2026-09-15T05:19:00+00:00,2026-09-15T05:17:50.378097+00:00,2026-09-15T05:18:55.357585+00:00,64.979488,NIFTY|2026-09-15|23350|CE,c28d8869a877217cdf03d3dcb3bdacdb84ec2cadfe120bd944b79c89cd54622d,1278b1a5ac601b437284dcac1e44b3f51fb7fe5c5fb466107944e73e9913d4d1,1.6500000000014552,0.42499999999999716,0.29999999999999716,0.14999999999999858,0.09999999999999432
2026-09-15,CE,2026-09-15T05:20:00+00:00,2026-09-15T05:18:55.357585+00:00,2026-09-15T05:19:55.359221+00:00,60.001636,NIFTY|2026-09-15|23350|CE,1278b1a5ac601b437284dcac1e44b3f51fb7fe5c5fb466107944e73e9913d4d1,640f08c9499b66dd66b1f2580d32833de12d308ffaa78f7e99d145a80ace4b01,-5.650000000001455,-2.7750000000000057,-2.8500000000000014,0.09999999999999432,0.14999999999999858
2026-09-15,CE,2026-09-15T05:21:00+00:00,2026-09-15T05:19:55.359221+00:00,2026-09-15T05:20:55.371143+00:00,60.011922,NIFTY|2026-09-15|23350|CE,640f08c9499b66dd66b1f2580d32833de12d308ffaa78f7e99d145a80ace4b01,d2bf9ab2296f6381035eeca01b85f5c52d6463be2df594fc8b0eb72e3ac9144e,4.799999999999272,1.4500000000000028,1.5500000000000043,0.14999999999999858,0.14999999999999858
2026-09-15,CE,2026-09-15T05:22:00+00:00,2026-09-15T05:20:55.371143+00:00,2026-09-15T05:21:55.381792+00:00,60.010649,NIFTY|2026-09-15|23350|CE,d2bf9ab2296f6381035eeca01b85f5c52d6463be2df594fc8b0eb72e3ac9144e,a4bff2bccbf03d2c6fd74a8a4cc883f7894840af6d0fef4d295bf69552905da3,-12.450000000000728,-5.024999999999999,-5.0,0.14999999999999858,0.20000000000000284
2026-09-15,CE,2026-09-15T05:24:00+00:00,2026-09-15T05:22:55.362827+00:00,2026-09-15T05:23:55.446203+00:00,60.083376,NIFTY|2026-09-15|23350|CE,c17820e83be11e3cdf3d2dd831e75180078336e12fe858433c3f714689c5d256,18135fa2f27c1f8dee17423d57dd693eb4126a94a922b7edfad0da5aa8bd7136,0.7999999999992724,-0.04999999999999716,-0.04999999999999716,0.14999999999999858,0.14999999999999858
2026-09-15,CE,2026-09-15T05:26:00+00:00,2026-09-15T05:24:50.363040+00:00,2026-09-15T05:25:55.350893+00:00,64.987853,NIFTY|2026-09-15|23350|CE,72eda44194cf03def564fc09565c47b5542b235715e83181c51c880da968075b,721f0b2d353dbcac631576b8e21127507f16a441fff7a6a607edfda305e7641a,-3.7999999999992724,-1.875,-1.8500000000000014,0.10000000000000142,0.14999999999999858
2026-09-15,CE,2026-09-15T05:27:00+00:00,2026-09-15T05:25:55.350893+00:00,2026-09-15T05:26:55.351121+00:00,60.000228,NIFTY|2026-09-15|23350|CE,721f0b2d353dbcac631576b8e21127507f16a441fff7a6a607edfda305e7641a,eb0462ffcb9cc4a6b5d8a3dd40d43b564f3f3f8d817edf890d30214a4b2a9d4b,-1.75,0.5499999999999972,0.8500000000000014,0.14999999999999858,0.15000000000000568
2026-09-15,CE,2026-09-15T05:28:00+00:00,2026-09-15T05:26:55.351121+00:00,2026-09-15T05:27:55.356869+00:00,60.005748,NIFTY|2026-09-15|23350|CE,eb0462ffcb9cc4a6b5d8a3dd40d43b564f3f3f8d817edf890d30214a4b2a9d4b,1018b464bf9b2ad1925cefa975ee59c56147aede91014c597718f6274c9d74f2,0.0,-0.6500000000000057,-0.5499999999999972,0.15000000000000568,0.14999999999999858
2026-09-15,CE,2026-09-15T05:29:00+00:00,2026-09-15T05:27:55.356869+00:00,2026-09-15T05:28:55.357072+00:00,60.000203,NIFTY|2026-09-15|23350|CE,1018b464bf9b2ad1925cefa975ee59c56147aede91014c597718f6274c9d74f2,866e6e479c2c8e9ef6f451ea52022f1d4ab12b691ad380e4118ee99331aa4909,4.149999999997817,1.500000000000007,1.6999999999999957,0.14999999999999858,0.04999999999999716
2026-09-15,CE,2026-09-15T05:30:00+00:00,2026-09-15T05:28:55.357072+00:00,2026-09-15T05:29:55.363059+00:00,60.005987,NIFTY|2026-09-15|23350|CE,866e6e479c2c8e9ef6f451ea52022f1d4ab12b691ad380e4118ee99331aa4909,b175b85a161908bb66ec6aa50628f451b7e778defae86a4d11f551c9535f9549,4.299999999999272,1.1499999999999986,1.0500000000000043,0.04999999999999716,0.15000000000000568
2026-09-15,CE,2026-09-15T05:32:00+00:00,2026-09-15T05:30:50.372420+00:00,2026-09-15T05:31:55.355330+00:00,64.98291,NIFTY|2026-09-15|23350|CE,d43e637a6e8740c20f7c1d32057ac30e9d59efe6e86b6121675c94a1b49273f1,5255f6b963d2984faaf420163ffd57d5c9f9d61864b91f56541077f4cae5be5c,12.44999999999709,3.5,3.700000000000003,0.10000000000000142,0.10000000000000142
2026-09-15,CE,2026-09-15T05:33:00+00:00,2026-09-15T05:31:55.355330+00:00,2026-09-15T05:32:55.448109+00:00,60.092779,NIFTY|2026-09-15|23350|CE,5255f6b963d2984faaf420163ffd57d5c9f9d61864b91f56541077f4cae5be5c,2a973b626c8f40acb830fe809095b744ed49303127d619ace66540d86b258450,9.55000000000291,3.1000000000000085,2.8499999999999943,0.10000000000000142,0.19999999999999574
2026-09-15,CE,2026-09-15T05:35:00+00:00,2026-09-15T05:33:55.355686+00:00,2026-09-15T05:34:55.361961+00:00,60.006275,NIFTY|2026-09-15|23350|CE,b7843847329491b6b191d746feda5cde1e9385439d45bc3d51241cb434746b20,ca734b383ded1657e7053ad755a6d4b2d94d4d703b317fd947416fc94a674646,6.149999999997817,4.75,4.450000000000003,0.14999999999999858,0.14999999999999858
2026-09-15,CE,2026-09-15T05:37:00+00:00,2026-09-15T05:35:55.352823+00:00,2026-09-15T05:36:55.358275+00:00,60.005452,NIFTY|2026-09-15|23350|CE,476f9d8e949f6e226fce2b6ef0f469f903a857941badf8fd5c99f30eb87f34ff,805d17297539b84e9d3b6bdd161b0ed0791ef14500604dbc544ebdef66252aa0,-0.7999999999992724,0.025000000000005684,0.04999999999999716,0.15000000000000568,0.10000000000000142
2026-09-15,CE,2026-09-15T05:38:00+00:00,2026-09-15T05:36:55.358275+00:00,2026-09-15T05:37:55.359040+00:00,60.000765,NIFTY|2026-09-15|23350|CE,805d17297539b84e9d3b6bdd161b0ed0791ef14500604dbc544ebdef66252aa0,fa0294425818118f103767ed8ed2eb47be59593a3907ac1bd577586be4d25f28,-12.549999999999272,-6.0,-5.849999999999994,0.10000000000000142,0.10000000000000142
2026-09-15,CE,2026-09-15T05:40:00+00:00,2026-09-15T05:38:55.350302+00:00,2026-09-15T05:39:55.367180+00:00,60.016878,NIFTY|2026-09-15|23350|CE,42ba1f1cdfcef37b988af2fc27dca7d2413f2cd1a269a9a2f60fd27c828f0a7e,71f9056880fb3142970223a2660dab21458a367ed5a8f440db379eaeb864680a,-3.7999999999992724,-2.125,-2.299999999999997,0.05000000000000426,0.10000000000000142
2026-09-15,CE,2026-09-15T05:42:00+00:00,2026-09-15T05:40:55.354452+00:00,2026-09-15T05:41:55.359475+00:00,60.005023,NIFTY|2026-09-15|23350|CE,0d5dcd985c741cef3f2223e1fc745c05e22b87a65d5687eee0b94b73c5fc06f2,c56007f80665ccb49cdf45c69350a3f576d4df7218e8435b5a51e839575835fb,13.25,4.825000000000003,4.899999999999999,0.14999999999999858,0.10000000000000142
2026-09-15,CE,2026-09-15T05:44:00+00:00,2026-09-15T05:42:55.356102+00:00,2026-09-15T05:43:55.361095+00:00,60.004993,NIFTY|2026-09-15|23350|CE,3280cb775d8576bdec92132eca13525ad0d407ff2ebca17b0b1369fcc23f308b,cc0b3bd4b5670474f61b5d4bd0cae88a335f3754784dbf871d21df4f918c2ba6,-6.650000000001455,-1.874999999999993,-1.8500000000000014,0.04999999999999716,0.10000000000000142
2026-09-15,CE,2026-09-15T05:46:00+00:00,2026-09-15T05:44:55.354226+00:00,2026-09-15T05:45:55.355421+00:00,60.001195,NIFTY|2026-09-15|23350|CE,4848d7bc2531620e21157f960419b6d53bfd54f656148cbda5980806c0e1be00,4c60d53710d681c3b8bb836e6f56015f3441d26de9af48b399b137fef7c634d0,7.950000000000728,3.3999999999999986,3.5,0.10000000000000142,0.20000000000000284
2026-09-15,CE,2026-09-15T05:49:00+00:00,2026-09-15T05:47:50.381938+00:00,2026-09-15T05:48:55.358424+00:00,64.976486,NIFTY|2026-09-15|23350|CE,712d25e3752cdc8b8d7f0c313f2d41218ff4be0b8d1d11eb0cf9710e4fa0c3e9,f5f812e25a8a4cce4bdbafda2ff48c1f299b884cf8736803add6d125d5cecde6,-6.549999999999272,-1.3499999999999943,-1.3500000000000014,0.14999999999999858,0.15000000000000568
2026-09-15,CE,2026-09-15T05:51:00+00:00,2026-09-15T05:49:55.363520+00:00,2026-09-15T05:50:55.365209+00:00,60.001689,NIFTY|2026-09-15|23300|CE,d2cd6955cb0c6a91ccb222ec9b39d389329df620ba20c5ef35295ab1da0d743b,2decb801d1cdf797c18be5aafd43fa56121ac265b3956609395d61afb510428c,-3.400000000001455,-2.4000000000000057,-2.4499999999999886,0.25,0.15000000000000568
2026-09-15,CE,2026-09-15T05:52:00+00:00,2026-09-15T05:50:55.365209+00:00,2026-09-15T05:51:55.373759+00:00,60.00855,NIFTY|2026-09-15|23300|CE,2decb801d1cdf797c18be5aafd43fa56121ac265b3956609395d61afb510428c,e2e631ceb5896b3beafe6b92e671c778e53cde7e1eb5c636daf5c6a2d4e271ba,3.5500000000029104,3.6750000000000114,3.3499999999999943,0.15000000000000568,0.20000000000000284
2026-09-15,CE,2026-09-15T05:54:00+00:00,2026-09-15T05:52:50.370732+00:00,2026-09-15T05:53:55.358870+00:00,64.988138,NIFTY|2026-09-15|23350|CE,11274fc33f1e937dd42467e56fe94c127e8640732af72d2ad206809c61cc1bc9,3743e577e265eba788c839184dd7c79753f534f31eb3ce492483d78ace493c5a,0.4500000000007276,0.2750000000000057,0.44999999999999574,0.10000000000000142,0.14999999999999858
2026-09-15,CE,2026-09-15T05:58:00+00:00,2026-09-15T05:56:50.355550+00:00,2026-09-15T05:57:55.353595+00:00,64.998045,NIFTY|2026-09-15|23300|CE,4697bcb8226b8b6530b7ae2a264e8eb95556df0e9a93926d21153efaf3b70647,1414f9901fccb6bffa2b6206335050aa54784a4ee3a2a676e0ccd7f45ab37506,-0.8999999999978172,0.5750000000000028,0.5499999999999972,0.20000000000000284,0.15000000000000568
2026-09-15,CE,2026-09-15T05:59:00+00:00,2026-09-15T05:57:55.353595+00:00,2026-09-15T05:58:55.357213+00:00,60.003618,NIFTY|2026-09-15|23300|CE,1414f9901fccb6bffa2b6206335050aa54784a4ee3a2a676e0ccd7f45ab37506,834c3a55eb47b4ce7d7efb6f247d2adf617e4dbe5e4637bd6255446f01326bbd,-3.9500000000007276,-2.5999999999999943,-4.849999999999994,0.15000000000000568,0.15000000000000568
2026-09-15,CE,2026-09-15T06:00:00+00:00,2026-09-15T05:58:55.357213+00:00,2026-09-15T05:59:55.365549+00:00,60.008336,NIFTY|2026-09-15|23300|CE,834c3a55eb47b4ce7d7efb6f247d2adf617e4dbe5e4637bd6255446f01326bbd,fba43b9cef1d11540d5d860387a0889656e2d44dec57a69442b967947e8728eb,1.6499999999978172,-1.1749999999999972,1.2999999999999972,0.15000000000000568,0.20000000000000284
2026-09-15,CE,2026-09-15T06:01:00+00:00,2026-09-15T05:59:55.365549+00:00,2026-09-15T06:00:55.367450+00:00,60.001901,NIFTY|2026-09-15|23300|CE,fba43b9cef1d11540d5d860387a0889656e2d44dec57a69442b967947e8728eb,f1d4140aadfec5ccb2a8c511db7e9cff65adb094529f17dc66af647c2194c461,-3.5,-1.950000000000017,-1.9500000000000028,0.20000000000000284,0.20000000000000284
2026-09-15,CE,2026-09-15T06:09:00+00:00,2026-09-15T06:07:55.339059+00:00,2026-09-15T06:08:55.342842+00:00,60.003783,NIFTY|2026-09-15|23350|CE,8984a419a202a5d68a9a05db345fadfee5e2cdaedd7d7ceb0aecac58fa576383,21cf6ffa4d2eaa02329716163e7d3efffcbf3b98a83509215176c577a88031fb,4.900000000001455,1.8999999999999915,1.9499999999999957,0.05000000000000426,0.14999999999999858
2026-09-15,CE,2026-09-15T06:11:00+00:00,2026-09-15T06:09:55.337118+00:00,2026-09-15T06:10:55.344426+00:00,60.007308,NIFTY|2026-09-15|23350|CE,e324d351a4fed9dc35a9f3812c9e171806aba77c0df8cc154a10f16b224359dd,b6b94ed64ffeb40d01077c671b69f47c1130377d3fbbd5580faac98689c2f848,-6.30000000000291,-2.75,-2.6499999999999986,0.10000000000000142,0.10000000000000142
2026-09-15,CE,2026-09-15T06:13:00+00:00,2026-09-15T06:11:55.342814+00:00,2026-09-15T06:12:55.347373+00:00,60.004559,NIFTY|2026-09-15|23350|CE,7030a97c7682839ea669182732cb09a98b743bbb74b2122647569dc122269948,c83fa1e62b43dc1907b812ae6f83552c5b833cb9f8f57f57e6bb01ba402ba70e,-3.2999999999992724,-1.4249999999999972,-1.5500000000000043,0.20000000000000284,0.14999999999999858
2026-09-15,CE,2026-09-15T06:15:00+00:00,2026-09-15T06:13:55.339795+00:00,2026-09-15T06:14:55.350422+00:00,60.010627,NIFTY|2026-09-15|23350|CE,1fe41b0a09ae49a8bf5a21fe892a2ba1767660fbfd0c18578d4c2e51b7e4e591,4f6a0d86ef167d6335ba97385dc4e04feef57385f5270d9a59cbd671ad35e43e,5.0,3.1000000000000085,3.049999999999997,0.14999999999999858,0.14999999999999858
2026-09-15,CE,2026-09-15T06:17:00+00:00,2026-09-15T06:15:55.337397+00:00,2026-09-15T06:16:55.343251+00:00,60.005854,NIFTY|2026-09-15|23350|CE,987e4fe1fa10a20ee07879fcc67857ea0e2012c65a7b3260d529ff50d0f0c987,4f7741bddde1bffc9b2ff6c5bef27188524f277449d04751d95c18ac7a2eaa10,-0.4500000000007276,-0.375,-0.6499999999999986,0.10000000000000142,0.14999999999999858
2026-09-15,CE,2026-09-15T06:18:00+00:00,2026-09-15T06:16:55.343251+00:00,2026-09-15T06:17:55.356532+00:00,60.013281,NIFTY|2026-09-15|23350|CE,4f7741bddde1bffc9b2ff6c5bef27188524f277449d04751d95c18ac7a2eaa10,dbcecf787ff9c5a2e80d777a498480e1a9e9cc194737b23ca65ddba488f81af7,-0.19999999999708962,0.20000000000000284,0.29999999999999716,0.14999999999999858,0.14999999999999858
2026-09-15,CE,2026-09-15T06:21:00+00:00,2026-09-15T06:19:55.342513+00:00,2026-09-15T06:20:55.398305+00:00,60.055792,NIFTY|2026-09-15|23350|CE,4619ba0a7626634c9edb43832951bdff7f0c2e524abca08dcc0fd16e10f1a30a,78682c12d8ef3a80c291612dbdb0a48ce12f845d220f838b736073f500ad9673,-1.3499999999985448,0.20000000000000284,-0.14999999999999858,0.14999999999999858,0.15000000000000568
2026-09-15,CE,2026-09-15T06:26:00+00:00,2026-09-15T06:24:50.517400+00:00,2026-09-15T06:25:55.337482+00:00,64.820082,NIFTY|2026-09-15|23300|CE,573a80ab3ec59d2d5afb519b828ca6b013c71eaadc01514b2eb730d426783d95,a4ba86f84a7a87777af6ed4bf81c5df979d5da402dc6ee5c75e124a6bfb8b595,1.7000000000007276,2.7249999999999943,2.75,0.20000000000000284,0.04999999999999716
2026-09-15,CE,2026-09-15T06:28:00+00:00,2026-09-15T06:26:55.332666+00:00,2026-09-15T06:27:55.338549+00:00,60.005883,NIFTY|2026-09-15|23350|CE,a73276eba9ea64af266b0b8544a737d1ece329e689ffab056f6a05f7ee82f033,a005d69ab46d1fa49c22f4d66eb5c6eb3722edbf4f07b623e541d01f06b7fca4,3.649999999997817,0.4000000000000057,0.7000000000000028,0.14999999999999858,0.05000000000000426
2026-09-15,CE,2026-09-15T06:29:00+00:00,2026-09-15T06:27:55.338549+00:00,2026-09-15T06:28:55.342355+00:00,60.003806,NIFTY|2026-09-15|23350|CE,a005d69ab46d1fa49c22f4d66eb5c6eb3722edbf4f07b623e541d01f06b7fca4,f26c473b556f45f992ce39dea2d135326269d101717a3376644c749a62a32ad5,4.80000000000291,2.049999999999997,2.1000000000000014,0.05000000000000426,0.04999999999999716
2026-09-15,CE,2026-09-15T06:31:00+00:00,2026-09-15T06:29:55.336940+00:00,2026-09-15T06:30:55.342346+00:00,60.005406,NIFTY|2026-09-15|23350|CE,c4cf92d3f9fbf9aab5946e1edb6545b1f528fce05da1ddf6869ae45af31c8b63,92428a2e18e4e5690c0848821257f00639dc537986b770c0b0f3b7dd9a5f5d8b,1.0499999999992724,-0.5999999999999943,-0.7000000000000028,0.05000000000000426,0.05000000000000426
2026-09-15,CE,2026-09-15T06:34:00+00:00,2026-09-15T06:32:50.338159+00:00,2026-09-15T06:33:55.335215+00:00,64.997056,NIFTY|2026-09-15|23350|CE,cba2c775902343fd80f1af4e89ad1cd98251a3d6ddac08b6573066c964de1646,959ed12db7b01c79823a6dd7e17bda8a80254992ee56961924bb45ac1f463771,5.849999999998545,1.2750000000000057,1.4000000000000057,0.14999999999999858,0.09999999999999432
2026-09-15,CE,2026-09-15T06:35:00+00:00,2026-09-15T06:33:55.335215+00:00,2026-09-15T06:34:55.338293+00:00,60.003078,NIFTY|2026-09-15|23350|CE,959ed12db7b01c79823a6dd7e17bda8a80254992ee56961924bb45ac1f463771,9c866b67e9a6e7645944e773d2b29200b867470b015a40795afb0270afa7d74d,-3.399999999997817,-1.125,-1.3000000000000043,0.09999999999999432,0.15000000000000568
2026-09-15,CE,2026-09-15T06:36:00+00:00,2026-09-15T06:34:55.338293+00:00,2026-09-15T06:35:55.339998+00:00,60.001705,NIFTY|2026-09-15|23350|CE,9c866b67e9a6e7645944e773d2b29200b867470b015a40795afb0270afa7d74d,fdfdd9bdf51c0743eeccca352af6a9b28dd3bbad948bc788ee66fca9ba02119d,5.599999999998545,1.9249999999999972,1.8999999999999986,0.15000000000000568,0.10000000000000142
2026-09-15,CE,2026-09-15T06:38:00+00:00,2026-09-15T06:36:55.331270+00:00,2026-09-15T06:37:55.355009+00:00,60.023739,NIFTY|2026-09-15|23350|CE,32ec3c559f7dd5f8f0dd63bfffe1a2ea8cfda9a9b63411675f6628a85d00d49e,d60f9bb8e098e3de006904608ca34d29802bb04fc2c058828a0aae21db59e835,2.4499999999970896,0.375,0.5,0.14999999999999858,0.10000000000000142
2026-09-15,CE,2026-09-15T06:41:00+00:00,2026-09-15T06:39:50.335577+00:00,2026-09-15T06:40:55.331636+00:00,64.996059,NIFTY|2026-09-15|23350|CE,32f6872055373710d579de99053b25c9075cc9e10d717251ee69c08c36a8205a,531a52dbd649e1f1fa0d1535b1c4e8c09d4c681595cc0671176651ab6319dfd0,-1.9500000000007276,-7.105427357601002e-15,0.04999999999999716,0.14999999999999858,0.04999999999999716
2026-09-15,CE,2026-09-15T06:42:00+00:00,2026-09-15T06:40:55.331636+00:00,2026-09-15T06:41:55.347096+00:00,60.01546,NIFTY|2026-09-15|23350|CE,531a52dbd649e1f1fa0d1535b1c4e8c09d4c681595cc0671176651ab6319dfd0,8224d5dcc690574e7ad2d885b1b366c876eb5acd9f797866ee5088eb1275a091,1.6500000000014552,0.6999999999999957,0.6499999999999986,0.04999999999999716,0.14999999999999858
2026-09-15,CE,2026-09-15T06:43:00+00:00,2026-09-15T06:41:55.347096+00:00,2026-09-15T06:42:55.355225+00:00,60.008129,NIFTY|2026-09-15|23350|CE,8224d5dcc690574e7ad2d885b1b366c876eb5acd9f797866ee5088eb1275a091,01e8f68fc25c27b63e130cdea9506c281b36b35bf24998091903106a9badb5ff,-4.700000000000728,-4.074999999999989,-4.199999999999996,0.14999999999999858,0.10000000000000142
2026-09-15,CE,2026-09-15T06:45:00+00:00,2026-09-15T06:43:50.349328+00:00,2026-09-15T06:44:55.336958+00:00,64.98763,NIFTY|2026-09-15|23350|CE,59c6fce65b4a9c0f9c2c5d6db3bff6d3dbb99ba4032063e7eae889273a006276,e67026448303849662f93a628dcf516a8771b7b811de4bc2e203f267c858d481,2.75,1.2749999999999915,1.3500000000000014,0.14999999999999858,0.10000000000000142
2026-09-15,CE,2026-09-15T06:46:00+00:00,2026-09-15T06:44:55.336958+00:00,2026-09-15T06:45:55.351102+00:00,60.014144,NIFTY|2026-09-15|23350|CE,e67026448303849662f93a628dcf516a8771b7b811de4bc2e203f267c858d481,d5aff2e32993a30038e66d6eb510c731153305ba6414bfc4711bd0248f8a5ada,-3.5499999999992724,-0.9249999999999972,-1.0500000000000043,0.10000000000000142,0.04999999999999716
2026-09-15,CE,2026-09-15T06:48:00+00:00,2026-09-15T06:46:55.337327+00:00,2026-09-15T06:47:55.338529+00:00,60.001202,NIFTY|2026-09-15|23350|CE,a5c02288d38b5f756519e6043a186bf6117201f869e87029b3a0c33476e0bdfe,1bb60b6af60cc78aa0a38ea2efdd77aaa5fb4aa3b311b04198562ff43a81ed36,2.649999999997817,-0.15000000000000568,-0.29999999999999716,0.14999999999999858,0.14999999999999858
2026-09-15,CE,2026-09-15T06:51:00+00:00,2026-09-15T06:49:50.348894+00:00,2026-09-15T06:50:55.338568+00:00,64.989674,NIFTY|2026-09-15|23350|CE,63fe3ad4b2c2be590817830ef423d9e4596aa977e1dbde20f8e480bba81b66b2,b3764bf4af337e5739dc0d9cde435ac18b861325a232908b61246702eb908267,-0.75,0.07500000000000284,0.19999999999999574,0.14999999999999858,0.09999999999999432
2026-09-15,CE,2026-09-15T06:52:00+00:00,2026-09-15T06:50:55.338568+00:00,2026-09-15T06:51:55.341085+00:00,60.002517,NIFTY|2026-09-15|23350|CE,b3764bf4af337e5739dc0d9cde435ac18b861325a232908b61246702eb908267,7b7aa084d7551273c74a5d7c12e4d81a80104ddd6ba4302749219de45cd7fa31,4.049999999999272,2.924999999999997,2.950000000000003,0.09999999999999432,0.14999999999999858
2026-09-15,CE,2026-09-15T06:54:00+00:00,2026-09-15T06:52:55.340008+00:00,2026-09-15T06:53:55.346205+00:00,60.006197,NIFTY|2026-09-15|23350|CE,02598e36a91f9b6101815c82c4f136b7a442aba384efe76ae6911f0d8c4027fa,486ab35770fa3792b14e66316a4ee861aaadcf604c7ab46c33e51cf23fdb1e1a,2.7000000000007276,1.4000000000000057,1.5,0.14999999999999858,0.14999999999999858
2026-09-15,CE,2026-09-15T06:56:00+00:00,2026-09-15T06:54:55.333398+00:00,2026-09-15T06:55:55.338733+00:00,60.005335,NIFTY|2026-09-15|23350|CE,88917230b1e78ee74c82f2644f53e696bdbadbbada578f324e3d0d00f852707c,4899f21437cbfc3cab40a6fd97da034161c615ad515e6f76b38b21232925a30a,-1.5499999999992724,-0.14999999999999858,-0.29999999999999716,0.05000000000000426,0.04999999999999716
2026-09-15,CE,2026-09-15T06:57:00+00:00,2026-09-15T06:55:55.338733+00:00,2026-09-15T06:56:55.345696+00:00,60.006963,NIFTY|2026-09-15|23350|CE,4899f21437cbfc3cab40a6fd97da034161c615ad515e6f76b38b21232925a30a,99364b03f6b53291d97cd23ca184fa485df1418b04d21071e3b6eb91f5c6886e,-0.5999999999985448,-0.75,-0.5500000000000043,0.04999999999999716,0.04999999999999716
2026-09-15,CE,2026-09-15T06:58:00+00:00,2026-09-15T06:56:55.345696+00:00,2026-09-15T06:57:55.349847+00:00,60.004151,NIFTY|2026-09-15|23350|CE,99364b03f6b53291d97cd23ca184fa485df1418b04d21071e3b6eb91f5c6886e,d6af5c38401a7556caf5b1e7c5d2dc899fb4a53dcd229e4f49a863eb4b2fb615,0.0,1.0500000000000043,1.4000000000000057,0.04999999999999716,0.14999999999999858
2026-09-15,CE,2026-09-15T07:00:00+00:00,2026-09-15T06:58:50.345111+00:00,2026-09-15T06:59:55.336644+00:00,64.991533,NIFTY|2026-09-15|23350|CE,10fa0fa9a8ebae49efe6f07ca633cb4a7d2179cd8504de2d7aa0287b749bd191,db7a727f7ef48aab373c2523062d8d93c254e3621a2255e1de359a881827725c,1.5,0.3499999999999943,-0.05000000000000426,0.15000000000000568,0.14999999999999858
2026-09-15,CE,2026-09-15T07:01:00+00:00,2026-09-15T06:59:55.336644+00:00,2026-09-15T07:00:55.346608+00:00,60.009964,NIFTY|2026-09-15|23350|CE,db7a727f7ef48aab373c2523062d8d93c254e3621a2255e1de359a881827725c,03873a1606d759e7d116346457e6fd26ebc3ff2dce9b564ce081a4a7ad88ae6a,-6.400000000001455,-3.7249999999999943,-3.5,0.14999999999999858,0.09999999999999432
2026-09-15,CE,2026-09-15T07:04:00+00:00,2026-09-15T07:02:55.335119+00:00,2026-09-15T07:03:55.338898+00:00,60.003779,NIFTY|2026-09-15|23300|CE,f5f37db452dc3a57e63f2e5035b00131e102a4442aec56c041c5b48383a3d4b7,e4b2ca2101541c45cc432a580e61daa0fcf358d71bfcbde5cb8625ec69424029,0.5499999999992724,0.07499999999999574,-0.20000000000000284,0.14999999999999858,0.20000000000000284
2026-09-15,CE,2026-09-15T07:05:00+00:00,2026-09-15T07:03:55.338898+00:00,2026-09-15T07:04:55.339695+00:00,60.000797,NIFTY|2026-09-15|23300|CE,e4b2ca2101541c45cc432a580e61daa0fcf358d71bfcbde5cb8625ec69424029,3d791fe4f3295c10e039e1e9a59aaa7981ccafea7a0b34840aff430e0af5d9c2,-1.0499999999992724,0.4750000000000014,0.6000000000000014,0.20000000000000284,0.15000000000000568
2026-09-15,CE,2026-09-15T07:07:00+00:00,2026-09-15T07:05:55.335073+00:00,2026-09-15T07:06:55.340140+00:00,60.005067,NIFTY|2026-09-15|23350|CE,7d5a899429e963c08d0a4236986531011f3a807cc8821efb67e6677bf257e0cb,cce9d743b81c23e9da3046af870837739a260fdb6014a385b5a944987501573c,-2.650000000001455,0.4000000000000057,0.25,0.15000000000000568,0.14999999999999858
2026-09-15,CE,2026-09-15T07:10:00+00:00,2026-09-15T07:08:50.341667+00:00,2026-09-15T07:09:55.336023+00:00,64.994356,NIFTY|2026-09-15|23300|CE,a9f56592cbe48dca986f7544913fabfaf682d32cbad938a11a5b73b67e8d6638,98429b6c9e8096d134eeeeac9092f97a0bc6733d848ce2cbf1a0b4eb294ba3bb,-1.6500000000014552,0.32500000000000284,0.25,0.10000000000000142,0.15000000000000568
2026-09-15,CE,2026-09-15T07:13:00+00:00,2026-09-15T07:11:55.342470+00:00,2026-09-15T07:12:55.355190+00:00,60.01272,NIFTY|2026-09-15|23300|CE,1f5d16631cb189e237a870552fa4fc7a21896c7bff73122f350990ce52a1832c,7b1a12da0fded396285a1055e442f66f0a7d005f7aaa907865b978539ea84a31,0.1499999999978172,0.8000000000000043,1.0999999999999943,0.20000000000000284,0.20000000000000284
2026-09-15,CE,2026-09-15T07:15:00+00:00,2026-09-15T07:13:55.336994+00:00,2026-09-15T07:14:55.339402+00:00,60.002408,NIFTY|2026-09-15|23300|CE,ed4c3a4518e0d31392e8b7096eeccf32779862db3cc17d0012628844bdc07cc2,60c83f74498496a40e3925cd29cd103587385ebdaccd2206959414698efdb841,-4.200000000000728,-2.625,-2.75,0.14999999999999858,0.10000000000000142
2026-09-15,CE,2026-09-15T07:17:00+00:00,2026-09-15T07:15:55.334320+00:00,2026-09-15T07:16:55.349996+00:00,60.015676,NIFTY|2026-09-15|23300|CE,36f096e8272fb27bc871258ef35645d60fcfc09c91e5322e5bcadbb0140487f1,6a5f50873a75737d067f81f474e9a7b431bfbbf63dee7e83fc933fbdef9f5270,3.2000000000007276,1.8249999999999957,1.5,0.10000000000000142,0.04999999999999716
2026-09-15,CE,2026-09-15T07:19:00+00:00,2026-09-15T07:17:55.339570+00:00,2026-09-15T07:18:55.370485+00:00,60.030915,NIFTY|2026-09-15|23300|CE,5ff0d9fdcfc7d9b7bf3ddedaa8e7a40d866e06fdfc7529896c8963799d08c78e,588a840c023b54f2c8961469937c65417bbb6a8eb22fe5b78cbef6799bce8d85,3.2000000000007276,2.25,2.6000000000000014,0.14999999999999858,0.14999999999999858
2026-09-15,CE,2026-09-15T07:22:00+00:00,2026-09-15T07:20:55.336578+00:00,2026-09-15T07:21:55.337929+00:00,60.001351,NIFTY|2026-09-15|23350|CE,49442290877ed78da2d257fabc539a8335b68b8ea585052a2ca5e5a7f0139ba8,ccc6af4d3eefe1879006096107ab5db7a72a2e60a9b5936f75ecc083ac3dfea2,-2.150000000001455,-1.4000000000000057,-1.75,0.14999999999999858,0.05000000000000426
2026-09-15,CE,2026-09-15T07:23:00+00:00,2026-09-15T07:21:55.337929+00:00,2026-09-15T07:22:55.339489+00:00,60.00156,NIFTY|2026-09-15|23350|CE,ccc6af4d3eefe1879006096107ab5db7a72a2e60a9b5936f75ecc083ac3dfea2,e15a17cf9b0d9848501f37905abd834df7a88cc26bbbf20f8d6b0be685a7ec09,-6.150000000001455,-2.825000000000003,-2.8000000000000043,0.05000000000000426,0.10000000000000142
2026-09-15,CE,2026-09-15T07:25:00+00:00,2026-09-15T07:23:50.350343+00:00,2026-09-15T07:24:55.336634+00:00,64.986291,NIFTY|2026-09-15|23350|CE,e72d22267bb93bd7ba7ba062f8ced13ca26b7b8042fe0be7334cab1386e33d7f,3cfc8e15212d95c289d52bf541232fb12f23ce4f73186dec0a22332768703be8,-0.25,-0.29999999999999716,-0.6500000000000057,0.14999999999999858,0.04999999999999716
2026-09-15,CE,2026-09-15T07:29:00+00:00,2026-09-15T07:27:55.342476+00:00,2026-09-15T07:28:55.348756+00:00,60.00628,NIFTY|2026-09-15|23300|CE,04bdea1d7a298d37a83c32202a193967f388e8519c5588acffb6d060a9274b76,65b9c926d9a7d6097b2d6ba0983b52efdd766b6430649b5e2908df067ae26b89,-17.5,-8.974999999999994,-8.949999999999996,0.19999999999999574,0.14999999999999858
2026-09-15,CE,2026-09-15T07:30:00+00:00,2026-09-15T07:28:55.348756+00:00,2026-09-15T07:29:55.348830+00:00,60.000074,NIFTY|2026-09-15|23300|CE,65b9c926d9a7d6097b2d6ba0983b52efdd766b6430649b5e2908df067ae26b89,4dde59fee8dad197b9558bd80c9e9e9ccf238b1f00f60da6ab70ff8278c57943,5.150000000001455,1.9249999999999972,1.8999999999999986,0.14999999999999858,0.09999999999999432
2026-09-15,CE,2026-09-15T07:33:00+00:00,2026-09-15T07:31:50.348187+00:00,2026-09-15T07:32:55.334682+00:00,64.986495,NIFTY|2026-09-15|23300|CE,da5604c195f61d01287600a791055d64ab62241862b6cf6e40c9af529450efbc,b5a7261efdcba3e102f23ac83fa77b056d47a53ebb1579de41e28e6ab01bdd81,-0.75,1.3499999999999943,1.4000000000000057,0.05000000000000426,0.14999999999999858
2026-09-15,CE,2026-09-15T07:34:00+00:00,2026-09-15T07:32:55.334682+00:00,2026-09-15T07:33:55.340738+00:00,60.006056,NIFTY|2026-09-15|23300|CE,b5a7261efdcba3e102f23ac83fa77b056d47a53ebb1579de41e28e6ab01bdd81,807bd00b57e6ae270527eed66a8f746cecbbf4faf91e82ea6674068316eef9f1,-4.0,-3.1499999999999915,-3.200000000000003,0.14999999999999858,0.14999999999999858
2026-09-15,CE,2026-09-15T07:36:00+00:00,2026-09-15T07:34:55.334343+00:00,2026-09-15T07:35:55.343808+00:00,60.009465,NIFTY|2026-09-15|23300|CE,927afc524f22a7e8459e103bff0ebae853739b01a96cf550e6d3166a6df47a30,b16945afcef760550da0279935157166535048033ac8d0f7c14d5c32b4cdaafe,4.700000000000728,2.9750000000000085,2.8999999999999986,0.10000000000000142,0.14999999999999858
2026-09-15,CE,2026-09-15T07:39:00+00:00,2026-09-15T07:37:55.334638+00:00,2026-09-15T07:38:55.336803+00:00,60.002165,NIFTY|2026-09-15|23300|CE,de6bebc6da89f8d82760771826b1526635825d52838cd9ae591cb1042fec3270,11a1c407601c4a67a18a009b295c2c0a3f724d9a95cf24592d1a9c22ca4ad1a9,-1.2000000000007276,-0.5750000000000028,-0.5,0.19999999999999574,0.04999999999999716
2026-09-15,CE,2026-09-15T07:41:00+00:00,2026-09-15T07:39:55.332097+00:00,2026-09-15T07:40:55.335222+00:00,60.003125,NIFTY|2026-09-15|23300|CE,7c43787d18ed485bedd63ad560b7f3517c44c415673fc67b63a654e73c062b0a,e620ce890490b6fde17b38d078686fb6df29ec011379682555908560b528cb8a,3.0,0.7999999999999972,0.44999999999999574,0.14999999999999858,0.15000000000000568
2026-09-15,CE,2026-09-15T07:42:00+00:00,2026-09-15T07:40:55.335222+00:00,2026-09-15T07:41:55.337620+00:00,60.002398,NIFTY|2026-09-15|23300|CE,e620ce890490b6fde17b38d078686fb6df29ec011379682555908560b528cb8a,5931a245a60f67b59ea853161342db0aa631441203a9f392edf00f72da749c48,-19.549999999999272,-9.900000000000006,-9.75,0.15000000000000568,0.14999999999999858
2026-09-15,CE,2026-09-15T07:44:00+00:00,2026-09-15T07:42:55.334903+00:00,2026-09-15T07:43:55.339214+00:00,60.004311,NIFTY|2026-09-15|23300|CE,1e4afb65099e72f67fa0ed137a96a3a194c1c3f1d45f5a59606e7e42720b3c0c,567357a32bbf07e527129e41344672e3b10dcafcbb1f2cff08bb181af6e9f34e,1.5999999999985448,1.9000000000000057,1.6499999999999986,0.14999999999999858,0.14999999999999858
2026-09-15,CE,2026-09-15T07:46:00+00:00,2026-09-15T07:44:55.336867+00:00,2026-09-15T07:45:55.425607+00:00,60.08874,NIFTY|2026-09-15|23300|CE,ccb988dec6b12e8bb6b65a1a2d63ec0eeb8aee5cf17aad0cb67d32a767191c68,b732535ba69ad74bd53753242d8759f1254b0eeb80d8e517606f433269738be0,-6.549999999999272,-1.9249999999999972,-1.8499999999999943,0.04999999999999716,0.10000000000000142
2026-09-15,PE,2026-09-15T04:19:00+00:00,2026-09-15T04:17:55.337021+00:00,2026-09-15T04:18:55.395966+00:00,60.058945,NIFTY|2026-09-15|23450|PE,216a2ebd17d9a442468a2ce01eb238e8c84b8bc115078c975d3560164d671579,1ef9123fd731c7ff9ab3484d4447ae39f9d5977c0c9a517bbbc8e1059261fa7f,-3.400000000001455,3.2249999999999943,3.700000000000003,0.14999999999999858,0.19999999999999574
2026-09-15,PE,2026-09-15T04:22:00+00:00,2026-09-15T04:20:50.355224+00:00,2026-09-15T04:21:55.337596+00:00,64.982372,NIFTY|2026-09-15|23400|PE,b2e385e238547d0ee0b9a8f754a93e2ae58c6a7815e8a7e17d6208d3df2a4af1,544629885f7bc349d2907f97bd7a8f99476779c32652f71f3a10a354f2590c90,-0.4500000000007276,1.5250000000000057,1.5500000000000043,0.14999999999999858,0.09999999999999432
2026-09-15,PE,2026-09-15T04:23:00+00:00,2026-09-15T04:21:55.337596+00:00,2026-09-15T04:22:55.343179+00:00,60.005583,NIFTY|2026-09-15|23400|PE,544629885f7bc349d2907f97bd7a8f99476779c32652f71f3a10a354f2590c90,c31f2f1c6e616da342c77ea48d1a28c47dd2b25287f50d7dc7dffaa9746e9a95,-12.899999999997817,8.075000000000003,8.299999999999997,0.09999999999999432,0.14999999999999858
2026-09-15,PE,2026-09-15T04:25:00+00:00,2026-09-15T04:23:50.344960+00:00,2026-09-15T04:24:55.338413+00:00,64.993453,NIFTY|2026-09-15|23400|PE,38f812711a5b96a12cdc397770fe22a2cfe39c25dda63c6e9fe6185e6c0e2bfc,7f9615d635847e3631a47fb04060dd3feeb317bdd7f82532dffe79d2fdebe0bf,-6.599999999998545,5.675000000000004,5.850000000000001,0.10000000000000142,0.04999999999999716
2026-09-15,PE,2026-09-15T04:26:00+00:00,2026-09-15T04:24:55.338413+00:00,2026-09-15T04:25:55.339160+00:00,60.000747,NIFTY|2026-09-15|23400|PE,7f9615d635847e3631a47fb04060dd3feeb317bdd7f82532dffe79d2fdebe0bf,aa27495f5d510109a9d2e461fb46a360ff5797c334ff9404dd4a6e5a0815a815,-13.599999999998545,5.300000000000004,5.200000000000003,0.04999999999999716,0.14999999999999858
2026-09-15,PE,2026-09-15T04:27:00+00:00,2026-09-15T04:25:55.339160+00:00,2026-09-15T04:26:55.351017+00:00,60.011857,NIFTY|2026-09-15|23400|PE,aa27495f5d510109a9d2e461fb46a360ff5797c334ff9404dd4a6e5a0815a815,941b2b463e00abb431b86eceb84c69e18d4f8e6436413042399efa3806f49b2e,-6.850000000002183,7.025000000000006,8.099999999999994,0.14999999999999858,0.20000000000000284
2026-09-15,PE,2026-09-15T04:30:00+00:00,2026-09-15T04:28:55.340254+00:00,2026-09-15T04:29:55.422909+00:00,60.082655,NIFTY|2026-09-15|23400|PE,3ad9da98d6933800345760b820cebc4c5217f09a85515aeb787bc4f65c29e6ef,5d4b3d3b6dbc15f1d1989ae04744de3095ad0d71fc737d6ecb879dc8fb4118e7,14.799999999999272,-7.2250000000000085,-6.8500000000000085,0.20000000000000284,0.15000000000000568
2026-09-15,PE,2026-09-15T04:32:00+00:00,2026-09-15T04:30:50.345500+00:00,2026-09-15T04:31:55.340077+00:00,64.994577,NIFTY|2026-09-15|23400|PE,c2b6a9750e2877a536c92e2e9454ccce0368b4bcca7821db9c2908fd0b79d4e7,573e6a2ac5dc2cef17411972e4e353303870d8627fd2c9bf02e582c41f93162d,-4.100000000002183,2.25,1.9000000000000057,0.20000000000000284,0.20000000000000284
2026-09-15,PE,2026-09-15T04:35:00+00:00,2026-09-15T04:33:50.354625+00:00,2026-09-15T04:34:55.343222+00:00,64.988597,NIFTY|2026-09-15|23400|PE,70fef717eeff6d202102b0ecfdb29fae130b024782b886defb44f32e88ff7003,8afd6386516e8bfbf3c5f41ed4ec800bd648d43b02247b6cd471964d21fe9dfd,0.2999999999992724,0.30000000000001137,0.6000000000000085,0.20000000000000284,0.19999999999998863
2026-09-15,PE,2026-09-15T04:36:00+00:00,2026-09-15T04:34:55.343222+00:00,2026-09-15T04:35:55.635562+00:00,60.29234,NIFTY|2026-09-15|23400|PE,8afd6386516e8bfbf3c5f41ed4ec800bd648d43b02247b6cd471964d21fe9dfd,f206ea8ec452b3230741a646855924f690be054aa65dd6ed8d1df11f87d74236,7.549999999999272,-1.9499999999999886,-2.049999999999997,0.19999999999998863,0.20000000000000284
2026-09-15,PE,2026-09-15T04:38:00+00:00,2026-09-15T04:36:55.351018+00:00,2026-09-15T04:37:55.429246+00:00,60.078228,NIFTY|2026-09-15|23400|PE,610e911b848d1256ccf16832c272544b926b6b09462f054b0a6aa68cb06fc442,bca31c5de4c30adc0ea9a348e53d5ee15addb154e67cacdffeb8ab11f88d12ab,0.7999999999992724,0.17500000000001137,0.04999999999999716,0.20000000000000284,0.15000000000000568
2026-09-15,PE,2026-09-15T04:43:00+00:00,2026-09-15T04:41:50.388743+00:00,2026-09-15T04:42:55.341959+00:00,64.953216,NIFTY|2026-09-15|23400|PE,1a66f3dde829e5bef3343f71125e5ecac891e0ff2e630225e8e6656bc5ac028d,bd22a1358a8e4f177649ee1fa0ab21f832afcaa341831c17dee9429d72aab6f4,2.900000000001455,-4.299999999999997,-4.400000000000006,0.15000000000000568,0.14999999999999858
2026-09-15,PE,2026-09-15T04:45:00+00:00,2026-09-15T04:43:50.389244+00:00,2026-09-15T04:44:55.338014+00:00,64.94877,NIFTY|2026-09-15|23400|PE,6c09291d7dddf10e76cca89a849d389bb75b48ca37eee23eda92a468330bdd80,cf70ed230709ea1371543cce32c98e78a0ae60394a97307c42d3f3571925c604,-4.649999999997817,3.3500000000000014,3.299999999999997,0.20000000000000284,0.09999999999999432
2026-09-15,PE,2026-09-15T04:46:00+00:00,2026-09-15T04:44:55.338014+00:00,2026-09-15T04:45:55.341510+00:00,60.003496,NIFTY|2026-09-15|23400|PE,cf70ed230709ea1371543cce32c98e78a0ae60394a97307c42d3f3571925c604,ac2bb6bdd2a1c7ccc23344de3c5762736f932f0fcefe330f3ed4eb98721e76f0,-10.150000000001455,4.775000000000006,4.75,0.09999999999999432,0.14999999999999147
2026-09-15,PE,2026-09-15T04:47:00+00:00,2026-09-15T04:45:55.341510+00:00,2026-09-15T04:46:55.481290+00:00,60.13978,NIFTY|2026-09-15|23400|PE,ac2bb6bdd2a1c7ccc23344de3c5762736f932f0fcefe330f3ed4eb98721e76f0,0a96a311dd1a6ff6d82503316b7465cdbf6127438fa65ddef1be2ee42aa77602,2.350000000002183,-1.75,-1.75,0.14999999999999147,0.14999999999999147
2026-09-15,PE,2026-09-15T04:49:00+00:00,2026-09-15T04:47:50.345091+00:00,2026-09-15T04:48:55.339756+00:00,64.994665,NIFTY|2026-09-15|23400|PE,8a642a029be7b681eaeea1f35a14369a529739c0025e1a2e6207a3e45e9a4d1b,2e136da3cee4da31806bfb98cca1bfb2eccc041ed59bffaaa4234df3866195ab,11.349999999998545,-3.250000000000007,-2.9499999999999957,0.20000000000000284,0.20000000000000284
2026-09-15,PE,2026-09-15T04:50:00+00:00,2026-09-15T04:48:55.339756+00:00,2026-09-15T04:49:55.436557+00:00,60.096801,NIFTY|2026-09-15|23400|PE,2e136da3cee4da31806bfb98cca1bfb2eccc041ed59bffaaa4234df3866195ab,4d6026842b4c8e9cea3c6fea83d50434dab63ab62c0bdf931edc8098d21058d2,-4.950000000000728,2.125000000000007,2.1999999999999957,0.20000000000000284,0.14999999999999147
2026-09-15,PE,2026-09-15T04:53:00+00:00,2026-09-15T04:51:50.336967+00:00,2026-09-15T04:52:55.331218+00:00,64.994251,NIFTY|2026-09-15|23400|PE,c79d37e698b1a9fd2944e1ad97fff08a32e4debcdbc66dacda2abd74f043fac6,6663694a263510e1340c2c14949bc97c55537d5fb0b14e451f1599a5d44862ac,9.5,-3.375,-2.700000000000003,0.19999999999998863,0.15000000000000568
2026-09-15,PE,2026-09-15T04:54:00+00:00,2026-09-15T04:52:55.331218+00:00,2026-09-15T04:53:55.339230+00:00,60.008012,NIFTY|2026-09-15|23400|PE,6663694a263510e1340c2c14949bc97c55537d5fb0b14e451f1599a5d44862ac,4ab7c205a3a65de2f5dd8f2c6862c0bc22351155986af56e0d6e8bc5fe3ea9d2,-4.100000000002183,1.9000000000000057,1.2000000000000028,0.15000000000000568,0.14999999999999147
2026-09-15,PE,2026-09-15T04:55:00+00:00,2026-09-15T04:53:55.339230+00:00,2026-09-15T04:54:55.520941+00:00,60.181711,NIFTY|2026-09-15|23400|PE,4ab7c205a3a65de2f5dd8f2c6862c0bc22351155986af56e0d6e8bc5fe3ea9d2,09a1696d30773e6d6083387754d3eced1e48d2e2302d2a505d6867d6e1880f55,3.400000000001455,-0.5500000000000114,-0.9000000000000057,0.14999999999999147,0.14999999999999147
2026-09-15,PE,2026-09-15T04:58:00+00:00,2026-09-15T04:56:50.344342+00:00,2026-09-15T04:57:55.334278+00:00,64.989936,NIFTY|2026-09-15|23400|PE,26c73a119eec06efd105a5323bd4991da7cf4578f967d64e670f7855118a303b,3e54a5dc28756f2f998b5bdf6289fa214abcf8bfc3973a19022020e38be57503,-3.0499999999992724,1.125,1.6499999999999915,0.19999999999998863,0.15000000000000568
2026-09-15,PE,2026-09-15T05:00:00+00:00,2026-09-15T04:58:55.358573+00:00,2026-09-15T04:59:55.515975+00:00,60.157402,NIFTY|2026-09-15|23350|PE,1b296e2e3775bfb150da7d29219eeb06a46a21880469aab759fe0ab86c96cbf4,e8d8b7ceb98392a5dbf1b4c6f499ea10d77ce5e317bd9264e5f0c29aacd67dea,-4.349999999998545,0.9749999999999943,0.8500000000000014,0.14999999999999858,0.09999999999999432
2026-09-15,PE,2026-09-15T05:02:00+00:00,2026-09-15T05:00:50.364824+00:00,2026-09-15T05:01:55.351751+00:00,64.986927,NIFTY|2026-09-15|23350|PE,34f81ab083f06e5818ef4ccb320ac5811fb15df33119c2807f00c0026fe3283a,11656098fe1c2b509e04d2f00276605ccf876c613725c7a2f66699f39dcea9d3,-0.5499999999992724,0.42499999999999716,0.9000000000000057,0.15000000000000568,0.10000000000000142
2026-09-15,PE,2026-09-15T05:03:00+00:00,2026-09-15T05:01:55.351751+00:00,2026-09-15T05:02:55.362478+00:00,60.010727,NIFTY|2026-09-15|23350|PE,11656098fe1c2b509e04d2f00276605ccf876c613725c7a2f66699f39dcea9d3,da2cfde0205a809009fb86547741e5ea2bd121c1c35dbc8691c63e6fb3bbc330,1.25,-0.4749999999999943,-0.8000000000000043,0.10000000000000142,0.14999999999999858
2026-09-15,PE,2026-09-15T05:05:00+00:00,2026-09-15T05:03:55.355523+00:00,2026-09-15T05:04:55.358895+00:00,60.003372,NIFTY|2026-09-15|23350|PE,74f9ce92e963a7e5a146c5abb5f325ad612294ef5bfd5555be8d544ab95d5cb7,7d6dee1df8ceb2ed25982b93c5377f9ecadc585a59c5485f53f4b2728ab67682,-0.25,1.0,0.8500000000000014,0.14999999999999858,0.05000000000000426
2026-09-15,PE,2026-09-15T05:07:00+00:00,2026-09-15T05:05:55.354778+00:00,2026-09-15T05:06:55.363484+00:00,60.008706,NIFTY|2026-09-15|23350|PE,c85367b04938f08ddb70b22e3b4ba61e77504979d1d30dd4562da0e617af78fb,c9853ee9f60a901be29c077d8006e84b690c0232e06011cd6358ad413363c9a2,5.0,-1.6749999999999972,-1.2999999999999972,0.14999999999999858,0.10000000000000142
2026-09-15,PE,2026-09-15T05:09:00+00:00,2026-09-15T05:07:55.358748+00:00,2026-09-15T05:08:55.360857+00:00,60.002109,NIFTY|2026-09-15|23350|PE,350a9d9b08911b7a8d1c7352ced279ea32857c6105cdb2492e9b1345526a6de8,9db9dc462b006aea290052c8897a988a6284fdc48803ca95777e2dd9f6363df5,-1.4500000000007276,1.8500000000000085,2.0,0.14999999999999858,0.14999999999999858
2026-09-15,PE,2026-09-15T05:10:00+00:00,2026-09-15T05:08:55.360857+00:00,2026-09-15T05:09:55.378241+00:00,60.017384,NIFTY|2026-09-15|23350|PE,9db9dc462b006aea290052c8897a988a6284fdc48803ca95777e2dd9f6363df5,ae2891d680931fbbcc43979f757fd6d3a572e9918a4daa8590a15d5b03b5b99f,1.2000000000007276,-1.3250000000000028,-1.3999999999999986,0.14999999999999858,0.10000000000000142
2026-09-15,PE,2026-09-15T05:12:00+00:00,2026-09-15T05:10:50.373364+00:00,2026-09-15T05:11:55.359052+00:00,64.985688,NIFTY|2026-09-15|23350|PE,b4bdac306c90aaa094f14dd4df4123ec465aa4f780c2bbc9fe2236e84d6ac7b6,d88370d1e6495d7ac13fb7995b2121127ed6ceb047af0c2f862cc707516d5c1b,1.0,-0.20000000000000284,-0.05000000000000426,0.14999999999999858,0.14999999999999858
2026-09-15,PE,2026-09-15T05:13:00+00:00,2026-09-15T05:11:55.359052+00:00,2026-09-15T05:12:55.362648+00:00,60.003596,NIFTY|2026-09-15|23350|PE,d88370d1e6495d7ac13fb7995b2121127ed6ceb047af0c2f862cc707516d5c1b,993eb598353f999b806920334f34e19e7df9ecc27b63e23f455ebadc8d68066c,-2.7000000000007276,1.2749999999999915,1.25,0.14999999999999858,0.10000000000000142
2026-09-15,PE,2026-09-15T05:15:00+00:00,2026-09-15T05:13:50.365325+00:00,2026-09-15T05:14:55.351303+00:00,64.985978,NIFTY|2026-09-15|23350|PE,8143eeaca90c7c2fe83d2dead247aa7daecbcac8a6e843d7666eb63cec30303e,23aefcd9cdf359afce1a37722be263fffa9edeac9816e02f2a028437b56521ec,-0.4500000000007276,2.3249999999999957,2.5,0.10000000000000142,0.04999999999999716
2026-09-15,PE,2026-09-15T05:16:00+00:00,2026-09-15T05:14:55.351303+00:00,2026-09-15T05:15:55.386821+00:00,60.035518,NIFTY|2026-09-15|23350|PE,23aefcd9cdf359afce1a37722be263fffa9edeac9816e02f2a028437b56521ec,96ca4d6b02a0f8fb0a3e3e9c607503184197f3e25f6d2aa7759d91369fad9a1e,0.6500000000014552,-2.049999999999997,-2.299999999999997,0.04999999999999716,0.04999999999999716
2026-09-15,PE,2026-09-15T05:19:00+00:00,2026-09-15T05:17:50.378097+00:00,2026-09-15T05:18:55.357585+00:00,64.979488,NIFTY|2026-09-15|23350|PE,f04c4a0e60f74674431348fef9eab08bce0db3b15014b119ae8ac504b7e70509,f26c8e2175e0fc03a517f252f5eab04edb833932f3ae8600033d83086017ebe3,1.6500000000014552,-1.375,-1.2999999999999972,0.10000000000000142,0.14999999999999858
2026-09-15,PE,2026-09-15T05:20:00+00:00,2026-09-15T05:18:55.357585+00:00,2026-09-15T05:19:55.359221+00:00,60.001636,NIFTY|2026-09-15|23350|PE,f26c8e2175e0fc03a517f252f5eab04edb833932f3ae8600033d83086017ebe3,d76af30a8750d249d19e15a815d442987a3a189b17d6d2414526908399a74ed7,-5.650000000001455,3.6000000000000085,3.4499999999999957,0.14999999999999858,0.14999999999999858
2026-09-15,PE,2026-09-15T05:21:00+00:00,2026-09-15T05:19:55.359221+00:00,2026-09-15T05:20:55.371143+00:00,60.011922,NIFTY|2026-09-15|23350|PE,d76af30a8750d249d19e15a815d442987a3a189b17d6d2414526908399a74ed7,555dcf56adc6a7907cbdc8af3f7ca905ae5bf374a54ef770a607358168d8f179,4.799999999999272,-1.75,-1.8499999999999943,0.14999999999999858,0.14999999999999858
2026-09-15,PE,2026-09-15T05:22:00+00:00,2026-09-15T05:20:55.371143+00:00,2026-09-15T05:21:55.381792+00:00,60.010649,NIFTY|2026-09-15|23350|PE,555dcf56adc6a7907cbdc8af3f7ca905ae5bf374a54ef770a607358168d8f179,d7fbfa3540336becbed84234d852a5ced6b0c0738e14736b32fdd525dd077e02,-12.450000000000728,4.849999999999994,4.8999999999999915,0.14999999999999858,0.15000000000000568
2026-09-15,PE,2026-09-15T05:24:00+00:00,2026-09-15T05:22:55.362827+00:00,2026-09-15T05:23:55.446203+00:00,60.083376,NIFTY|2026-09-15|23350|PE,bad5974cf7342441f78aa4b1049c26f2b97c3f041a1303744b5951bc0ef36de3,1694005fe1f9d0661454f4e7a182fce11d3a0aef10a907d0f8b9cc32e682f63a,0.7999999999992724,0.6999999999999886,0.6499999999999915,0.20000000000000284,0.20000000000000284
2026-09-15,PE,2026-09-15T05:26:00+00:00,2026-09-15T05:24:50.363040+00:00,2026-09-15T05:25:55.350893+00:00,64.987853,NIFTY|2026-09-15|23350|PE,9dd8d7c119fb4a4280979861efbca7acd5833d8a3035c3aad8f7413d33931c8e,ca52c184b7656ecc7352c6dba5e8c871345480471df19759e7c99fb6f0482b69,-3.7999999999992724,2.1499999999999915,1.8999999999999915,0.09999999999999432,0.20000000000000284
2026-09-15,PE,2026-09-15T05:27:00+00:00,2026-09-15T05:25:55.350893+00:00,2026-09-15T05:26:55.351121+00:00,60.000228,NIFTY|2026-09-15|23350|PE,ca52c184b7656ecc7352c6dba5e8c871345480471df19759e7c99fb6f0482b69,f8b245a704276a87326d37dc9f7db67710ac0fae60d2e1688f58ed0b1834bba8,-1.75,-1.0999999999999943,-1.2000000000000028,0.20000000000000284,0.20000000000000284
2026-09-15,PE,2026-09-15T05:28:00+00:00,2026-09-15T05:26:55.351121+00:00,2026-09-15T05:27:55.356869+00:00,60.005748,NIFTY|2026-09-15|23350|PE,f8b245a704276a87326d37dc9f7db67710ac0fae60d2e1688f58ed0b1834bba8,e5f354f8d1bf5969d3d2cb272e2731fb6c1b54184e950ba5f90c239210728a37,0.0,0.5999999999999943,0.20000000000000284,0.20000000000000284,0.20000000000000284
2026-09-15,PE,2026-09-15T05:29:00+00:00,2026-09-15T05:27:55.356869+00:00,2026-09-15T05:28:55.357072+00:00,60.000203,NIFTY|2026-09-15|23350|PE,e5f354f8d1bf5969d3d2cb272e2731fb6c1b54184e950ba5f90c239210728a37,ca83792cb206ac40e689d198883876090066a276186e86b60f51d6e5f37a5f57,4.149999999997817,-3.0749999999999886,-2.8999999999999915,0.20000000000000284,0.15000000000000568
2026-09-15,PE,2026-09-15T05:30:00+00:00,2026-09-15T05:28:55.357072+00:00,2026-09-15T05:29:55.363059+00:00,60.005987,NIFTY|2026-09-15|23350|PE,ca83792cb206ac40e689d198883876090066a276186e86b60f51d6e5f37a5f57,dd12c07361a6154aafc37f82e6cec06cad3f973ca71954ca8c5b06f854019485,4.299999999999272,-1.9749999999999943,-2.0500000000000043,0.15000000000000568,0.10000000000000142
2026-09-15,PE,2026-09-15T05:32:00+00:00,2026-09-15T05:30:50.372420+00:00,2026-09-15T05:31:55.355330+00:00,64.98291,NIFTY|2026-09-15|23350|PE,e76de0ce953233c59bf88530be17639f7941c690b5cbeb1f9b91adb143027377,47608ca61ac921c4bc2f83a16ddabc155a8bcac9905e810725b56e7ab0ca525d,12.44999999999709,-4.5,-4.700000000000003,0.10000000000000142,0.10000000000000142
2026-09-15,PE,2026-09-15T05:33:00+00:00,2026-09-15T05:31:55.355330+00:00,2026-09-15T05:32:55.448109+00:00,60.092779,NIFTY|2026-09-15|23350|PE,47608ca61ac921c4bc2f83a16ddabc155a8bcac9905e810725b56e7ab0ca525d,c5d43dbe058180e2f8a0cf0815ecb5c6f0a7dc61d543c18e5c8ce8034d332587,9.55000000000291,-3.3499999999999943,-3.549999999999997,0.10000000000000142,0.10000000000000142
2026-09-15,PE,2026-09-15T05:35:00+00:00,2026-09-15T05:33:55.355686+00:00,2026-09-15T05:34:55.361961+00:00,60.006275,NIFTY|2026-09-15|23350|PE,7ce4073e49809369372f958b7e114783b47fdd966190851c8b0ae19d20cdaca4,e4f9d2b4328a450f07b801c615cdb6ba4307dff152be36c9fda7ea30c841b321,6.149999999997817,-4.550000000000004,-4.699999999999996,0.14999999999999858,0.04999999999999716
2026-09-15,PE,2026-09-15T05:37:00+00:00,2026-09-15T05:35:55.352823+00:00,2026-09-15T05:36:55.358275+00:00,60.005452,NIFTY|2026-09-15|23350|PE,10792a25c432882c5faea900ed3cb889734c9213bf772b9a48a350a564858fe9,704dcb85d354b0fdf22cb9177b4bf8f903ae330b4c9cc62b00a06def0aa633aa,-0.7999999999992724,0.09999999999999432,0.0,0.15000000000000568,0.14999999999999858
2026-09-15,PE,2026-09-15T05:38:00+00:00,2026-09-15T05:36:55.358275+00:00,2026-09-15T05:37:55.359040+00:00,60.000765,NIFTY|2026-09-15|23350|PE,704dcb85d354b0fdf22cb9177b4bf8f903ae330b4c9cc62b00a06def0aa633aa,eb14c3f93390f2af3d2d4913a585b315df3c3718c67d71c640781f9152dc8723,-12.549999999999272,5.300000000000011,5.350000000000001,0.14999999999999858,0.14999999999999858
2026-09-15,PE,2026-09-15T05:40:00+00:00,2026-09-15T05:38:55.350302+00:00,2026-09-15T05:39:55.367180+00:00,60.016878,NIFTY|2026-09-15|23350|PE,aa2e901278629098b288da79162a20276e8b373c9bdffafa24f2bebf80c7d2ad,a3673ac229606d99483c62ab9c53ec46ba0f34815bc5c4f973a16061532342aa,-3.7999999999992724,2.1750000000000043,2.25,0.20000000000000284,0.14999999999999858
2026-09-15,PE,2026-09-15T05:42:00+00:00,2026-09-15T05:40:55.354452+00:00,2026-09-15T05:41:55.359475+00:00,60.005023,NIFTY|2026-09-15|23350|PE,8351413d885d8656293e02a18cd807517595d197c5e640fb8dc0193c2ce30192,6b6e34c3ef2ec449a3d795572f6ccd9891bb93adac85a144e64390d124b2a310,13.25,-5.575000000000003,-5.600000000000001,0.15000000000000568,0.10000000000000142
2026-09-15,PE,2026-09-15T05:44:00+00:00,2026-09-15T05:42:55.356102+00:00,2026-09-15T05:43:55.361095+00:00,60.004993,NIFTY|2026-09-15|23350|PE,8ec09e0f620b1fe6cade70bd91d128805e9a3a638a246951412622cd7afbc9f8,f16dce49fdd1dab9fe9712072d5a2594c1a0e4c6d663f02622f46d71b6485409,-6.650000000001455,2.5500000000000043,2.6000000000000014,0.04999999999999716,0.14999999999999858
2026-09-15,PE,2026-09-15T05:46:00+00:00,2026-09-15T05:44:55.354226+00:00,2026-09-15T05:45:55.355421+00:00,60.001195,NIFTY|2026-09-15|23350|PE,140325eacbfa360961eac212fef3018ac4e1edf2b3367ba5f26bda1e89810f8b,10a682c32868d3141ca09c7596cd3694aaf5c2636b8dffe77efd73b9dc19656c,7.950000000000728,-3.4749999999999943,-3.549999999999997,0.10000000000000142,0.14999999999999858
2026-09-15,PE,2026-09-15T05:49:00+00:00,2026-09-15T05:47:50.381938+00:00,2026-09-15T05:48:55.358424+00:00,64.976486,NIFTY|2026-09-15|23350|PE,6e0ea6c174d94d345da46fdfcb497a1d97aa35c9a2c44427dddb84a7f65abdc4,032f265c56dc4da1ff750e1c61b6d00a2967d81d56968d5d7e3b857c97124359,-6.549999999999272,1.5999999999999943,1.75,0.14999999999999858,0.14999999999999858
2026-09-15,PE,2026-09-15T05:51:00+00:00,2026-09-15T05:49:55.363520+00:00,2026-09-15T05:50:55.365209+00:00,60.001689,NIFTY|2026-09-15|23300|PE,6adacd331034d2bb6213edf84afd0cfab9df8145db591f658c291348233eee8d,116b7ed7b62312d37443a6c71ed05151bf1e262227fcffc1f4396012dc93abdf,-3.400000000001455,1.9249999999999972,2.049999999999997,0.10000000000000142,0.14999999999999858
2026-09-15,PE,2026-09-15T05:52:00+00:00,2026-09-15T05:50:55.365209+00:00,2026-09-15T05:51:55.373759+00:00,60.00855,NIFTY|2026-09-15|23300|PE,116b7ed7b62312d37443a6c71ed05151bf1e262227fcffc1f4396012dc93abdf,ed083970a7ff341355f4580c1fbe9211053e66c6b87a77c2c346c7e9e40c1a9f,3.5500000000029104,-2.8500000000000085,-2.6999999999999957,0.14999999999999858,0.14999999999999858
2026-09-15,PE,2026-09-15T05:54:00+00:00,2026-09-15T05:52:50.370732+00:00,2026-09-15T05:53:55.358870+00:00,64.988138,NIFTY|2026-09-15|23350|PE,02899945de38cfa0d5001d1c5deffa6d5d5696408089e71fc8a472f0722565d5,41894cc07e885b71620558232f184915e0e650a47cdc1356ecd6135b4537dcdf,0.4500000000007276,-1.3250000000000028,-1.4500000000000028,0.10000000000000142,0.14999999999999858
2026-09-15,PE,2026-09-15T05:58:00+00:00,2026-09-15T05:56:50.355550+00:00,2026-09-15T05:57:55.353595+00:00,64.998045,NIFTY|2026-09-15|23300|PE,00ec77f62ba2336d6e8950159f2e92f4e5f09bbc3900fcd74ab03fb5d6be5b04,24dd5e2838337ca2ca2ea965379023eb13507cf4b8cb9f7641e9e619467ed5b7,-0.8999999999978172,-0.15000000000000568,0.19999999999999574,0.09999999999999432,0.10000000000000142
2026-09-15,PE,2026-09-15T05:59:00+00:00,2026-09-15T05:57:55.353595+00:00,2026-09-15T05:58:55.357213+00:00,60.003618,NIFTY|2026-09-15|23300|PE,24dd5e2838337ca2ca2ea965379023eb13507cf4b8cb9f7641e9e619467ed5b7,fcba90f405ff7490a79334e00c6ba2a2f4669477873739532759dbc7bd87514a,-3.9500000000007276,1.8000000000000114,1.6000000000000014,0.10000000000000142,0.10000000000000142
2026-09-15,PE,2026-09-15T06:00:00+00:00,2026-09-15T05:58:55.357213+00:00,2026-09-15T05:59:55.365549+00:00,60.008336,NIFTY|2026-09-15|23300|PE,fcba90f405ff7490a79334e00c6ba2a2f4669477873739532759dbc7bd87514a,8423293f9a6c6de50b7b2214a6c1d495ffecdffd120e2466ef0505fc73515c20,1.6499999999978172,-0.07500000000000284,-0.29999999999999716,0.10000000000000142,0.14999999999999858
2026-09-15,PE,2026-09-15T06:01:00+00:00,2026-09-15T05:59:55.365549+00:00,2026-09-15T06:00:55.367450+00:00,60.001901,NIFTY|2026-09-15|23300|PE,8423293f9a6c6de50b7b2214a6c1d495ffecdffd120e2466ef0505fc73515c20,157ffbb753567ff3ba31230b7e4fedcf3d26bfba45a8d2fc89512b97483c2d0c,-3.5,1.1499999999999915,1.1999999999999957,0.14999999999999858,0.14999999999999858
2026-09-15,PE,2026-09-15T06:09:00+00:00,2026-09-15T06:07:55.339059+00:00,2026-09-15T06:08:55.342842+00:00,60.003783,NIFTY|2026-09-15|23350|PE,ff9fc17c62a00364f15965a496b2e2035c25cde48ce96ee6dc8fc8678455103a,51cc2aa50a1738abc2c60b8b51f0994ace82f4ce89c816a454ee755939f17bd5,4.900000000001455,-2.25,-2.1500000000000057,0.05000000000000426,0.14999999999999858
2026-09-15,PE,2026-09-15T06:11:00+00:00,2026-09-15T06:09:55.337118+00:00,2026-09-15T06:10:55.344426+00:00,60.007308,NIFTY|2026-09-15|23350|PE,615f670bc4f35a01b0ee50a1ee0939ee22bfdb58bdb724f028684ca7a59f9716,46a02537d698b241087fcbba3016de485658da05d47aed5ad64ac1ee5b3b5319,-6.30000000000291,3.7249999999999943,3.6500000000000057,0.14999999999999858,0.10000000000000142
2026-09-15,PE,2026-09-15T06:13:00+00:00,2026-09-15T06:11:55.342814+00:00,2026-09-15T06:12:55.347373+00:00,60.004559,NIFTY|2026-09-15|23350|PE,b7110b63b96f9a9eb49bf7a8bd23e0b5728e949242748b4c5b56f1fc848f6bfc,b4520a2933145bfbb29d7cacb7e0f7758b79fea0274c4fd7373dfac246c08d88,-3.2999999999992724,1.0249999999999986,1.25,0.14999999999999858,0.20000000000000284
2026-09-15,PE,2026-09-15T06:15:00+00:00,2026-09-15T06:13:55.339795+00:00,2026-09-15T06:14:55.350422+00:00,60.010627,NIFTY|2026-09-15|23350|PE,21f341a292a042f81fa6f6e23bdc754da92cf2baec3cfb0d13fcf419387c1911,045b3227ca0ae566e3eb3be56c601c4e1eb75d5e001bcccf2724a708aad0d2ee,5.0,-2.2750000000000057,-2.200000000000003,0.15000000000000568,0.10000000000000142
2026-09-15,PE,2026-09-15T06:17:00+00:00,2026-09-15T06:15:55.337397+00:00,2026-09-15T06:16:55.343251+00:00,60.005854,NIFTY|2026-09-15|23350|PE,962fb2219beaec2a9061a64cb671d72a1111bf621ea81a7eb34c5ce7b52aa719,4abd5163c3c64070e2b2cc815f7bea3725c2b4ce5fa50988b4b852be5d733356,-0.4500000000007276,0.25,0.5500000000000043,0.14999999999999858,0.14999999999999858
2026-09-15,PE,2026-09-15T06:18:00+00:00,2026-09-15T06:16:55.343251+00:00,2026-09-15T06:17:55.356532+00:00,60.013281,NIFTY|2026-09-15|23350|PE,4abd5163c3c64070e2b2cc815f7bea3725c2b4ce5fa50988b4b852be5d733356,4f797bf3729de2444b9e25650f0846bb9dc93a63587465b3cccbdaa2d5cb2e50,-0.19999999999708962,-0.6000000000000085,-0.7000000000000028,0.14999999999999858,0.14999999999999858
2026-09-15,PE,2026-09-15T06:21:00+00:00,2026-09-15T06:19:55.342513+00:00,2026-09-15T06:20:55.398305+00:00,60.055792,NIFTY|2026-09-15|23350|PE,4104e867c08d6e046810fb07e66fd4caa0afe9c7e355bc8398415f1cae068b67,09417bc24f0834d0f9138108e0df4279a085e73605aaba2e5ab91d0a4f1eda90,-1.3499999999985448,-0.1249999999999929,0.29999999999999716,0.14999999999999858,0.20000000000000284
2026-09-15,PE,2026-09-15T06:26:00+00:00,2026-09-15T06:24:50.517400+00:00,2026-09-15T06:25:55.337482+00:00,64.820082,NIFTY|2026-09-15|23300|PE,98ac11bc59f446919d2469205bce3b6e883b771e9029342da0df5274573c4e90,4805286a538be8938793261522cdae175030229bc5ab129aada390635a2749c9,1.7000000000007276,-1.8000000000000114,-1.9500000000000028,0.10000000000000142,0.10000000000000142
2026-09-15,PE,2026-09-15T06:28:00+00:00,2026-09-15T06:26:55.332666+00:00,2026-09-15T06:27:55.338549+00:00,60.005883,NIFTY|2026-09-15|23350|PE,a4a72ab0c24f42c03593b8ce278dfa279137df70bb1fca496c00104f68fa1e19,8b0bfaad5d071b5c56d960277b6fb02a116c853f18e977e5791812880787984e,3.649999999997817,-0.8250000000000028,-0.9499999999999957,0.14999999999999858,0.20000000000000284
2026-09-15,PE,2026-09-15T06:29:00+00:00,2026-09-15T06:27:55.338549+00:00,2026-09-15T06:28:55.342355+00:00,60.003806,NIFTY|2026-09-15|23350|PE,8b0bfaad5d071b5c56d960277b6fb02a116c853f18e977e5791812880787984e,4c27f62322e2867d287d8f5595fdf993b5550df85be504e95e58be487ba3397a,4.80000000000291,-1.9249999999999972,-2.3000000000000043,0.20000000000000284,0.14999999999999858
2026-09-15,PE,2026-09-15T06:31:00+00:00,2026-09-15T06:29:55.336940+00:00,2026-09-15T06:30:55.342346+00:00,60.005406,NIFTY|2026-09-15|23350|PE,bd4c281a55a680f4f8e352bd73c1e4277571540079a2c02143e6cedaa1293b59,de908b05031a02896c96e35f4b62e90b03f8afd282ee62e0c7539f5b4710ba03,1.0499999999992724,0.9749999999999943,0.8999999999999986,0.09999999999999432,0.14999999999999858
2026-09-15,PE,2026-09-15T06:34:00+00:00,2026-09-15T06:32:50.338159+00:00,2026-09-15T06:33:55.335215+00:00,64.997056,NIFTY|2026-09-15|23350|PE,19782a9f2612468cd7bb98db4b1a72b475e47df6f0a8a604c2a2c0be95148239,481fcef66f35ae49970bb3b3fc205af8180f6645d985d3748deaa5efb4805c2e,5.849999999998545,-1.0250000000000057,-1.2000000000000028,0.15000000000000568,0.10000000000000142
2026-09-15,PE,2026-09-15T06:35:00+00:00,2026-09-15T06:33:55.335215+00:00,2026-09-15T06:34:55.338293+00:00,60.003078,NIFTY|2026-09-15|23350|PE,481fcef66f35ae49970bb3b3fc205af8180f6645d985d3748deaa5efb4805c2e,7c67a82673faee4dbf3db3842b8f6c23fdbd9f61263a208bdcc231d22b9c7cc0,-3.399999999997817,1.5,1.5499999999999972,0.10000000000000142,0.10000000000000142
2026-09-15,PE,2026-09-15T06:36:00+00:00,2026-09-15T06:34:55.338293+00:00,2026-09-15T06:35:55.339998+00:00,60.001705,NIFTY|2026-09-15|23350|PE,7c67a82673faee4dbf3db3842b8f6c23fdbd9f61263a208bdcc231d22b9c7cc0,2c92dcac307f65886f654323aabf437442a481714b7631cbd91d810e95568c32,5.599999999998545,-1.9249999999999972,-1.8999999999999986,0.10000000000000142,0.05000000000000426
2026-09-15,PE,2026-09-15T06:38:00+00:00,2026-09-15T06:36:55.331270+00:00,2026-09-15T06:37:55.355009+00:00,60.023739,NIFTY|2026-09-15|23350|PE,19af8b1408ad007f59314c0eda374f135f9eca900d7976fe5cb1b38f0dc6f2b5,2fc09bd67fcedcd1627a949924f0c4a7ac3794afafa8b2ef6a6c21cb814974aa,2.4499999999970896,-0.75,-0.75,0.14999999999999858,0.14999999999999858
2026-09-15,PE,2026-09-15T06:41:00+00:00,2026-09-15T06:39:50.335577+00:00,2026-09-15T06:40:55.331636+00:00,64.996059,NIFTY|2026-09-15|23350|PE,dc7b52000fb7cf12188fd9d9832cc0211d8470610a28de172b45a956f5526850,2f9e43dda392eea23ee66cd54b73de453b27f4298568ce161f844d07fc6a618f,-1.9500000000007276,-0.17500000000001137,-0.14999999999999858,0.10000000000000142,0.14999999999999858
2026-09-15,PE,2026-09-15T06:42:00+00:00,2026-09-15T06:40:55.331636+00:00,2026-09-15T06:41:55.347096+00:00,60.01546,NIFTY|2026-09-15|23350|PE,2f9e43dda392eea23ee66cd54b73de453b27f4298568ce161f844d07fc6a618f,014ff998b3cdb11b7935996312735e952fffc081943014c520521a62dec2fb87,1.6500000000014552,-0.42499999999999716,-0.25,0.14999999999999858,0.10000000000000142
2026-09-15,PE,2026-09-15T06:43:00+00:00,2026-09-15T06:41:55.347096+00:00,2026-09-15T06:42:55.355225+00:00,60.008129,NIFTY|2026-09-15|23350|PE,014ff998b3cdb11b7935996312735e952fffc081943014c520521a62dec2fb87,420c0ff69537e5dad420817e3ae5e6f17fabd10292924df488cc1e6ba1ce4db6,-4.700000000000728,2.6000000000000085,2.5500000000000043,0.10000000000000142,0.10000000000000142
2026-09-15,PE,2026-09-15T06:45:00+00:00,2026-09-15T06:43:50.349328+00:00,2026-09-15T06:44:55.336958+00:00,64.98763,NIFTY|2026-09-15|23350|PE,a01f48c228daff972b786cc5ac65014e3e0d53df14564c280664c80c97f4c8d9,bfbea60986716236af5983a07bfd2651ad51cce0453205bbef796a4278a0f3c7,2.75,-1.0500000000000114,-1.0500000000000043,0.14999999999999858,0.14999999999999858
2026-09-15,PE,2026-09-15T06:46:00+00:00,2026-09-15T06:44:55.336958+00:00,2026-09-15T06:45:55.351102+00:00,60.014144,NIFTY|2026-09-15|23350|PE,bfbea60986716236af5983a07bfd2651ad51cce0453205bbef796a4278a0f3c7,d319a88366b51e5adf3b2f71bcb1a7a3618c9ee3cccceab6f7713e55bcb2b4a9,-3.5499999999992724,1.0500000000000043,1.1000000000000014,0.14999999999999858,0.04999999999999716
2026-09-15,PE,2026-09-15T06:48:00+00:00,2026-09-15T06:46:55.337327+00:00,2026-09-15T06:47:55.338529+00:00,60.001202,NIFTY|2026-09-15|23350|PE,449b8c51d5bf60b953e47ad63346eef3eb137bbc926e23bf274d8d00739e14b0,4d07142e5916d5e125181fb82ad51763b5c1b89fe6de5632bb4c4b9ceb7e5749,2.649999999997817,-0.02499999999999858,-0.04999999999999716,0.20000000000000284,0.15000000000000568
2026-09-15,PE,2026-09-15T06:51:00+00:00,2026-09-15T06:49:50.348894+00:00,2026-09-15T06:50:55.338568+00:00,64.989674,NIFTY|2026-09-15|23350|PE,c49d99d2525e2ce7ce11ee4a6b7a9181e0254fbdd615f91b142850a1763404d2,b9c1b8901d62873cb298895f9edcdbaa6f831c37b838037a7839448ad1b5a8d8,-0.75,-0.04999999999999716,0.10000000000000142,0.14999999999999858,0.15000000000000568
2026-09-15,PE,2026-09-15T06:52:00+00:00,2026-09-15T06:50:55.338568+00:00,2026-09-15T06:51:55.341085+00:00,60.002517,NIFTY|2026-09-15|23350|PE,b9c1b8901d62873cb298895f9edcdbaa6f831c37b838037a7839448ad1b5a8d8,ff0a5c8854043cef25f6077b064f549954face1ea34450f9203ac81cf40a32a5,4.049999999999272,-3.9750000000000014,-4.0,0.15000000000000568,0.20000000000000284
2026-09-15,PE,2026-09-15T06:54:00+00:00,2026-09-15T06:52:55.340008+00:00,2026-09-15T06:53:55.346205+00:00,60.006197,NIFTY|2026-09-15|23350|PE,810dc0a343821e0fceb68f27b9ee8c7973238417472b6c64a58579d4081cd8b3,2802f517b7d9f0818e28c6d5b688b5751d6924228de2315f54d4de42e5930ab0,2.7000000000007276,-3.0500000000000114,-2.9000000000000057,0.14999999999999858,0.14999999999999858
2026-09-15,PE,2026-09-15T06:56:00+00:00,2026-09-15T06:54:55.333398+00:00,2026-09-15T06:55:55.338733+00:00,60.005335,NIFTY|2026-09-15|23350|PE,cc1a0136326af438ebb4b6cf48c4590a6225712255c35a4f59d380fbdae2cfad,a2e2bbb349e8355c9cb22e154a18b6d5be4b4af853402ca7ad69ed4edc34c61c,-1.5499999999992724,0.25,0.0,0.15000000000000568,0.15000000000000568
2026-09-15,PE,2026-09-15T06:57:00+00:00,2026-09-15T06:55:55.338733+00:00,2026-09-15T06:56:55.345696+00:00,60.006963,NIFTY|2026-09-15|23350|PE,a2e2bbb349e8355c9cb22e154a18b6d5be4b4af853402ca7ad69ed4edc34c61c,6818815309feb49f8872d97a77a19b625531a4e14888c7e2e386c6f534cb8a0e,-0.5999999999985448,0.6500000000000057,0.5499999999999972,0.15000000000000568,0.14999999999999858
2026-09-15,PE,2026-09-15T06:58:00+00:00,2026-09-15T06:56:55.345696+00:00,2026-09-15T06:57:55.349847+00:00,60.004151,NIFTY|2026-09-15|23350|PE,6818815309feb49f8872d97a77a19b625531a4e14888c7e2e386c6f534cb8a0e,9eb87e1dcbe7a612ac46120a10d557ba470bde1ad84d5ce057cdb142f1c84100,0.0,-0.5750000000000028,-1.1499999999999986,0.14999999999999858,0.10000000000000142
2026-09-15,PE,2026-09-15T07:00:00+00:00,2026-09-15T06:58:50.345111+00:00,2026-09-15T06:59:55.336644+00:00,64.991533,NIFTY|2026-09-15|23350|PE,68c496bf800339b95fb2a69d542844e47b4c6ac518f34b33474c0976cdb2bb60,2cfc604b9814c6af22f8b34a0a533ea04708337cfada4f5417679648f00f45f8,1.5,-0.3499999999999943,-0.05000000000000426,0.14999999999999858,0.04999999999999716
2026-09-15,PE,2026-09-15T07:01:00+00:00,2026-09-15T06:59:55.336644+00:00,2026-09-15T07:00:55.346608+00:00,60.009964,NIFTY|2026-09-15|23350|PE,2cfc604b9814c6af22f8b34a0a533ea04708337cfada4f5417679648f00f45f8,55cdd44fccd426226a2d5b4809b7078b3fc765a0098591a765957be8f5f0d045,-6.400000000001455,4.150000000000006,4.200000000000003,0.04999999999999716,0.14999999999999858
2026-09-15,PE,2026-09-15T07:04:00+00:00,2026-09-15T07:02:55.335119+00:00,2026-09-15T07:03:55.338898+00:00,60.003779,NIFTY|2026-09-15|23300|PE,52b4ada45a2ace69a04889813c826b16c9daa591f391ecb2b5b779c8b858adfb,30bf0d9d5731141e745f0ef1918780cfafcfce0b874e9de0c8aae7a6db827e2c,0.5499999999992724,-0.07500000000000284,-0.05000000000000426,0.10000000000000142,0.15000000000000568
2026-09-15,PE,2026-09-15T07:05:00+00:00,2026-09-15T07:03:55.338898+00:00,2026-09-15T07:04:55.339695+00:00,60.000797,NIFTY|2026-09-15|23300|PE,30bf0d9d5731141e745f0ef1918780cfafcfce0b874e9de0c8aae7a6db827e2c,8cfb40bd7ffc4bd426f2c5dcd50adf60b039fb533f29656f803897d88ab692f7,-1.0499999999992724,-1.2000000000000028,-1.1499999999999986,0.15000000000000568,0.05000000000000426
2026-09-15,PE,2026-09-15T07:07:00+00:00,2026-09-15T07:05:55.335073+00:00,2026-09-15T07:06:55.340140+00:00,60.005067,NIFTY|2026-09-15|23350|PE,4ffd265650439a4c8a56460cf9c962488a9f5271e47ea29a2d160bb8f7119622,b880b580f06999c03e01274c04fd7c71c62d5a3e5067cf92de6c992161bb7cef,-2.650000000001455,0.25,0.5,0.14999999999999858,0.14999999999999858
2026-09-15,PE,2026-09-15T07:10:00+00:00,2026-09-15T07:08:50.341667+00:00,2026-09-15T07:09:55.336023+00:00,64.994356,NIFTY|2026-09-15|23300|PE,c86e5d322b88101a11d2a4e8eac76bc5cbc0c881b9a560d949b1fa9f439461fe,2dc1fc3efb3d3cd581ceb4a6c0ac5f5539dde3c7de79e35b21eef0cfd502615b,-1.6500000000014552,0.125,0.10000000000000142,0.10000000000000142,0.05000000000000426
2026-09-15,PE,2026-09-15T07:13:00+00:00,2026-09-15T07:11:55.342470+00:00,2026-09-15T07:12:55.355190+00:00,60.01272,NIFTY|2026-09-15|23300|PE,607d826c8c87683358ceed5b866a484c71bab4d8fa71c6439ab5ceac2771073c,cbff35c1220307f6358a9ba2fb2a154d440a4e1f663baca1c2489424496bb9a8,0.1499999999978172,-0.75,-0.8999999999999986,0.15000000000000568,0.15000000000000568
2026-09-15,PE,2026-09-15T07:15:00+00:00,2026-09-15T07:13:55.336994+00:00,2026-09-15T07:14:55.339402+00:00,60.002408,NIFTY|2026-09-15|23300|PE,28f33d3921e18db0c60e96443e5903fffae3e11bfda44eb554f519faae98fa0b,11ac72939343c5c28e3dedf2efc611592b3b767ef96bb71751b5b55e6dbcab58,-4.200000000000728,1.9500000000000028,2.1500000000000057,0.10000000000000142,0.10000000000000142
2026-09-15,PE,2026-09-15T07:17:00+00:00,2026-09-15T07:15:55.334320+00:00,2026-09-15T07:16:55.349996+00:00,60.015676,NIFTY|2026-09-15|23300|PE,71e604d3b3c6d7c34bb61604731b4425d17e69913e566414a88642280271b022,d01f4648de6122230dca7fb9140391cdb3b2e3d983eef47846e72032b96dfa09,3.2000000000007276,-1.5999999999999943,-1.6000000000000014,0.10000000000000142,0.10000000000000142
2026-09-15,PE,2026-09-15T07:19:00+00:00,2026-09-15T07:17:55.339570+00:00,2026-09-15T07:18:55.370485+00:00,60.030915,NIFTY|2026-09-15|23300|PE,519c02775f7d9b673bd4f40e76ed0a3d5607101841b3914c9bc9f47cbf8180e1,e6e5ebd5cc062374419a0ad1365d30f5227ec7f58af2454e28ce32ec839ba24d,3.2000000000007276,-2.450000000000003,-2.700000000000003,0.10000000000000142,0.09999999999999432
2026-09-15,PE,2026-09-15T07:22:00+00:00,2026-09-15T07:20:55.336578+00:00,2026-09-15T07:21:55.337929+00:00,60.001351,NIFTY|2026-09-15|23350|PE,89ae21b707eab8956b760ac3410cfb078945bda9d1ed9e4bcd46ae353624f57e,dce646e13d169785d9daf7a6e86a600a6bdf1bee8a59e0096c37b13edb21a7a0,-2.150000000001455,1.2749999999999915,1.25,0.14999999999999858,0.10000000000000142
2026-09-15,PE,2026-09-15T07:23:00+00:00,2026-09-15T07:21:55.337929+00:00,2026-09-15T07:22:55.339489+00:00,60.00156,NIFTY|2026-09-15|23350|PE,dce646e13d169785d9daf7a6e86a600a6bdf1bee8a59e0096c37b13edb21a7a0,3bc8af9ff9b589e9925728238921a17e3a3132c4b38f91df8cfd9d7d449e118a,-6.150000000001455,3.8000000000000043,3.75,0.10000000000000142,0.20000000000000284
2026-09-15,PE,2026-09-15T07:25:00+00:00,2026-09-15T07:23:50.350343+00:00,2026-09-15T07:24:55.336634+00:00,64.986291,NIFTY|2026-09-15|23350|PE,694a179243adce4e2c1b067588a4389fbcd9fea84b09f2d5ff577e73e32e27ce,9630e3857335e00f721164c4b1f9cf38b03a6a28c674e3320ead56dd1a85ec7c,-0.25,0.6749999999999972,1.0500000000000043,0.09999999999999432,0.14999999999999858
2026-09-15,PE,2026-09-15T07:29:00+00:00,2026-09-15T07:27:55.342476+00:00,2026-09-15T07:28:55.348756+00:00,60.00628,NIFTY|2026-09-15|23300|PE,a1f960c2b58f4087a2ad805aa6b777bb99e1961b8a85804323b783a28fde847e,13e8084ebb40eedf34ba250bcd9cba558cf3349873ce0b2c4a70dd23d022d370,-17.5,7.6000000000000085,7.649999999999999,0.10000000000000142,0.10000000000000142
2026-09-15,PE,2026-09-15T07:30:00+00:00,2026-09-15T07:28:55.348756+00:00,2026-09-15T07:29:55.348830+00:00,60.000074,NIFTY|2026-09-15|23300|PE,13e8084ebb40eedf34ba250bcd9cba558cf3349873ce0b2c4a70dd23d022d370,15e6cd3de512bba2e92de1a4b064032fa756ad8564a5ce724bca7435378dcf46,5.150000000001455,-2.8500000000000085,-2.950000000000003,0.10000000000000142,0.10000000000000142
2026-09-15,PE,2026-09-15T07:33:00+00:00,2026-09-15T07:31:50.348187+00:00,2026-09-15T07:32:55.334682+00:00,64.986495,NIFTY|2026-09-15|23300|PE,9296808a55da0cfa540663758f23288b360dc3f173e905a0c7d061698b2bf22d,56f89964e99fb2974bec77e1f47c4d06b270b361dd4abe3edc48ddd751e54928,-0.75,-1.2249999999999943,-1.25,0.09999999999999432,0.14999999999999858
2026-09-15,PE,2026-09-15T07:34:00+00:00,2026-09-15T07:32:55.334682+00:00,2026-09-15T07:33:55.340738+00:00,60.006056,NIFTY|2026-09-15|23300|PE,56f89964e99fb2974bec77e1f47c4d06b270b361dd4abe3edc48ddd751e54928,c02cf7cec88c7bc4acbe7c43f88204665d14bb7de7479fd32f1a18ac458063ac,-4.0,2.75,2.6499999999999986,0.14999999999999858,0.14999999999999858
2026-09-15,PE,2026-09-15T07:36:00+00:00,2026-09-15T07:34:55.334343+00:00,2026-09-15T07:35:55.343808+00:00,60.009465,NIFTY|2026-09-15|23300|PE,9ba1a4b462263450cacc6a70cd91720b05a0a70f406d34e68da6868e4776aabe,e8a7b11dd6dabda6cf883f773cfa78eb7452bc294d1e6c4b29326938db6cc695,4.700000000000728,-2.799999999999997,-3.0,0.09999999999999432,0.10000000000000142
2026-09-15,PE,2026-09-15T07:39:00+00:00,2026-09-15T07:37:55.334638+00:00,2026-09-15T07:38:55.336803+00:00,60.002165,NIFTY|2026-09-15|23300|PE,c82bd12b306885c9c245d504b0be2608c844fa5f97acc54097453557bcf61f04,b017e6cd170c463a8c3227d548ce529cba2a6eb32835c2de17c22789931fa7b1,-1.2000000000007276,0.3499999999999943,0.6000000000000014,0.14999999999999858,0.05000000000000426
2026-09-15,PE,2026-09-15T07:41:00+00:00,2026-09-15T07:39:55.332097+00:00,2026-09-15T07:40:55.335222+00:00,60.003125,NIFTY|2026-09-15|23300|PE,36458f963331b4abdc482a6527da3f536040b8dfda7516fd07bd65753be5e196,d8ad2ef947c989a6c0dd2ee942d91984194f7a767a6e290e4dc55f1e01308e7c,3.0,-1.4249999999999972,-1.1000000000000014,0.14999999999999858,0.10000000000000142
2026-09-15,PE,2026-09-15T07:42:00+00:00,2026-09-15T07:40:55.335222+00:00,2026-09-15T07:41:55.337620+00:00,60.002398,NIFTY|2026-09-15|23300|PE,d8ad2ef947c989a6c0dd2ee942d91984194f7a767a6e290e4dc55f1e01308e7c,0bddabc7f7572c600ef0fdc2b11cfdbb5da671348e163a55cd1ae99bacb909a6,-19.549999999999272,8.725000000000009,8.399999999999999,0.10000000000000142,0.14999999999999858
2026-09-15,PE,2026-09-15T07:44:00+00:00,2026-09-15T07:42:55.334903+00:00,2026-09-15T07:43:55.339214+00:00,60.004311,NIFTY|2026-09-15|23300|PE,d92a5b5b25c3c51d635aac3dd31e344bb17c266eb1cb174a4df8757f5f226252,245f9e75bbc4273e24ad8ebd5ba2bff9039d8d039e371da7cad4f0a631604d57,1.5999999999985448,-2.125,-2.700000000000003,0.09999999999999432,0.15000000000000568
2026-09-15,PE,2026-09-15T07:46:00+00:00,2026-09-15T07:44:55.336867+00:00,2026-09-15T07:45:55.425607+00:00,60.08874,NIFTY|2026-09-15|23300|PE,b26db1109e4a3dd7e9d9023658610ad8f000f5473b63778def0fc716c09e8b94,9b0632e4faed503c9da8780461aaa62cf82cf180434daddf25212f44430fa2c6,-6.549999999999272,1.9750000000000014,1.7999999999999972,0.09999999999999432,0.04999999999999716
2026-09-16,CE,2026-09-16T03:52:00+00:00,2026-09-16T03:50:50.453634+00:00,2026-09-16T03:51:55.336523+00:00,64.882889,NIFTY|2026-09-22|23250|CE,3dab993494b99ceb4c0d5e812143a16e99bde45d0286f6c21ce33a98ee436fc2,6ce21f637de23363a7a37f63eea8f62487411be30ec9bce96c413e1f606d09fb,3.649999999997817,-1.4000000000000057,-1.049999999999983,0.44999999999998863,0.45000000000001705
2026-09-16,CE,2026-09-16T03:53:00+00:00,2026-09-16T03:51:55.336523+00:00,2026-09-16T03:52:55.338758+00:00,60.002235,NIFTY|2026-09-22|23250|CE,6ce21f637de23363a7a37f63eea8f62487411be30ec9bce96c413e1f606d09fb,fed85530fe8f7d3d1ecfbb6ae77d2638708b1be63569f607a953dca1ae4c6b5a,5.450000000000728,4.150000000000006,2.75,0.45000000000001705,0.44999999999998863
2026-09-16,CE,2026-09-16T03:54:00+00:00,2026-09-16T03:52:55.338758+00:00,2026-09-16T03:53:55.348230+00:00,60.009472,NIFTY|2026-09-22|23250|CE,fed85530fe8f7d3d1ecfbb6ae77d2638708b1be63569f607a953dca1ae4c6b5a,9172bd7a4afe0b2c5adef35e92185e511634a7a753903aa4c5340ecb80154492,-5.549999999999272,-4.799999999999983,-3.75,0.44999999999998863,0.45000000000001705
2026-09-16,CE,2026-09-16T03:55:00+00:00,2026-09-16T03:53:55.348230+00:00,2026-09-16T03:54:55.349972+00:00,60.001742,NIFTY|2026-09-22|23250|CE,9172bd7a4afe0b2c5adef35e92185e511634a7a753903aa4c5340ecb80154492,c2487ec50c2853b4bf007ca4c7a479a0b602c0a5325bd0a09c2663e4f3842da1,-14.900000000001455,-7.375,-7.5,0.45000000000001705,0.4000000000000057
2026-09-16,CE,2026-09-16T03:56:00+00:00,2026-09-16T03:54:55.349972+00:00,2026-09-16T03:55:55.354823+00:00,60.004851,NIFTY|2026-09-22|23250|CE,c2487ec50c2853b4bf007ca4c7a479a0b602c0a5325bd0a09c2663e4f3842da1,2921607ceec66780b2bc8bdb5b094392afb00e48ba3dd28cb890f09777b2ebca,-4.0,-2.375,-2.25,0.4000000000000057,0.25
2026-09-16,CE,2026-09-16T04:00:00+00:00,2026-09-16T03:58:50.542491+00:00,2026-09-16T03:59:55.360433+00:00,64.817942,NIFTY|2026-09-22|23200|CE,87a2128be4840fd0fa8a0a69794ab0aeec7821810b873655e149859d05792184,47e20e2602590a5960af4d1923a9b81dec528d2e783d395ddb671fe766411c02,4.200000000000728,1.9749999999999943,2.0,0.19999999999998863,0.3499999999999943
2026-09-16,CE,2026-09-16T04:02:00+00:00,2026-09-16T04:00:50.366546+00:00,2026-09-16T04:01:55.339177+00:00,64.972631,NIFTY|2026-09-22|23200|CE,f6196a181351e81e03b3828ca5cffd29e9a913fff4a7c2849d4a5b26e82c2861,9b12fc6af46363ae18873a62f4b639de043a32c088039dc22c2e212d784456c4,3.100000000002183,5.574999999999989,5.150000000000006,0.25,0.30000000000001137
2026-09-16,CE,2026-09-16T04:03:00+00:00,2026-09-16T04:01:55.339177+00:00,2026-09-16T04:02:55.344052+00:00,60.004875,NIFTY|2026-09-22|23200|CE,9b12fc6af46363ae18873a62f4b639de043a32c088039dc22c2e212d784456c4,9014189593ad7bd5c2fd822308c2d1f82439cf1c7803e9adb56ea697fd45bfda,-13.100000000002183,-6.074999999999989,-6.349999999999994,0.30000000000001137,0.45000000000001705
2026-09-16,CE,2026-09-16T04:04:00+00:00,2026-09-16T04:02:55.344052+00:00,2026-09-16T04:03:55.349316+00:00,60.005264,NIFTY|2026-09-22|23200|CE,9014189593ad7bd5c2fd822308c2d1f82439cf1c7803e9adb56ea697fd45bfda,df75b89c62f976587d4bcf1b07e6e1df2e03a715978dc6bd7ad78b8c127f9b06,18.650000000001455,7.899999999999977,7.599999999999994,0.45000000000001705,0.3499999999999943
2026-09-16,CE,2026-09-16T04:05:00+00:00,2026-09-16T04:03:55.349316+00:00,2026-09-16T04:04:55.498045+00:00,60.148729,NIFTY|2026-09-22|23200|CE,df75b89c62f976587d4bcf1b07e6e1df2e03a715978dc6bd7ad78b8c127f9b06,4f829f6c1966223147558ff5e024880f82a5e973f920e4117bf5f6a463635bb8,17.149999999997817,7.949999999999989,8.199999999999989,0.3499999999999943,0.3499999999999943
2026-09-16,CE,2026-09-16T04:07:00+00:00,2026-09-16T04:05:50.346991+00:00,2026-09-16T04:06:55.346408+00:00,64.999417,NIFTY|2026-09-22|23200|CE,7111b55b3e192e6a2e51765ea82751e80eec2cecc9e9e366f6e868b8b87e31f9,d7ff37d25179443b28d1b6c3b06e83d58056d48dac2da3e5a26a8645512e9571,0.1500000000014552,0.1500000000000341,0.05000000000001137,0.09999999999999432,0.29999999999998295
2026-09-16,CE,2026-09-16T04:09:00+00:00,2026-09-16T04:07:55.341347+00:00,2026-09-16T04:08:55.369557+00:00,60.02821,NIFTY|2026-09-22|23150|CE,f185777fdeca3dd11df04c7cf43dc209fc4ecb081e2d7388dcfba32b1657595e,1ab944cac1a8f0e08f329cf48044b2f3e5af607e103a402107acbc0e10ec7291,-17.19999999999709,-6.125,-7.0,0.3499999999999943,0.4000000000000057
2026-09-16,CE,2026-09-16T04:11:00+00:00,2026-09-16T04:09:50.384363+00:00,2026-09-16T04:10:55.349424+00:00,64.965061,NIFTY|2026-09-22|23150|CE,da591d4198fe9f26d4708dc65dbc66eae49f0ae8447dd509f9dc26a512a60662,f928719d3aac9975897934cd2fd0989655b43d97cd9778a26592cc2449e63754,-9.450000000000728,-0.25,-0.4000000000000057,0.44999999999998863,0.35000000000002274
2026-09-16,CE,2026-09-16T04:12:00+00:00,2026-09-16T04:10:55.349424+00:00,2026-09-16T04:11:55.354160+00:00,60.004736,NIFTY|2026-09-22|23150|CE,f928719d3aac9975897934cd2fd0989655b43d97cd9778a26592cc2449e63754,9ef3ab6cc3d4c975cacee940593e4fe22d76fcc25b0d2e2e44d0b44f1d822198,-6.700000000000728,-2.0249999999999773,-1.5999999999999943,0.35000000000002274,0.4000000000000057
2026-09-16,CE,2026-09-16T04:13:00+00:00,2026-09-16T04:11:55.354160+00:00,2026-09-16T04:12:55.355347+00:00,60.001187,NIFTY|2026-09-22|23150|CE,9ef3ab6cc3d4c975cacee940593e4fe22d76fcc25b0d2e2e44d0b44f1d822198,d18faa0948abf5548a2e36c4fcd96bb8ecc2956e23ed7ba6d1e8b5998efe61a2,-1.8499999999985448,-3.775000000000034,-3.75,0.4000000000000057,0.45000000000001705
2026-09-16,CE,2026-09-16T04:17:00+00:00,2026-09-16T04:15:55.353436+00:00,2026-09-16T04:16:55.363594+00:00,60.010158,NIFTY|2026-09-22|23150|CE,36fa887864669462ecdb5dc65fa9d8c1c06cb6f8f239cc00377cbc7781e44dcc,5fd47bdaf2d3b6ce0af1f1cf09bfbfb9798643fccf567e8680315ac10da66641,10.400000000001455,1.3499999999999943,1.3499999999999943,0.44999999999998863,0.45000000000001705
2026-09-16,CE,2026-09-16T04:20:00+00:00,2026-09-16T04:18:55.334564+00:00,2026-09-16T04:19:55.359073+00:00,60.024509,NIFTY|2026-09-22|23150|CE,c93422522478b9aefdea5411254247e4e7b35b39b5b434687db642f36b9d1d5d,749ef94108858b238b59bc4290f67212ffc4c47b8b3c2567d60867cc9370a3b1,13.850000000002183,7.699999999999989,7.800000000000011,0.19999999999998863,0.5
2026-09-16,CE,2026-09-16T04:22:00+00:00,2026-09-16T04:20:55.341289+00:00,2026-09-16T04:21:55.345612+00:00,60.004323,NIFTY|2026-09-22|23150|CE,1bb52b61233d79b8431fd9830496f3c71d9871174c7b58d79e3f65bca6c5e07e,cbe5bdcfa62ec68bc157186d807a000ed9affee4c84cace7e43c39178b4fc7fb,1.6999999999970896,1.674999999999983,2.4499999999999886,0.5500000000000114,0.5
2026-09-16,CE,2026-09-16T04:25:00+00:00,2026-09-16T04:23:50.414391+00:00,2026-09-16T04:24:55.359902+00:00,64.945511,NIFTY|2026-09-22|23200|CE,26ef12050d528e9118e2ad13358ffdb1ea5030d0b7de55a5fcd2cd30217483d0,3b70170ce484eb9dd65560181b334717249b0a88645093b0ca623afa17db42f9,21.450000000000728,11.199999999999989,11.099999999999994,0.39999999999997726,0.5
2026-09-16,CE,2026-09-16T04:33:00+00:00,2026-09-16T04:31:50.350663+00:00,2026-09-16T04:32:55.337303+00:00,64.98664,NIFTY|2026-09-22|23200|CE,92420349adcca4e662db274d34bbe6a817804eff26b002efec69fe245408cce4,3084eef2d86d76229248b4059eb55a467efc0d0404db00eacd18e407f7020ce8,-12.0,-3.5,-3.8499999999999943,0.44999999999998863,0.44999999999998863
2026-09-16,CE,2026-09-16T04:34:00+00:00,2026-09-16T04:32:55.337303+00:00,2026-09-16T04:33:55.344982+00:00,60.007679,NIFTY|2026-09-22|23200|CE,3084eef2d86d76229248b4059eb55a467efc0d0404db00eacd18e407f7020ce8,e664bfd6ff3d6f957bfaa0cae910e4d22fa1fd14dabacb12177a5c215900e5bd,9.700000000000728,2.2750000000000057,2.5,0.44999999999998863,0.5
2026-09-16,CE,2026-09-16T04:35:00+00:00,2026-09-16T04:33:55.344982+00:00,2026-09-16T04:34:55.384005+00:00,60.039023,NIFTY|2026-09-22|23200|CE,e664bfd6ff3d6f957bfaa0cae910e4d22fa1fd14dabacb12177a5c215900e5bd,9e8817f659296dfa4fc8018595606d7359f1ef4cba89ee18c78451d6984b90c0,-16.5,-8.075000000000017,-8.550000000000011,0.5,0.45000000000001705
2026-09-16,CE,2026-09-16T04:41:00+00:00,2026-09-16T04:39:55.357867+00:00,2026-09-16T04:40:55.362383+00:00,60.004516,NIFTY|2026-09-22|23200|CE,cdf0d8ba3b4c664f2879472d1646e791f68c883915a27c852ecddaf8dcf4863b,6e1433d7675003646ec50fdb05f7d38441b602e7ddc11d924e0d284fa5053c3b,7.049999999999272,-0.375,-0.75,0.3499999999999943,0.4000000000000057
2026-09-16,CE,2026-09-16T04:43:00+00:00,2026-09-16T04:41:55.360244+00:00,2026-09-16T04:42:55.364371+00:00,60.004127,NIFTY|2026-09-22|23200|CE,7d8f59a337e85ae3c045ebe6bcae5ae80e82d6cc265111d71a93cc3176cc7443,6cf85b0a5fcf5aa44181021a29fa1d3f4b7113024d56b7f5222f717e7bb7eb71,13.400000000001455,4.474999999999966,5.400000000000006,0.25,0.4000000000000057
2026-09-16,CE,2026-09-16T04:45:00+00:00,2026-09-16T04:43:55.360696+00:00,2026-09-16T04:44:55.379108+00:00,60.018412,NIFTY|2026-09-22|23200|CE,0b1834ff99dcef757c2082bef5b8cb39cacb2880e80336f62f488ba2e71f9ae5,7442e9743c8f7c873bd0dfab9aab193bb02785430699b6b3805df852daab89ac,-1.9499999999970896,-3.125,-3.3999999999999773,0.39999999999997726,0.44999999999998863
2026-09-16,CE,2026-09-16T04:47:00+00:00,2026-09-16T04:45:50.501839+00:00,2026-09-16T04:46:55.373218+00:00,64.871379,NIFTY|2026-09-22|23200|CE,8ef34647086cab024ba92f78673cf440ab62dc2a8b673b1b236e0d02f56959e8,449026c84282808565dbcc989d3d63362d3c6e0a0a8481cbb4346f0f0e624e01,7.149999999997817,1.724999999999966,2.049999999999983,0.4000000000000057,0.45000000000001705
2026-09-16,CE,2026-09-16T04:48:00+00:00,2026-09-16T04:46:55.373218+00:00,2026-09-16T04:47:55.475979+00:00,60.102761,NIFTY|2026-09-22|23200|CE,449026c84282808565dbcc989d3d63362d3c6e0a0a8481cbb4346f0f0e624e01,f221b41c7baec95fe3e9abbb772524ae4e5f29c8c1e1f79e4a7088ed5d8b182e,21.450000000000728,14.300000000000011,13.400000000000006,0.45000000000001705,0.44999999999998863
2026-09-16,CE,2026-09-16T04:50:00+00:00,2026-09-16T04:48:55.374835+00:00,2026-09-16T04:49:55.379968+00:00,60.005133,NIFTY|2026-09-22|23200|CE,25150bcd0aa56d8bf0e0401602c88cfbe97358ef3b25cd7c83a632d7d09804be,aeb988d08b806dccebb5f783a0098b062050a123395cb12f79c3d25cf500f688,-10.150000000001455,-6.224999999999994,-6.150000000000006,0.4000000000000057,0.44999999999998863
2026-09-16,CE,2026-09-16T04:53:00+00:00,2026-09-16T04:51:55.366369+00:00,2026-09-16T04:52:55.478188+00:00,60.111819,NIFTY|2026-09-22|23200|CE,bd2e322d5d342350cf398208fcd96373ec13ed093804e2006f34b19e3cdfed78,097c84b5de5555952ac843c878d8c9ab8324a12bd2276e59f0f4837af707669f,6.94999999999709,3.875,3.25,0.4000000000000057,0.3499999999999943
2026-09-16,CE,2026-09-16T05:00:00+00:00,2026-09-16T04:58:55.358624+00:00,2026-09-16T04:59:55.545453+00:00,60.186829,NIFTY|2026-09-22|23250|CE,263fb78db480e1c918e46337f2c2a42f2ca663d8376d4e7388328158ffce9582,e856c169a2f2d4c8f7cbbacc17854dc8c211a57d19ae704904f185e78f438464,2.25,0.875,-0.35000000000002274,0.30000000000001137,0.25
2026-09-16,CE,2026-09-16T05:03:00+00:00,2026-09-16T05:01:55.338815+00:00,2026-09-16T05:02:55.476404+00:00,60.137589,NIFTY|2026-09-22|23250|CE,3b62d3ee1f48f8646af6f80e8b1d7ae437fad843dea58c37dcce0f7b37bcfa50,9a6724008fcc21e3d33a17e6fee977691c2dbef4e5236904785981ecae0476c1,11.75,7.699999999999989,8.349999999999994,0.15000000000000568,0.3499999999999943
2026-09-16,CE,2026-09-16T05:05:00+00:00,2026-09-16T05:03:55.343498+00:00,2026-09-16T05:04:55.378794+00:00,60.035296,NIFTY|2026-09-22|23250|CE,f5d7515aea3e9c654439fae2f48776fca949849645bc6dde5ff1a474f0b8a14b,426f5e7ed7d2714d5a19df84f455ec9700deb623a62ca80425a25d681b923c9d,13.700000000000728,6.425000000000011,6.350000000000023,0.3499999999999943,0.4000000000000057
2026-09-16,CE,2026-09-16T05:07:00+00:00,2026-09-16T05:05:50.348396+00:00,2026-09-16T05:06:55.339845+00:00,64.991449,NIFTY|2026-09-22|23250|CE,abbd7507be896e8276d68440c64a07f67794a56d0e098d59f3bccaf9f0737702,9fe14ed315530145b72fa54ba2df37d3210d73cdc26d2a7edcfa2d8ab29ec51c,2.25,0.75,1.0500000000000114,0.25,0.3499999999999943
2026-09-16,CE,2026-09-16T05:08:00+00:00,2026-09-16T05:06:55.339845+00:00,2026-09-16T05:07:55.342901+00:00,60.003056,NIFTY|2026-09-22|23250|CE,9fe14ed315530145b72fa54ba2df37d3210d73cdc26d2a7edcfa2d8ab29ec51c,0dd8f0e69782933afb0a285c0456fbfcbfce7a1c762ceb0368d8fb164445c3ea,-18.599999999998545,-9.049999999999983,-9.349999999999994,0.3499999999999943,0.44999999999998863
2026-09-16,CE,2026-09-16T05:10:00+00:00,2026-09-16T05:08:55.339134+00:00,2026-09-16T05:09:55.339808+00:00,60.000674,NIFTY|2026-09-22|23250|CE,bc282877b6aab9a9b24421b2e986399e37321f6baaf088261576c68a3b98fd8a,2b57235df3684f728c5468897386926fb292610f2499b766d492ee5a71be4f85,3.9500000000007276,2.2250000000000227,1.9499999999999886,0.4000000000000057,0.25
2026-09-16,CE,2026-09-16T05:11:00+00:00,2026-09-16T05:09:55.339808+00:00,2026-09-16T05:10:55.343699+00:00,60.003891,NIFTY|2026-09-22|23250|CE,2b57235df3684f728c5468897386926fb292610f2499b766d492ee5a71be4f85,8190c163015d6b58ecf1137f3d7cfbe853b4c67eb86f399c7e2faaec26c7d4a1,3.9500000000007276,1.3249999999999886,1.5,0.25,0.09999999999999432
2026-09-16,CE,2026-09-16T05:12:00+00:00,2026-09-16T05:10:55.343699+00:00,2026-09-16T05:11:55.354374+00:00,60.010675,NIFTY|2026-09-22|23250|CE,8190c163015d6b58ecf1137f3d7cfbe853b4c67eb86f399c7e2faaec26c7d4a1,082a6aa6cbfd0cbcb4f397ef471470db165dedfb62d50bd8fb43949b2ce0cad7,0.75,-0.375,-0.6500000000000057,0.09999999999999432,0.45000000000001705
2026-09-16,CE,2026-09-16T05:13:00+00:00,2026-09-16T05:11:55.354374+00:00,2026-09-16T05:12:55.687795+00:00,60.333421,NIFTY|2026-09-22|23250|CE,082a6aa6cbfd0cbcb4f397ef471470db165dedfb62d50bd8fb43949b2ce0cad7,a73feb88e5e7a6faf8c5ee1ac4aa6c4373f41831f1a4193f4c07e83d742db90d,-4.599999999998545,-0.9749999999999659,-0.549999999999983,0.45000000000001705,0.4000000000000057
2026-09-16,CE,2026-09-16T05:15:00+00:00,2026-09-16T05:13:55.343623+00:00,2026-09-16T05:14:55.345590+00:00,60.001967,NIFTY|2026-09-22|23250|CE,fe87c52d86e40dc914d089345840bc4b7b45ee526ef8ac7490b371d95641fdd7,21a650d1ea258a41b36f2931496a28de9ce853264778c848f6feb8eae553563b,3.649999999997817,3.1000000000000227,2.4499999999999886,0.20000000000001705,0.4000000000000057
2026-09-16,CE,2026-09-16T05:16:00+00:00,2026-09-16T05:14:55.345590+00:00,2026-09-16T05:15:55.869924+00:00,60.524334,NIFTY|2026-09-22|23250|CE,21a650d1ea258a41b36f2931496a28de9ce853264778c848f6feb8eae553563b,b29a85059c4743320804eaa90c23cde3f4c4cb0ebc324e3eec38ce13c9d52bb5,-0.9499999999970896,-1.375,-1.6999999999999886,0.4000000000000057,0.45000000000001705
2026-09-16,CE,2026-09-16T05:18:00+00:00,2026-09-16T05:16:55.344243+00:00,2026-09-16T05:17:55.344900+00:00,60.000657,NIFTY|2026-09-22|23250|CE,a483d3da23a93b7a784e39b5d0f17b89af56ea1236161682b0b2c93e575f5860,ab4b9144fb2ce1f589c7d55b7dcb9b1ffe913d8610fcbdaaa7691e43eeb96c4c,0.3500000000021828,-0.6999999999999886,-1.1999999999999886,0.44999999999998863,0.45000000000001705
2026-09-16,CE,2026-09-16T05:20:00+00:00,2026-09-16T05:18:50.388313+00:00,2026-09-16T05:19:55.337097+00:00,64.948784,NIFTY|2026-09-22|23250|CE,713a61ba56a25164e66f6574dda6a3a87fa3257b3d8d1f0043007968f18a2de3,c4902f870888937b7df3bf3dabb054e0770aef10b1f4c70b24173aead2cbe3b9,6.600000000002183,3.4250000000000114,2.75,0.44999999999998863,0.4000000000000057
2026-09-16,CE,2026-09-16T05:21:00+00:00,2026-09-16T05:19:55.337097+00:00,2026-09-16T05:20:55.345265+00:00,60.008168,NIFTY|2026-09-22|23250|CE,c4902f870888937b7df3bf3dabb054e0770aef10b1f4c70b24173aead2cbe3b9,54f90d22f35be66c87f3039ada16288aed05d528c99364d229b2777dbd9f89cb,-14.600000000002183,-8.825000000000017,-8.599999999999994,0.4000000000000057,0.44999999999998863
2026-09-16,CE,2026-09-16T05:22:00+00:00,2026-09-16T05:20:55.345265+00:00,2026-09-16T05:21:55.352809+00:00,60.007544,NIFTY|2026-09-22|23250|CE,54f90d22f35be66c87f3039ada16288aed05d528c99364d229b2777dbd9f89cb,7ce53e26d31e06e2360b4e4f130d59a37b6e4c28737828a1f8250d850e55426a,8.850000000002183,4.950000000000017,5.349999999999994,0.44999999999998863,0.3499999999999943
2026-09-16,CE,2026-09-16T05:24:00+00:00,2026-09-16T05:22:55.343479+00:00,2026-09-16T05:23:55.348572+00:00,60.005093,NIFTY|2026-09-22|23250|CE,606f2b2957fd6fb679081b720d7bdf73ac0ba0dc0f917a848a71ea8813dd23e9,a7f7475ff5d950d24bc5d43ad238eedd45b0dfb606b8771459872260a5b690d1,-12.900000000001455,-7.625,-6.150000000000006,0.44999999999998863,0.5
2026-09-16,CE,2026-09-16T05:32:00+00:00,2026-09-16T05:30:55.386085+00:00,2026-09-16T05:31:55.624089+00:00,60.238004,NIFTY|2026-09-22|23250|CE,68bc0b0c549f28894adb77889093eddb9fabd2db79d8cac4b1622be4922298bb,2fdcfa31a4fd884c4f355655a5f3d8c306cbf92c2c243ca23993f92f331da1c7,9.399999999997817,3.5249999999999773,1.6999999999999886,0.4000000000000057,0.45000000000001705
2026-09-16,CE,2026-09-16T05:37:00+00:00,2026-09-16T05:35:55.360844+00:00,2026-09-16T05:36:55.493072+00:00,60.132228,NIFTY|2026-09-22|23250|CE,cba00d01ce2995046a3c14540d817b0ed74f40cdb4c5c508dc8d59a2f9604517,ec0387b3676376b9f95d317492928efebbebd5e3b5afba915333b68fa7d35502,-2.25,-4.074999999999989,-4.650000000000006,0.29999999999998295,0.3499999999999943
2026-09-16,CE,2026-09-16T05:39:00+00:00,2026-09-16T05:37:55.366071+00:00,2026-09-16T05:38:55.433552+00:00,60.067481,NIFTY|2026-09-22|23250|CE,38488e5a3faece1d61080c5e4b1f31365700ed0bc36596b8e80e83afc22c8c9e,3bce269daa5d9b2e55bf6707740c1da713c6841a1b6d654455b94022b93fd0e2,6.0,3.0500000000000114,2.4499999999999886,0.30000000000001137,0.30000000000001137
2026-09-16,CE,2026-09-16T05:41:00+00:00,2026-09-16T05:39:55.344064+00:00,2026-09-16T05:40:55.353291+00:00,60.009227,NIFTY|2026-09-22|23250|CE,e63ac5104d97dcc0dc849769ce7959768461e936d399217c8eee245de4c8af23,4ab73c896960cf0a02a15799221067264632a8bc63a580f30fc1f71f8b6f2cf2,3.899999999997817,2.6500000000000057,2.3000000000000114,0.25,0.44999999999998863
2026-09-16,CE,2026-09-16T05:42:00+00:00,2026-09-16T05:40:55.353291+00:00,2026-09-16T05:41:55.438253+00:00,60.084962,NIFTY|2026-09-22|23250|CE,4ab73c896960cf0a02a15799221067264632a8bc63a580f30fc1f71f8b6f2cf2,2c84868174656a13257e55cff4f4bb338f6cff90988765d24ed57a3359496a31,-3.099999999998545,-1.1500000000000057,-1.0500000000000114,0.44999999999998863,0.14999999999997726
2026-09-16,CE,2026-09-16T05:44:00+00:00,2026-09-16T05:42:55.350617+00:00,2026-09-16T05:43:55.354256+00:00,60.003639,NIFTY|2026-09-22|23250|CE,e588acd5c68fae2354d6d8fa72a35532c63952b5dfb20dca8e18d81f90518aec,01c38f550a6f777c60dc6ed7c7ff7f40ecad1b04ae62f142852e701cb9f90f3c,-7.350000000002183,-4.974999999999966,-5.099999999999994,0.4000000000000057,0.3499999999999943
2026-09-16,CE,2026-09-16T05:46:00+00:00,2026-09-16T05:44:55.331828+00:00,2026-09-16T05:45:55.372063+00:00,60.040235,NIFTY|2026-09-22|23250|CE,323e687d784c7367f7fc0eed7ef6c3d2db93b241dcc12a4876ec8d147976343c,db00a6c59bfafa817f557f6174e46089639821b151cc4d59f5ab018000948d9d,8.100000000002183,5.224999999999994,5.299999999999983,0.44999999999998863,0.39999999999997726
2026-09-16,CE,2026-09-16T05:47:00+00:00,2026-09-16T05:45:55.372063+00:00,2026-09-16T05:46:55.554092+00:00,60.182029,NIFTY|2026-09-22|23250|CE,db00a6c59bfafa817f557f6174e46089639821b151cc4d59f5ab018000948d9d,42e91e9dc57eb6e4e45a552d6f3de5b03ff15175b0457c0b2dd749faa0955231,5.549999999999272,2.3499999999999943,1.8000000000000114,0.39999999999997726,0.5
2026-09-16,CE,2026-09-16T05:49:00+00:00,2026-09-16T05:47:50.462944+00:00,2026-09-16T05:48:55.359229+00:00,64.896285,NIFTY|2026-09-22|23250|CE,00d438f462bcf26badce77b2e9a0a3ec93df1fb88e1e56929c915330438744dc,0e12f6ebcb069162141d7367a9f576604f776b640923458aca499acaf52734f4,-2.599999999998545,-2.5749999999999886,-2.200000000000017,0.25,0.4000000000000057
2026-09-16,CE,2026-09-16T05:50:00+00:00,2026-09-16T05:48:55.359229+00:00,2026-09-16T05:49:55.369118+00:00,60.009889,NIFTY|2026-09-22|23250|CE,0e12f6ebcb069162141d7367a9f576604f776b640923458aca499acaf52734f4,45aeef8dea60165bcc95d7ccc108fc9978befe0f38954e28f1fb3e8b51acebb3,-7.100000000002183,-4.775000000000006,-5.0,0.4000000000000057,0.44999999999998863
2026-09-16,CE,2026-09-16T05:51:00+00:00,2026-09-16T05:49:55.369118+00:00,2026-09-16T05:50:55.584163+00:00,60.215045,NIFTY|2026-09-22|23250|CE,45aeef8dea60165bcc95d7ccc108fc9978befe0f38954e28f1fb3e8b51acebb3,2c415021372d0c0d92fe42aeeb4fe524acda3f42fbc5e84c42822ad93451ade9,-8.099999999998545,-3.450000000000017,-3.799999999999983,0.44999999999998863,0.3499999999999943
2026-09-16,CE,2026-09-16T05:53:00+00:00,2026-09-16T05:51:55.369734+00:00,2026-09-16T05:52:55.506274+00:00,60.13654,NIFTY|2026-09-22|23250|CE,2ad672847b50a964595389f5426da1939ff465e22ff1db88fa7eff989e2c1acb,0c4efe2cbd03c5245e39b0bf68c1b3ef0300540b8881a8551466ab52c1ec7ec0,12.0,8.450000000000017,7.949999999999989,0.25,0.15000000000000568
2026-09-16,CE,2026-09-16T05:55:00+00:00,2026-09-16T05:53:55.369724+00:00,2026-09-16T05:54:55.399304+00:00,60.02958,NIFTY|2026-09-22|23250|CE,4eac632aa760850cee5de6cc05d394d61daee4e7230de49fc5dfe6ad92f23eb7,9f746739ce9f0951a5a0eb6248e9f77e94f8da76e70c72d76919f23201df2d69,-13.149999999997817,-7.400000000000034,-8.849999999999994,0.3499999999999943,0.45000000000001705
2026-09-16,CE,2026-09-16T05:57:00+00:00,2026-09-16T05:55:55.395100+00:00,2026-09-16T05:56:55.462827+00:00,60.067727,NIFTY|2026-09-22|23250|CE,58c8ef6cc500e53dbd019c34129d4e663f54403aa0a05b5fed33bcce4543bed6,b5297ddc5b59c58119b23f3640b4580f43068853fa4091c7e63af7dccab4c847,-6.0,-3.25,-3.3499999999999943,0.30000000000001137,0.39999999999997726
2026-09-16,CE,2026-09-16T05:58:00+00:00,2026-09-16T05:56:55.462827+00:00,2026-09-16T05:57:55.579222+00:00,60.116395,NIFTY|2026-09-22|23250|CE,b5297ddc5b59c58119b23f3640b4580f43068853fa4091c7e63af7dccab4c847,f486ad4948bc9e29e1c7cec1ec613bbf4e92e6c334b93e08b06faadfc2d22882,-3.5499999999992724,-2.0749999999999886,-1.4000000000000057,0.39999999999997726,0.45000000000001705
2026-09-16,CE,2026-09-16T06:02:00+00:00,2026-09-16T06:00:55.351146+00:00,2026-09-16T06:01:55.469523+00:00,60.118377,NIFTY|2026-09-22|23250|CE,e0e10340b85fb849fa75ebc4c50cacae0db9acd91ab3d6f2a659092b08779a8f,26d557647ef5d21c96db9f77d07409438dac2cf8ca504505c1e687700a5facfd,0.75,1.2500000000000284,1.5500000000000114,0.30000000000001137,0.4000000000000057
2026-09-16,CE,2026-09-16T06:04:00+00:00,2026-09-16T06:02:50.548415+00:00,2026-09-16T06:03:55.344897+00:00,64.796482,NIFTY|2026-09-22|23250|CE,9c717f1034c8fb5a0c8d0f8b9199204e2094daf5834a0b14b5f306c05eceed74,bec03b3dddc092c17a3ffdd493b150e82794884fda878877bf57e214490484da,-1.7000000000007276,-2.3500000000000227,-2.6000000000000227,0.25,0.3499999999999943
2026-09-16,CE,2026-09-16T06:09:00+00:00,2026-09-16T06:07:55.345120+00:00,2026-09-16T06:08:55.348400+00:00,60.00328,NIFTY|2026-09-22|23250|CE,55cd568ae427627dd28361750f7ebba11570e3f8371f617e7f969ebd9ba94e2a,81c8f300fcbbcf82d9ac31291a93a0af0192ef479f129c8dbb02033036b3d07a,12.850000000002183,4.400000000000006,4.050000000000011,0.44999999999998863,0.3499999999999943
2026-09-16,CE,2026-09-16T06:10:00+00:00,2026-09-16T06:08:55.348400+00:00,2026-09-16T06:09:55.368040+00:00,60.01964,NIFTY|2026-09-22|23250|CE,81c8f300fcbbcf82d9ac31291a93a0af0192ef479f129c8dbb02033036b3d07a,a3dd6f09790aaaa356099225f7c61e8b21d02f74ed8a9952ee363b348ba081e7,-4.450000000000728,-1.375,-1.3000000000000114,0.3499999999999943,0.4000000000000057
2026-09-16,CE,2026-09-16T06:11:00+00:00,2026-09-16T06:09:55.368040+00:00,2026-09-16T06:10:55.368850+00:00,60.00081,NIFTY|2026-09-22|23250|CE,a3dd6f09790aaaa356099225f7c61e8b21d02f74ed8a9952ee363b348ba081e7,9c5199612aae24106e76f76ea26bc0772767603b8d35ff645c1367f6e773f144,1.8999999999978172,1.799999999999983,1.9000000000000057,0.4000000000000057,0.19999999999998863
2026-09-16,CE,2026-09-16T06:13:00+00:00,2026-09-16T06:11:55.353118+00:00,2026-09-16T06:12:55.495078+00:00,60.14196,NIFTY|2026-09-22|23250|CE,928b816be4aa5b59c0ef6c4abacdd68ceef9618bb138640afc1ca3f8b4e5231f,8d09c1745de44c2b6a559ad61de4be43915190d34e6526feaddd2609ce7e3024,-0.75,-1.275000000000034,-1.4000000000000057,0.4000000000000057,0.3499999999999943
2026-09-16,CE,2026-09-16T06:15:00+00:00,2026-09-16T06:13:50.351251+00:00,2026-09-16T06:14:55.344302+00:00,64.993051,NIFTY|2026-09-22|23250|CE,85b930c7e94f25d480b950db7ae3788bb7023db019ac7ed53542410e883f5aa6,c6189dca5c7cda8c392d55d83511076d2ad01c16c068ffff9ea85d590af2c65a,0.1500000000014552,-0.42499999999998295,-0.6500000000000057,0.30000000000001137,0.3499999999999943
2026-09-16,CE,2026-09-16T06:16:00+00:00,2026-09-16T06:14:55.344302+00:00,2026-09-16T06:15:55.351992+00:00,60.00769,NIFTY|2026-09-22|23250|CE,c6189dca5c7cda8c392d55d83511076d2ad01c16c068ffff9ea85d590af2c65a,88fcd7bfa5f6fdaf6426223a105194049ba2bd1fdef5323905cc99e7e8988448,-5.799999999999272,-4.725000000000023,-4.5,0.3499999999999943,0.4000000000000057
2026-09-16,CE,2026-09-16T06:17:00+00:00,2026-09-16T06:15:55.351992+00:00,2026-09-16T06:16:55.363551+00:00,60.011559,NIFTY|2026-09-22|23250|CE,88fcd7bfa5f6fdaf6426223a105194049ba2bd1fdef5323905cc99e7e8988448,2918b63e673b163ffb03ead67213afc9aeeaccf6a6ed47d146bf8051eee08f0b,-2.100000000002183,0.7750000000000341,0.75,0.4000000000000057,0.3499999999999943
2026-09-16,CE,2026-09-16T06:19:00+00:00,2026-09-16T06:17:55.348236+00:00,2026-09-16T06:18:55.355137+00:00,60.006901,NIFTY|2026-09-22|23200|CE,adbf050c13150d651d163edf7293b5dd5d817aca04ce79ec38d3b0565b95d60c,04e269909f49f5f447cf69e14a3c081b504987657cf0ef2d2a3128f5852ae6bb,0.2000000000007276,0.2750000000000057,0.5999999999999943,0.25,0.30000000000001137
2026-09-16,CE,2026-09-16T06:21:00+00:00,2026-09-16T06:19:55.367969+00:00,2026-09-16T06:20:55.473566+00:00,60.105597,NIFTY|2026-09-22|23250|CE,84652435848c2a40dbb88433a4b5de3c920e06305556dd51278e7ed2431bae7c,7aeef4811cc51367a5a0d057e945987c2779a70cd512b364d2d69037e1af4b9a,12.600000000002183,4.649999999999977,4.849999999999994,0.3499999999999943,0.25
2026-09-16,CE,2026-09-16T06:22:00+00:00,2026-09-16T06:20:55.473566+00:00,2026-09-16T06:21:55.659322+00:00,60.185756,NIFTY|2026-09-22|23250|CE,7aeef4811cc51367a5a0d057e945987c2779a70cd512b364d2d69037e1af4b9a,a8a9b0723be5714ea0616d0a805a5a67439c632f44dce42f63733b62a66676b4,-3.7999999999992724,-1.5749999999999886,-1.0,0.25,0.29999999999998295
2026-09-16,CE,2026-09-16T06:28:00+00:00,2026-09-16T06:26:55.347300+00:00,2026-09-16T06:27:55.377514+00:00,60.030214,NIFTY|2026-09-22|23200|CE,f4fed69f40774c34685c4dd2ae9812f97c9a90b5ffc368b205d6006de00377e4,4c288a4e168853dd6276b72956e42df807e55c1e2caf010cee0bfff043ee6e44,1.4000000000014552,0.04999999999998295,0.45000000000001705,0.4000000000000057,0.5
2026-09-16,CE,2026-09-16T06:29:00+00:00,2026-09-16T06:27:55.377514+00:00,2026-09-16T06:28:55.435125+00:00,60.057611,NIFTY|2026-09-22|23200|CE,4c288a4e168853dd6276b72956e42df807e55c1e2caf010cee0bfff043ee6e44,e5116a9bcf57b9267eea21deb571f83f854ac3223b46f508d11d6c05305cfebd,-0.3500000000021828,-0.7750000000000057,-0.15000000000000568,0.5,0.44999999999998863
2026-09-16,CE,2026-09-16T06:30:00+00:00,2026-09-16T06:28:55.435125+00:00,2026-09-16T06:29:55.485577+00:00,60.050452,NIFTY|2026-09-22|23200|CE,e5116a9bcf57b9267eea21deb571f83f854ac3223b46f508d11d6c05305cfebd,37d06a5fc9b034f34d3fa702c26f1ae931369725edefdb87f812b0a055c763f6,-0.7999999999992724,1.0,0.25,0.44999999999998863,0.44999999999998863
2026-09-16,CE,2026-09-16T06:32:00+00:00,2026-09-16T06:30:55.357156+00:00,2026-09-16T06:31:55.458249+00:00,60.101093,NIFTY|2026-09-22|23200|CE,4afa1880f9ebc3ed526085ec78c8a6e85490ece796f68f7680dbc214d81ef6d8,0f2e9526ab32205be16cbf68a5c6c5784fac129cfcc6529e1550e4e259203792,-1.0499999999992724,-0.44999999999998863,-0.5999999999999943,0.44999999999998863,0.44999999999998863
2026-09-16,CE,2026-09-16T06:34:00+00:00,2026-09-16T06:32:55.360039+00:00,2026-09-16T06:33:55.371297+00:00,60.011258,NIFTY|2026-09-22|23200|CE,0741b1fec5243738d6029cae5828ccf990fc326b774770ffe2f271c9255b42a4,53fed377e8e802872f4d47f98aa9fb151a88aca7d3c028a868fdb4f97240d590,-1.0,-2.125,-2.1500000000000057,0.45000000000001705,0.4000000000000057
2026-09-16,CE,2026-09-16T06:36:00+00:00,2026-09-16T06:34:50.499826+00:00,2026-09-16T06:35:55.362074+00:00,64.862248,NIFTY|2026-09-22|23200|CE,6508089fd072910175cc0490b0cb137330614b8e191ba2af541817cdb779b1c7,0772fed82457af130585d4fe804b5a32a6e29b3e1c5c8f52c19ddf9acdd62538,6.700000000000728,3.1999999999999886,3.0,0.44999999999998863,0.44999999999998863
2026-09-16,CE,2026-09-16T06:37:00+00:00,2026-09-16T06:35:55.362074+00:00,2026-09-16T06:36:55.368201+00:00,60.006127,NIFTY|2026-09-22|23200|CE,0772fed82457af130585d4fe804b5a32a6e29b3e1c5c8f52c19ddf9acdd62538,6fb4f47cfccb0320b7720db79aab3e34d706adc97752f7b44201bb12ef1ece0a,3.599999999998545,1.825000000000017,1.5999999999999943,0.44999999999998863,0.29999999999998295
2026-09-16,CE,2026-09-16T06:39:00+00:00,2026-09-16T06:37:55.489198+00:00,2026-09-16T06:38:55.491316+00:00,60.002118,NIFTY|2026-09-22|23250|CE,a77d56c21648a62e3a53851f88b185f0afbfd84483d3d0c41478c55f7e43db53,38473c6684f1147d6de2b644bc4148507278ea51daaeb33c58bcb64bddd9d687,-4.049999999999272,-2.0,-2.0,0.39999999999997726,0.30000000000001137
2026-09-16,CE,2026-09-16T06:42:00+00:00,2026-09-16T06:40:55.368729+00:00,2026-09-16T06:41:55.381897+00:00,60.013168,NIFTY|2026-09-22|23250|CE,28cc08c39b77d260a3fc7a3e2b2423c8a3667d1a27c5a37b2a82a4832a153b7e,b423d4663200e2feea9fb9b438738adcb34afb7c2d3447f0a1e0117197a35ef7,-0.5500000000029104,0.12499999999997158,-0.5,0.3499999999999943,0.19999999999998863
2026-09-16,CE,2026-09-16T06:44:00+00:00,2026-09-16T06:42:55.367578+00:00,2026-09-16T06:43:55.799412+00:00,60.431834,NIFTY|2026-09-22|23250|CE,6978f463f3e8886c9d59673f83092e075780f193a59336f0432b623dcceb5207,672829d05c79b7812e1beb0018377659150a776c916f9d7495e78e4c446454bd,12.799999999999272,5.375000000000028,5.400000000000006,0.3499999999999943,0.30000000000001137
2026-09-16,CE,2026-09-16T06:48:00+00:00,2026-09-16T06:46:55.365087+00:00,2026-09-16T06:47:55.375673+00:00,60.010586,NIFTY|2026-09-22|23250|CE,b66e5c0f494bc967cf66d96c83a04c8357ccdd239d5717410e6da7f7d0f4a351,a52a816a3888acf6f1a58c837928fec028e9bc6d833dc5eeb593a94558052e1e,11.399999999997817,2.8499999999999943,3.0,0.30000000000001137,0.4000000000000057
2026-09-16,CE,2026-09-16T06:49:00+00:00,2026-09-16T06:47:55.375673+00:00,2026-09-16T06:48:55.402464+00:00,60.026791,NIFTY|2026-09-22|23250|CE,a52a816a3888acf6f1a58c837928fec028e9bc6d833dc5eeb593a94558052e1e,3e4e1c9a91e0d13ef3f273ad4b96b433f5e7f84ef586b1f5a0ef6d400eb566d7,-4.799999999999272,-2.0500000000000114,-1.4000000000000057,0.4000000000000057,0.4000000000000057
2026-09-16,CE,2026-09-16T06:51:00+00:00,2026-09-16T06:49:55.367303+00:00,2026-09-16T06:50:55.370340+00:00,60.003037,NIFTY|2026-09-22|23250|CE,6ab1b59370e12402b2cd58e6edfc908dc5849a04e28fb8a469186b8d3644200a,4173a0855acf56b26980d8bcdd240cc56eb54a2362e3fbd5fe8173aabc13feb9,-8.05000000000291,-5.275000000000034,-5.799999999999983,0.4000000000000057,0.3499999999999943
2026-09-16,CE,2026-09-16T06:53:00+00:00,2026-09-16T06:51:55.364219+00:00,2026-09-16T06:52:55.367819+00:00,60.0036,NIFTY|2026-09-22|23250|CE,dc30163798303ec598a9d056f380c927322022dedc5e3017b849b3e4857d02b6,46a40cb55d37ca558710d393416832c2aca79c0f654683d3e55a6523e0168995,3.0500000000029104,1.549999999999983,1.3000000000000114,0.30000000000001137,0.4000000000000057
2026-09-16,CE,2026-09-16T06:54:00+00:00,2026-09-16T06:52:55.367819+00:00,2026-09-16T06:53:55.371994+00:00,60.004175,NIFTY|2026-09-22|23250|CE,46a40cb55d37ca558710d393416832c2aca79c0f654683d3e55a6523e0168995,4fcb8314734cc5f64792e8cd010f04a247bf256fbb4fa3477a9bc667d053f45a,3.649999999997817,1.5,2.1999999999999886,0.4000000000000057,0.4000000000000057
2026-09-16,CE,2026-09-16T06:56:00+00:00,2026-09-16T06:54:50.422363+00:00,2026-09-16T06:55:55.366436+00:00,64.944073,NIFTY|2026-09-22|23250|CE,ce8309a1f0a27f142e5d11376d3afe8ccd01aed01483f4038a758f5b48e96642,d439c07731ba5acdb49db07e6bc9d203ab331684b22fccf88ba1a774f18f9322,1.5500000000029104,0.8500000000000227,0.799999999999983,0.29999999999998295,0.20000000000001705
2026-09-16,CE,2026-09-16T06:57:00+00:00,2026-09-16T06:55:55.366436+00:00,2026-09-16T06:56:55.466650+00:00,60.100214,NIFTY|2026-09-22|23250|CE,d439c07731ba5acdb49db07e6bc9d203ab331684b22fccf88ba1a774f18f9322,7047165134e04fcbd0fa5630323ad5185c3763b90db0aedb60e2762a04e8f11d,-1.0,-2.075000000000017,-2.0,0.20000000000001705,0.25
2026-09-16,CE,2026-09-16T06:59:00+00:00,2026-09-16T06:57:55.367060+00:00,2026-09-16T06:58:55.548272+00:00,60.181212,NIFTY|2026-09-22|23250|CE,1220a2b497f4016d69450bc50c41b874c40b3fd0077b7cb14ecb71ffb08a5b7c,5fba2dac3c229c7644e5ea4b123f2d06a44302555d57c05672617cc4b4df4456,5.0,2.6750000000000114,2.700000000000017,0.4000000000000057,0.3499999999999943
2026-09-16,CE,2026-09-16T07:01:00+00:00,2026-09-16T06:59:55.389310+00:00,2026-09-16T07:00:55.528570+00:00,60.13926,NIFTY|2026-09-22|23250|CE,fbed4a6b8a7bb589a6c6f0e0aa277ea61315df924b773aa09bba151d1e3976c9,26bcc778d15ed1090995df115b454b65eebbc7fee5caff2dee73f4634b97d066,1.0500000000029104,1.2750000000000057,1.0,0.35000000000002274,0.30000000000001137
2026-09-16,CE,2026-09-16T07:03:00+00:00,2026-09-16T07:01:55.369869+00:00,2026-09-16T07:02:55.552565+00:00,60.182696,NIFTY|2026-09-22|23250|CE,de8a6245aa9cda6ac3cd7c8969d1df25f89a32d55ed2873e7a77be86df6915ed,8c4e7449c2994fc7e494fb5396e46c0ad92351489be831e12be9f6a4ca8eb91c,2.7999999999992724,1.1999999999999886,1.1999999999999886,0.35000000000002274,0.3499999999999943
2026-09-16,CE,2026-09-16T07:04:00+00:00,2026-09-16T07:02:55.552565+00:00,2026-09-16T07:03:55.943922+00:00,60.391357,NIFTY|2026-09-22|23250|CE,8c4e7449c2994fc7e494fb5396e46c0ad92351489be831e12be9f6a4ca8eb91c,984c846b3db7ec4ab25ba31913b54b24de9101315658a652d124b9664b4c2602,13.450000000000728,7.824999999999989,7.5,0.3499999999999943,0.4000000000000057
2026-09-16,CE,2026-09-16T07:06:00+00:00,2026-09-16T07:04:50.370095+00:00,2026-09-16T07:05:55.355176+00:00,64.985081,NIFTY|2026-09-22|23250|CE,5f1a5500da950370715919bf2ce1943105ce1e4d8ab253da59bdc6fe74cd8843,6f2216ccbf5ae6335bdf0974b1854e34fe6e7d374c1d1bc07199c863f4a8d5c3,8.549999999999272,-0.7250000000000227,-0.75,0.25,0.29999999999998295
2026-09-16,CE,2026-09-16T07:07:00+00:00,2026-09-16T07:05:55.355176+00:00,2026-09-16T07:06:55.372796+00:00,60.01762,NIFTY|2026-09-22|23250|CE,6f2216ccbf5ae6335bdf0974b1854e34fe6e7d374c1d1bc07199c863f4a8d5c3,8d70944dbaaa14d1408594df4592f1e2f9fa0df36e4e4ca3d87fe384b2e1e66d,-9.099999999998545,-4.474999999999994,-4.450000000000017,0.29999999999998295,0.25
2026-09-16,CE,2026-09-16T07:09:00+00:00,2026-09-16T07:07:55.369093+00:00,2026-09-16T07:08:55.537707+00:00,60.168614,NIFTY|2026-09-22|23250|CE,0d663f1c3db225fe59c93b0c6cebebc11ed407dd55530c6f7de438a8d0137152,f5c680b5b8eef729d8c308a7265553504dfed3ff9b0fe73b03b5e3934342e851,4.049999999999272,2.3249999999999886,2.5999999999999943,0.4000000000000057,0.3499999999999943
2026-09-16,CE,2026-09-16T07:10:00+00:00,2026-09-16T07:08:55.537707+00:00,2026-09-16T07:09:56.238470+00:00,60.700763,NIFTY|2026-09-22|23250|CE,f5c680b5b8eef729d8c308a7265553504dfed3ff9b0fe73b03b5e3934342e851,bf65f8bfd82295634990bf8fcca8af6f5be55da97f84039309859c24ab28b30f,-3.0,-2.7749999999999773,-3.049999999999983,0.3499999999999943,0.39999999999997726
2026-09-16,CE,2026-09-16T07:12:00+00:00,2026-09-16T07:10:50.371505+00:00,2026-09-16T07:11:55.363221+00:00,64.991716,NIFTY|2026-09-22|23250|CE,6e327f075caafe7a10d1305449c5f50e4eb7a05363c8acb9ddf272b06caecf30,5f9ecac141c954f4b878408c9cc7fabbec4208a1c8ab44ffc12c0ad86953955a,-0.4500000000007276,-1.6499999999999773,-2.0999999999999943,0.39999999999997726,0.4000000000000057
2026-09-16,CE,2026-09-16T07:14:00+00:00,2026-09-16T07:12:55.365682+00:00,2026-09-16T07:13:55.395917+00:00,60.030235,NIFTY|2026-09-22|23250|CE,3e931354c83994c1f0ccc188f67be58d455e7962ea97d579049bc5ee943e6004,d46f7637b6e48604bf89df3178dd4504406e38ae575ee597afd17874cacfae98,12.899999999997817,8.225000000000023,8.299999999999983,0.4000000000000057,0.3499999999999943
2026-09-16,CE,2026-09-16T07:15:00+00:00,2026-09-16T07:13:55.395917+00:00,2026-09-16T07:14:55.516727+00:00,60.12081,NIFTY|2026-09-22|23250|CE,d46f7637b6e48604bf89df3178dd4504406e38ae575ee597afd17874cacfae98,dd87794a95d5ea06cfa2b62cd646bb56416b33d3b53d71120a86a85f6ee3b909,1.5499999999992724,1.875,1.3499999999999943,0.3499999999999943,0.29999999999998295
2026-09-16,CE,2026-09-16T07:18:00+00:00,2026-09-16T07:16:55.344023+00:00,2026-09-16T07:17:55.368835+00:00,60.024812,NIFTY|2026-09-22|23250|CE,674e762efc15cf7c392ca76c544a286049b9129c54b4e8748f3116dd53802338,075e851b32a7e54805c42c6eb105bd8a876ac7a9c5cfcfacc692cf2cb067a1b5,3.4500000000007276,2.0999999999999943,2.0500000000000114,0.39999999999997726,0.30000000000001137
2026-09-16,CE,2026-09-16T07:20:00+00:00,2026-09-16T07:18:55.340380+00:00,2026-09-16T07:19:55.343356+00:00,60.002976,NIFTY|2026-09-22|23250|CE,9054e1449f4ccd649cb9be79e5f99cbc0434e2ddd1cbc8cc8d5bbac45ae5e688,d93e871b9ace16eeadae25ceee371e11818a4800dad0c6cbb12b5a063698b808,2.5,1.125,1.200000000000017,0.29999999999998295,0.3499999999999943
2026-09-16,CE,2026-09-16T07:21:00+00:00,2026-09-16T07:19:55.343356+00:00,2026-09-16T07:20:55.354727+00:00,60.011371,NIFTY|2026-09-22|23250|CE,d93e871b9ace16eeadae25ceee371e11818a4800dad0c6cbb12b5a063698b808,f47c5593f5b5e8f148974679fc82dc439377b6a3a6c5cc04876835f5694a5461,-2.5499999999992724,-1.9250000000000114,-2.1500000000000057,0.3499999999999943,0.39999999999997726
2026-09-16,CE,2026-09-16T07:22:00+00:00,2026-09-16T07:20:55.354727+00:00,2026-09-16T07:21:55.361375+00:00,60.006648,NIFTY|2026-09-22|23250|CE,f47c5593f5b5e8f148974679fc82dc439377b6a3a6c5cc04876835f5694a5461,dd0816582316b4434ec1a9f44dfed972a87f40603433b622bb85cba6edf6c629,-1.8499999999985448,0.125,0.5999999999999943,0.39999999999997726,0.35000000000002274
2026-09-16,CE,2026-09-16T07:23:00+00:00,2026-09-16T07:21:55.361375+00:00,2026-09-16T07:22:55.362891+00:00,60.001516,NIFTY|2026-09-22|23250|CE,dd0816582316b4434ec1a9f44dfed972a87f40603433b622bb85cba6edf6c629,d301d41a25a3a81d776dd46c3bfa20d6a629f488bdb0bf5e48da872b6934606e,-0.10000000000218279,-0.875,-1.4499999999999886,0.35000000000002274,0.39999999999997726
2026-09-16,CE,2026-09-16T07:25:00+00:00,2026-09-16T07:23:55.352189+00:00,2026-09-16T07:24:55.356989+00:00,60.0048,NIFTY|2026-09-22|23250|CE,f5d3cd216e225f97079bd82ee5632098d560c50b4f6a797a6c7d184bb19e0581,17f09ef2f3d903ebc53327eb2c22087998def0ab172c0f2249af8e1f4e34e345,1.0999999999985448,-1.125,-1.450000000000017,0.4000000000000057,0.3499999999999943
2026-09-16,CE,2026-09-16T07:26:00+00:00,2026-09-16T07:24:55.356989+00:00,2026-09-16T07:25:55.604116+00:00,60.247127,NIFTY|2026-09-22|23250|CE,17f09ef2f3d903ebc53327eb2c22087998def0ab172c0f2249af8e1f4e34e345,25e0427fa8333132727c1b48f37221c4600fd81037392024ecb3b6ebec43b4e4,-2.7000000000007276,-2.325000000000017,-2.049999999999983,0.3499999999999943,0.30000000000001137
2026-09-16,CE,2026-09-16T07:28:00+00:00,2026-09-16T07:26:55.387771+00:00,2026-09-16T07:27:55.398704+00:00,60.010933,NIFTY|2026-09-22|23250|CE,0aad30b2ec81e439eee5017e13de723505ef04100383e98d0401fd99333d69c8,688cc22e63675f763e7698b18a4515a9e210625f82f3c34255160cf9e25ff4ea,-1.2000000000007276,0.07499999999998863,0.19999999999998863,0.45000000000001705,0.39999999999997726
2026-09-16,CE,2026-09-16T07:31:00+00:00,2026-09-16T07:29:55.350823+00:00,2026-09-16T07:30:55.494140+00:00,60.143317,NIFTY|2026-09-22|23250|CE,2e79f40f11e10cc2d525752bb63dba25af8eaecad0e55879e27b81932a8e9b28,0e9132e72112d3fa761857ed1b03aa1c0035266d7158b6a7e4f942aee0395e02,-0.4000000000014552,2.5000000000000284,2.5500000000000114,0.44999999999998863,0.3499999999999943
2026-09-16,CE,2026-09-16T07:33:00+00:00,2026-09-16T07:31:50.351514+00:00,2026-09-16T07:32:55.350781+00:00,64.999267,NIFTY|2026-09-22|23250|CE,1e9cbf67dff3cb8d0f2c6b7e30a5ce9abe8f63c6a83e8ec2c4a4ec4840691feb,4d032a02ee62f894d5372e8498d2d746a38d0500b6abc4fb2eb081b97533fee3,0.25,0.35000000000002274,0.29999999999998295,0.45000000000001705,0.3499999999999943
2026-09-16,CE,2026-09-16T07:34:00+00:00,2026-09-16T07:32:55.350781+00:00,2026-09-16T07:33:55.425759+00:00,60.074978,NIFTY|2026-09-22|23250|CE,4d032a02ee62f894d5372e8498d2d746a38d0500b6abc4fb2eb081b97533fee3,9f22d15053f460eab150b50c1dd88273ac23d6af1ff1ed63f8f0c5b8e25348a6,-1.3499999999985448,-1.8500000000000227,-1.8499999999999943,0.3499999999999943,0.3499999999999943
2026-09-16,CE,2026-09-16T07:36:00+00:00,2026-09-16T07:34:50.368753+00:00,2026-09-16T07:35:55.339740+00:00,64.970987,NIFTY|2026-09-22|23250|CE,1aa7fbce0db9515498487be8e2abc1b8de8370103ac0fa471913c0bb3fa899d1,bb95f89f7b46d06543bc5d6b3939e91faf214d9c18b665665b1089edee839f98,3.7999999999992724,3.375,3.4499999999999886,0.4000000000000057,0.3499999999999943
2026-09-16,CE,2026-09-16T07:37:00+00:00,2026-09-16T07:35:55.339740+00:00,2026-09-16T07:36:55.365399+00:00,60.025659,NIFTY|2026-09-22|23250|CE,bb95f89f7b46d06543bc5d6b3939e91faf214d9c18b665665b1089edee839f98,61334e8a5b08b46a266e5e88e6a6941a8b8d579a5ed868bfe10ed169cff2896d,3.649999999997817,2.3250000000000455,2.3500000000000227,0.3499999999999943,0.4000000000000057
2026-09-16,CE,2026-09-16T07:38:00+00:00,2026-09-16T07:36:55.365399+00:00,2026-09-16T07:37:55.366881+00:00,60.001482,NIFTY|2026-09-22|23250|CE,61334e8a5b08b46a266e5e88e6a6941a8b8d579a5ed868bfe10ed169cff2896d,689b36019fcea7fb803643042a7e1db8c5d566a31f68886d66b0f1187671daba,7.650000000001455,0.7249999999999659,0.75,0.4000000000000057,0.45000000000001705
2026-09-16,CE,2026-09-16T07:43:00+00:00,2026-09-16T07:41:55.342088+00:00,2026-09-16T07:42:55.343255+00:00,60.001167,NIFTY|2026-09-22|23250|CE,863bcd00156a7fe7d3dab057f91b125e962c1d3480eaa425da7e56c7d62ee73c,94f71f35f271574ab8615efeb8cea2d5e8a9358c7a1ea58602087dc764101661,-2.25,-0.3250000000000455,0.45000000000001705,0.4000000000000057,0.15000000000000568
2026-09-16,CE,2026-09-16T07:44:00+00:00,2026-09-16T07:42:55.343255+00:00,2026-09-16T07:43:55.359628+00:00,60.016373,NIFTY|2026-09-22|23250|CE,94f71f35f271574ab8615efeb8cea2d5e8a9358c7a1ea58602087dc764101661,ca342065b8ae91334b14abe1d08a428c3d0dec9b5ec77b6eeaaab166e5e3181d,-4.0,-2.0499999999999545,-2.1000000000000227,0.15000000000000568,0.3499999999999943
2026-09-16,CE,2026-09-16T07:46:00+00:00,2026-09-16T07:44:55.345418+00:00,2026-09-16T07:45:55.367485+00:00,60.022067,NIFTY|2026-09-22|23250|CE,c124c2fcf7804e625eb00948215f1f8a009e0231f9946687546495911b00cc37,584125d7190061cf5bd5838fc6603a50d9d9ae342c74dcc33ac0d8cb7a5db9cd,-4.049999999999272,0.049999999999954525,0.39999999999997726,0.15000000000000568,0.3499999999999943
2026-09-16,CE,2026-09-16T07:48:00+00:00,2026-09-16T07:46:50.356681+00:00,2026-09-16T07:47:55.342712+00:00,64.986031,NIFTY|2026-09-22|23250|CE,4d9713c22856116b720e48feb3194bbd9d23c3dc9d5aa8c5602c4fc21f211578,fad672b0408d17d29851f35999993959074e6be20435fed879dd9c602afe68a7,3.5499999999992724,1.5500000000000114,1.950000000000017,0.45000000000001705,0.3499999999999943
2026-09-16,CE,2026-09-16T07:49:00+00:00,2026-09-16T07:47:55.342712+00:00,2026-09-16T07:48:55.352409+00:00,60.009697,NIFTY|2026-09-22|23250|CE,fad672b0408d17d29851f35999993959074e6be20435fed879dd9c602afe68a7,746c6221b96175dab88247373568b783732832623ae92632a93f1ee0b79dde0f,2.900000000001455,2.6749999999999545,2.75,0.3499999999999943,0.4000000000000057
2026-09-16,CE,2026-09-16T07:50:00+00:00,2026-09-16T07:48:55.352409+00:00,2026-09-16T07:49:55.370005+00:00,60.017596,NIFTY|2026-09-22|23250|CE,746c6221b96175dab88247373568b783732832623ae92632a93f1ee0b79dde0f,649fb6e05ce7523b91114858063c0ee60fcba4bcd3a9d46b5f488460b8a152c6,6.0,1.2250000000000227,1.1500000000000057,0.4000000000000057,0.25
2026-09-16,CE,2026-09-16T07:52:00+00:00,2026-09-16T07:50:50.352340+00:00,2026-09-16T07:51:55.349598+00:00,64.997258,NIFTY|2026-09-22|23250|CE,b6aa8173227f90a86e34c28a735c60e52661ffeaf642ac632d04917f44d03610,c10d6ada8dc9e655b4f43b0e0283fde4803117167df42dbe1d2ecdd60bcba381,-0.8499999999985448,-2.400000000000034,-2.6999999999999886,0.3499999999999943,0.45000000000001705
2026-09-16,CE,2026-09-16T07:55:00+00:00,2026-09-16T07:53:50.348908+00:00,2026-09-16T07:54:55.347951+00:00,64.999043,NIFTY|2026-09-22|23250|CE,e24cbbcb1ef64620602d4688a273802fb25ecebd626cb9a963cb2e151334d726,6a096bdfcefaecd533ea94f0183b80e0b6c38a7e861cc1547f156a34c676d916,-13.05000000000291,-5.774999999999977,-5.699999999999989,0.4000000000000057,0.35000000000002274
2026-09-16,CE,2026-09-16T07:56:00+00:00,2026-09-16T07:54:55.347951+00:00,2026-09-16T07:55:55.350635+00:00,60.002684,NIFTY|2026-09-22|23250|CE,6a096bdfcefaecd533ea94f0183b80e0b6c38a7e861cc1547f156a34c676d916,c7f9dd6d2785d08c303f2ad1500066676d4a483895adf098a1bfb20efb4839f5,1.2000000000007276,0.32499999999998863,0.4000000000000057,0.35000000000002274,0.4000000000000057
2026-09-16,CE,2026-09-16T07:57:00+00:00,2026-09-16T07:55:55.350635+00:00,2026-09-16T07:56:55.363024+00:00,60.012389,NIFTY|2026-09-22|23250|CE,c7f9dd6d2785d08c303f2ad1500066676d4a483895adf098a1bfb20efb4839f5,36e24e1d6bd1d1cf4b9fb00e471146b3f3e8843404cad3e4030d286308c0dd05,-3.0,-2.9499999999999886,-1.700000000000017,0.4000000000000057,0.39999999999997726
2026-09-16,CE,2026-09-16T08:01:00+00:00,2026-09-16T07:59:50.349826+00:00,2026-09-16T08:00:55.339216+00:00,64.98939,NIFTY|2026-09-22|23200|CE,10277d0b22479c9c8aa49dd651028929fff1710e726b05ab6e5b6ff8f5e7f096,f988ad4a002343963b8d29b150d32d7e332b0bed1fb1ed7eaa1ae7cf5678fda2,1.6000000000021828,0.9749999999999943,1.3499999999999943,0.44999999999998863,0.39999999999997726
2026-09-16,CE,2026-09-16T08:03:00+00:00,2026-09-16T08:01:55.343880+00:00,2026-09-16T08:02:55.344639+00:00,60.000759,NIFTY|2026-09-22|23250|CE,37955be20aebe6df21f3880a1f2220029940c6efcfe6183f5c834603b7f53def,e50271196a0457b343c22931fd404eee5dd561a1ebc16d1d5fdc7d4e4e949f3f,3.399999999997817,0.7250000000000227,0.75,0.30000000000001137,0.3499999999999943
2026-09-16,CE,2026-09-16T08:04:00+00:00,2026-09-16T08:02:55.344639+00:00,2026-09-16T08:03:55.369903+00:00,60.025264,NIFTY|2026-09-22|23250|CE,e50271196a0457b343c22931fd404eee5dd561a1ebc16d1d5fdc7d4e4e949f3f,0a38f42f5c6741ab4c302c972dd60fcf8b273006609c73dc4516604e7a0cc362,-8.349999999998545,-2.9250000000000114,-3.049999999999983,0.3499999999999943,0.4000000000000057
2026-09-16,CE,2026-09-16T08:06:00+00:00,2026-09-16T08:04:55.340209+00:00,2026-09-16T08:05:55.350547+00:00,60.010338,NIFTY|2026-09-22|23250|CE,521350e9aa71a2fec7350cb56954db2be5aa61dbf84de36d9d0d49902b84d02a,052e4e3a4047739d0d343d28dc75746209dd5070265523ec68dfdc199cf99cd9,8.25,3.099999999999966,3.1500000000000057,0.09999999999999432,0.4000000000000057
2026-09-16,CE,2026-09-16T08:07:00+00:00,2026-09-16T08:05:55.350547+00:00,2026-09-16T08:06:55.536680+00:00,60.186133,NIFTY|2026-09-22|23250|CE,052e4e3a4047739d0d343d28dc75746209dd5070265523ec68dfdc199cf99cd9,e75edfa6185a7ec0b8770fbe67530542d12730392c5ba198181b3840bfde09f9,-7.099999999998545,-4.249999999999972,-4.199999999999989,0.4000000000000057,0.30000000000001137
2026-09-16,CE,2026-09-16T08:11:00+00:00,2026-09-16T08:09:50.348607+00:00,2026-09-16T08:10:55.342611+00:00,64.994004,NIFTY|2026-09-22|23200|CE,1f241c7370356903e0342a05ba90ca3fe2a959f509bbc15fb2849fb4000d7a13,45ef40885d99c9c3f70b71c6369e2c1f0798272400b16b606139a4fdf5930c4d,-4.450000000000728,-2.0999999999999943,-1.75,0.15000000000000568,0.44999999999998863
2026-09-16,CE,2026-09-16T08:12:00+00:00,2026-09-16T08:10:55.342611+00:00,2026-09-16T08:11:55.344193+00:00,60.001582,NIFTY|2026-09-22|23200|CE,45ef40885d99c9c3f70b71c6369e2c1f0798272400b16b606139a4fdf5930c4d,f918b67538bedba1b8fe5c72128822e7fe044d0183c3514fcbd6cbe1c1a750c6,3.900000000001455,3.0000000000000284,2.700000000000017,0.44999999999998863,0.3499999999999943
2026-09-16,CE,2026-09-16T08:13:00+00:00,2026-09-16T08:11:55.344193+00:00,2026-09-16T08:12:55.350612+00:00,60.006419,NIFTY|2026-09-22|23200|CE,f918b67538bedba1b8fe5c72128822e7fe044d0183c3514fcbd6cbe1c1a750c6,bf18dbaaf1319756b24cc3984fec2f68981b0707f4887dc918e69ea783c2f9ec,-0.8500000000021828,-2.25,-1.9000000000000057,0.3499999999999943,0.3499999999999943
2026-09-16,CE,2026-09-16T08:15:00+00:00,2026-09-16T08:13:55.344972+00:00,2026-09-16T08:14:55.355173+00:00,60.010201,NIFTY|2026-09-22|23200|CE,9176e8740b66b68527fec955507d351892782382b6050c743f9c8c2331880645,75b0880e065b08a4591de60479b03593a3e4244296e0a572553979ae084e7f04,-3.0,-1.9749999999999943,-2.3999999999999773,0.45000000000001705,0.30000000000001137
2026-09-16,CE,2026-09-16T08:17:00+00:00,2026-09-16T08:15:55.338643+00:00,2026-09-16T08:16:55.359672+00:00,60.021029,NIFTY|2026-09-22|23200|CE,2549d6e51df0fb81a71204849908fe91eab262039bed55feaa983133105d5928,c6a3529c27c3eb7f55de6ade86f08323faf257b09e18e2a0d3e7d3fbf074209e,-4.150000000001455,-1.2250000000000227,-1.1500000000000057,0.4000000000000057,0.25
2026-09-16,CE,2026-09-16T08:21:00+00:00,2026-09-16T08:19:50.350398+00:00,2026-09-16T08:20:55.336865+00:00,64.986467,NIFTY|2026-09-22|23200|CE,252ec7c4a2dcde8f83165f62a83f041b64b4e216515f0f79376eff2b989290f8,7adf35588b9143f84e74022045d12d9dcce3abc724bb5bfd871f1d1cfe681392,-0.2000000000007276,-0.09999999999999432,0.25,0.44999999999998863,0.3499999999999943
2026-09-16,CE,2026-09-16T08:22:00+00:00,2026-09-16T08:20:55.336865+00:00,2026-09-16T08:21:55.594121+00:00,60.257256,NIFTY|2026-09-22|23200|CE,7adf35588b9143f84e74022045d12d9dcce3abc724bb5bfd871f1d1cfe681392,6863c81f98648cb29814b941e1db89117350fbb4b9deb40a9adca1c959a91940,1.8500000000021828,1.299999999999983,1.3499999999999943,0.3499999999999943,0.44999999999998863
2026-09-16,CE,2026-09-16T08:24:00+00:00,2026-09-16T08:22:55.343075+00:00,2026-09-16T08:23:55.356860+00:00,60.013785,NIFTY|2026-09-22|23200|CE,97395ab5f0c1ce4fd8c8504b730f52add3b5e0f258fa45b7209576b8e1d6a6eb,b8286d7a6de5d5b663f9328f1977888d0e606ff4fc95c9ca0023d8d90d116add,4.100000000002183,0.6500000000000057,0.25,0.44999999999998863,0.25
2026-09-16,CE,2026-09-16T08:28:00+00:00,2026-09-16T08:26:55.364156+00:00,2026-09-16T08:27:55.368792+00:00,60.004636,NIFTY|2026-09-22|23200|CE,0fa636c6a7e3f34e5abc4522f42327df6ef265454774b9ff22a1af8151d47389,0d28bdbe7e0dc52a52b3a00828b1ec88769c8c3b3cb102d48c6f94043c0e83a9,-2.5,0.14999999999997726,0.30000000000001137,0.05000000000001137,0.3499999999999943
2026-09-16,CE,2026-09-16T08:30:00+00:00,2026-09-16T08:28:55.347489+00:00,2026-09-16T08:29:55.532568+00:00,60.185079,NIFTY|2026-09-22|23200|CE,060b1a846b75ab93b645c8f16009b3f035b9486a3c68358d1304225074484493,b4d900052332e85f9bdfce71cdfa025670755f11af277d6056875736132943fd,0.5,1.575000000000017,1.5,0.3499999999999943,0.30000000000001137
2026-09-16,CE,2026-09-16T08:32:00+00:00,2026-09-16T08:30:55.343548+00:00,2026-09-16T08:31:55.348002+00:00,60.004454,NIFTY|2026-09-22|23250|CE,24e0aaeb93573fd20c1ff4c5a3976b63f670d3231e5273e948c319af2e0d9e30,53e7a228a845a90b8941cf1edb9e9afca1d4df9dfc69e394c45c5b63eb4c779d,5.399999999997817,3.75,3.6500000000000057,0.30000000000001137,0.39999999999997726
2026-09-16,CE,2026-09-16T08:34:00+00:00,2026-09-16T08:32:55.346805+00:00,2026-09-16T08:33:55.370265+00:00,60.02346,NIFTY|2026-09-22|23250|CE,d1b3edb1bbc9e3316a30aa6c5ef6555e86efb8176c3862c8f990dec620b23d80,a2023efc838d936e73d95e8077756519c25f6c852bf3cf5466a8476d9fa257e2,0.7000000000007276,-1.450000000000017,-0.8499999999999943,0.4000000000000057,0.30000000000001137
2026-09-16,CE,2026-09-16T08:36:00+00:00,2026-09-16T08:34:55.338290+00:00,2026-09-16T08:35:55.352633+00:00,60.014343,NIFTY|2026-09-22|23250|CE,f6f78451d69e787cf2c33e8a7e30039acc5b3a05870425eccf0d7a1d074a61ce,1e3ede38d4f1b2b2ad6260ef550d5c9f8cecdb58b0c2f7d39a62ee5bfb1aa7fa,0.3499999999985448,-0.7250000000000227,-0.14999999999997726,0.15000000000000568,0.39999999999997726
2026-09-16,CE,2026-09-16T08:38:00+00:00,2026-09-16T08:36:55.344507+00:00,2026-09-16T08:37:55.691627+00:00,60.34712,NIFTY|2026-09-22|23250|CE,f5d2d4e129690b9812548884bfeeabc61de578dd8d4cb1f311fab881674ac246,83c7ba604053529959f2af456fd6651c30367f684b3acb3bbf477eda60bf116e,-5.649999999997817,-4.4249999999999545,-4.75,0.15000000000000568,0.4000000000000057
2026-09-16,CE,2026-09-16T08:40:00+00:00,2026-09-16T08:38:55.345995+00:00,2026-09-16T08:39:55.354175+00:00,60.00818,NIFTY|2026-09-22|23200|CE,3d2f33668160a25c10d6a6ba388ff5d6c33b4a34bcc5918fa631ce71bd0e9cd8,b13e97157aeb3b6859166514f3cedd3a4497627b457ba6eb3a20177251eb4497,2.1999999999970896,0.15000000000000568,0.15000000000000568,0.44999999999998863,0.44999999999998863
2026-09-16,CE,2026-09-16T08:41:00+00:00,2026-09-16T08:39:55.354175+00:00,2026-09-16T08:40:55.523265+00:00,60.16909,NIFTY|2026-09-22|23200|CE,b13e97157aeb3b6859166514f3cedd3a4497627b457ba6eb3a20177251eb4497,ba26ff0a405a914d0563a9c538869ca3e5c9731f9f189bc627d5d25a561df8bd,-1.0,1.2750000000000057,0.9000000000000057,0.44999999999998863,0.30000000000001137
2026-09-16,CE,2026-09-16T08:43:00+00:00,2026-09-16T08:41:55.348166+00:00,2026-09-16T08:42:55.364238+00:00,60.016072,NIFTY|2026-09-22|23250|CE,c07dc23e1cb83068fa3c7d6354593a75c139411f2e758c9a49f8bbd63c5d0a47,722a12d9b9dbb54fe558e36eaba4b86b19d1053e3da702bcad0f07da925831c3,0.9000000000014552,0.5250000000000057,1.0999999999999943,0.35000000000002274,0.19999999999998863
2026-09-16,CE,2026-09-16T08:45:00+00:00,2026-09-16T08:43:55.344718+00:00,2026-09-16T08:44:55.350976+00:00,60.006258,NIFTY|2026-09-22|23250|CE,814e415664b33d3780d61d3564b0db3437a831324435cd4ff1c896373d57b479,22367866e56ed46737d6f62054ac4c6e6d9967ec2b3a53bc128f08d9ad94cf86,2.5499999999992724,3.0749999999999886,3.5,0.3499999999999943,0.4000000000000057
2026-09-16,CE,2026-09-16T08:46:00+00:00,2026-09-16T08:44:55.350976+00:00,2026-09-16T08:45:55.615726+00:00,60.26475,NIFTY|2026-09-22|23250|CE,22367866e56ed46737d6f62054ac4c6e6d9967ec2b3a53bc128f08d9ad94cf86,5793756cb24fbf860220b92010830354fe0d76cd5e7027db3ecd0e147fb80cbd,0.25,0.9750000000000227,0.700000000000017,0.4000000000000057,0.35000000000002274
2026-09-16,CE,2026-09-16T08:48:00+00:00,2026-09-16T08:46:50.344060+00:00,2026-09-16T08:47:55.337485+00:00,64.993425,NIFTY|2026-09-22|23250|CE,8b253bfcec1c28f218bcc307dc0b2a85c8160d25c917dc3f1cf804cde954e991,3229de67b870622e357f5bd1803a17c823523456b4e4c3c0b40a3ad9e71c5bf5,5.599999999998545,1.0500000000000114,1.3999999999999773,0.4000000000000057,0.4000000000000057
2026-09-16,CE,2026-09-16T08:49:00+00:00,2026-09-16T08:47:55.337485+00:00,2026-09-16T08:48:55.344074+00:00,60.006589,NIFTY|2026-09-22|23250|CE,3229de67b870622e357f5bd1803a17c823523456b4e4c3c0b40a3ad9e71c5bf5,d733afaea10d2282b5f6ceb44bc11128853bb565da54b5d0a90c28deaf95f4bb,1.9500000000007276,0.625,0.5500000000000114,0.4000000000000057,0.15000000000000568
2026-09-16,CE,2026-09-16T08:51:00+00:00,2026-09-16T08:49:55.343652+00:00,2026-09-16T08:50:55.352415+00:00,60.008763,NIFTY|2026-09-22|23250|CE,66ff77aaa1867902ec6071611686c12a69b3a8386d8fcef56655a2d381f3a248,4726558a0911d3b867a6fbdfcdb621c278f876673c82c08a414053daa28d9679,0.19999999999708962,-0.5249999999999773,-0.30000000000001137,0.3499999999999943,0.09999999999999432
2026-09-16,CE,2026-09-16T08:52:00+00:00,2026-09-16T08:50:55.352415+00:00,2026-09-16T08:51:55.355945+00:00,60.00353,NIFTY|2026-09-22|23250|CE,4726558a0911d3b867a6fbdfcdb621c278f876673c82c08a414053daa28d9679,3aa0fc3b2a605b53650ee4ae4b68cf71ad8d5f283d7a94fc44582c50d7678a74,2.5500000000029104,2.3000000000000114,2.5999999999999943,0.09999999999999432,0.4000000000000057
2026-09-16,CE,2026-09-16T08:54:00+00:00,2026-09-16T08:52:55.339545+00:00,2026-09-16T08:53:55.404553+00:00,60.065008,NIFTY|2026-09-22|23250|CE,34d8b6ec0acc8c3583109940c5bc668140c62ff38d97414db930c74543d2c7e8,a853eac8d1d4a6a8c745a88d0043447db6f75b4ce7664ad4aa600d3c5409234c,-1.6999999999970896,-0.32500000000001705,-0.25,0.3499999999999943,0.19999999999998863
2026-09-16,CE,2026-09-16T08:56:00+00:00,2026-09-16T08:54:50.357220+00:00,2026-09-16T08:55:55.342906+00:00,64.985686,NIFTY|2026-09-22|23250|CE,e9026a60ae623f4e4ed29b4717271c2803aae56c38979a16629c11616f4d36bf,3c2bed28f0e0979a22597fed9fcf0c6933bc2f3924e426e542dcecfa6bf2cf92,1.6500000000014552,-0.5750000000000455,-0.9499999999999886,0.3499999999999943,0.4000000000000057
2026-09-16,CE,2026-09-16T08:58:00+00:00,2026-09-16T08:56:55.342694+00:00,2026-09-16T08:57:55.349508+00:00,60.006814,NIFTY|2026-09-22|23250|CE,55a4062a3d5367ff02f0f04d3eee3fcc27b7963a4a8e81bf1d509f9b7f250d18,f3fa298ce7d6ef297a8e4d16daa95bc42e4600dc1fd633704caa8aedf7d42b23,-4.299999999999272,-1.0,-1.25,0.19999999999998863,0.30000000000001137
2026-09-16,CE,2026-09-16T09:00:00+00:00,2026-09-16T08:58:50.380678+00:00,2026-09-16T08:59:55.346170+00:00,64.965492,NIFTY|2026-09-22|23250|CE,7d4af830fdda02da3c4c2763f8c4b6a5cd5e8656339beb01479f81801a31b424,2facc5796f806056e995abd051676006fa113e33c03e640cb420ce09cdf3de32,3.9500000000007276,0.6250000000000284,0.5500000000000114,0.19999999999998863,0.3499999999999943
2026-09-16,CE,2026-09-16T09:01:00+00:00,2026-09-16T08:59:55.346170+00:00,2026-09-16T09:00:55.351138+00:00,60.004968,NIFTY|2026-09-22|23250|CE,2facc5796f806056e995abd051676006fa113e33c03e640cb420ce09cdf3de32,e2dbbf670fd406b84635d714b0fa0fe35ce508d5f2cdf3053ef9902fde075fb5,-1.7999999999992724,-2.025000000000034,-1.5500000000000114,0.3499999999999943,0.4000000000000057
2026-09-16,CE,2026-09-16T09:02:00+00:00,2026-09-16T09:00:55.351138+00:00,2026-09-16T09:01:55.556680+00:00,60.205542,NIFTY|2026-09-22|23250|CE,e2dbbf670fd406b84635d714b0fa0fe35ce508d5f2cdf3053ef9902fde075fb5,746e4957dfd43800bba1cd51ae1256ac85f7ef61a169067588cc2b5b13a2c680,-1.0999999999985448,-0.5749999999999886,-0.549999999999983,0.4000000000000057,0.35000000000002274
2026-09-16,CE,2026-09-16T09:04:00+00:00,2026-09-16T09:02:55.342174+00:00,2026-09-16T09:03:55.346653+00:00,60.004479,NIFTY|2026-09-22|23250|CE,1422e6285360a9258879685665840977807360380709972d3706f2bf225e8a2a,961b7e4cc55b7034307ec40f91947f49b6acbb1a99015f5b7b1d7643e618459e,0.25,-1.424999999999983,-1.8499999999999943,0.44999999999998863,0.4000000000000057
2026-09-16,CE,2026-09-16T09:05:00+00:00,2026-09-16T09:03:55.346653+00:00,2026-09-16T09:04:55.349635+00:00,60.002982,NIFTY|2026-09-22|23250|CE,961b7e4cc55b7034307ec40f91947f49b6acbb1a99015f5b7b1d7643e618459e,ec91c91d21fff91df9a690230355390fef6a9db6e782d1c4ada2a3658f3cec1e,-1.5,0.0,-0.20000000000001705,0.4000000000000057,0.4000000000000057
2026-09-16,CE,2026-09-16T09:07:00+00:00,2026-09-16T09:05:55.334533+00:00,2026-09-16T09:06:55.375472+00:00,60.040939,NIFTY|2026-09-22|23250|CE,aeb738c7f75bd7ccf58e2d682ea3d3db796b43eb6c71df08111d10335b990ca9,b3414118af08108ce2f9187fab498965510995eb34a066b102e57dd610ffe73e,-1.7999999999992724,-0.44999999999998863,-0.75,0.4000000000000057,0.39999999999997726
2026-09-16,CE,2026-09-16T09:12:00+00:00,2026-09-16T09:10:50.593667+00:00,2026-09-16T09:11:55.350114+00:00,64.756447,NIFTY|2026-09-22|23250|CE,4fd6f26c7e0c8ae9765cea986a9970c5d9a5e1c6d3748e9d473b095a6f817f98,96313d4b1c2afba4557b50c4b8b263132c898cea21e37f655364ad2ef0a70635,4.05000000000291,-0.22499999999999432,-0.6500000000000057,0.39999999999997726,0.05000000000001137
2026-09-16,CE,2026-09-16T09:14:00+00:00,2026-09-16T09:12:50.343560+00:00,2026-09-16T09:13:55.342422+00:00,64.998862,NIFTY|2026-09-22|23250|CE,4ec9dfbbaa08b2d5cca85aedff63cd201b475ed9908f9a442bf0826f38cc9fcc,e73d34ac48adef3732e6d9f69c8712ecab4e704d6118ba7df1630945f403dfa9,3.099999999998545,-0.125,-0.09999999999999432,0.3499999999999943,0.4000000000000057
2026-09-16,CE,2026-09-16T09:15:00+00:00,2026-09-16T09:13:55.342422+00:00,2026-09-16T09:14:55.367000+00:00,60.024578,NIFTY|2026-09-22|23250|CE,e73d34ac48adef3732e6d9f69c8712ecab4e704d6118ba7df1630945f403dfa9,dd5143da257741142b5a752e3c36bb763c07e08eb86c4b07c9b4a476b837e63d,3.2000000000007276,1.6750000000000114,1.5500000000000114,0.4000000000000057,0.25
2026-09-16,CE,2026-09-16T09:16:00+00:00,2026-09-16T09:14:55.367000+00:00,2026-09-16T09:15:55.554586+00:00,60.187586,NIFTY|2026-09-22|23250|CE,dd5143da257741142b5a752e3c36bb763c07e08eb86c4b07c9b4a476b837e63d,fd94eee7efe49259ff3952cdd9b59af65a0163d556f321efe634fc7c0f767643,2.9500000000007276,0.6500000000000057,0.5999999999999943,0.25,0.05000000000001137
2026-09-16,CE,2026-09-16T09:18:00+00:00,2026-09-16T09:16:55.353391+00:00,2026-09-16T09:17:55.704459+00:00,60.351068,NIFTY|2026-09-22|23250|CE,2cb7d8a0fbd214ad682e067622b8fcc18425a04c2cc1dafc6a02bbe0a494d19f,a86c7e40c6d9737cb76f182df9999a1c499556a888574f13d36dc5b2385d10f7,-0.049999999999272404,0.39999999999997726,0.799999999999983,0.4000000000000057,0.39999999999997726
2026-09-16,CE,2026-09-16T09:21:00+00:00,2026-09-16T09:19:55.344019+00:00,2026-09-16T09:20:55.366160+00:00,60.022141,NIFTY|2026-09-22|23250|CE,c673062dc1b3c34713244656662780318418dda1ccfcaaa2d9c6332be4a25e60,0c7e9e39450523a645a1cb3118f8cae2f1309529e3677d46e855908673593ee5,3.7000000000007276,1.650000000000034,1.6500000000000057,0.4000000000000057,0.4000000000000057
2026-09-16,CE,2026-09-16T09:22:00+00:00,2026-09-16T09:20:55.366160+00:00,2026-09-16T09:21:55.369874+00:00,60.003714,NIFTY|2026-09-22|23250|CE,0c7e9e39450523a645a1cb3118f8cae2f1309529e3677d46e855908673593ee5,740d553a7586f20b7c361da10feb80f2f451fa99afa1432e6e47fc87b550d1d9,-3.4500000000007276,-2.6000000000000227,-2.0500000000000114,0.4000000000000057,0.39999999999997726
2026-09-16,CE,2026-09-16T09:25:00+00:00,2026-09-16T09:23:55.348537+00:00,2026-09-16T09:24:55.348599+00:00,60.000062,NIFTY|2026-09-22|23250|CE,2ce31e63857992222f61a86ddb07fecf75b4f8384b0057425229e9fec31411ac,a24eb45fe16d8991e40735fa46aeb685e40b685d2ff52300c2f6a0ef79393d09,-1.2000000000007276,-1.5249999999999773,-1.6999999999999886,0.39999999999997726,0.15000000000000568
2026-09-16,CE,2026-09-16T09:26:00+00:00,2026-09-16T09:24:55.348599+00:00,2026-09-16T09:25:55.350024+00:00,60.001425,NIFTY|2026-09-22|23250|CE,a24eb45fe16d8991e40735fa46aeb685e40b685d2ff52300c2f6a0ef79393d09,88e128e21340bea133ac364594f96c4c5f930d13d5769d7e282973fd2791b87a,4.299999999999272,1.5749999999999886,1.25,0.15000000000000568,0.20000000000001705
2026-09-16,CE,2026-09-16T09:28:00+00:00,2026-09-16T09:26:55.343141+00:00,2026-09-16T09:27:55.347900+00:00,60.004759,NIFTY|2026-09-22|23250|CE,3f43df8b1161bb6d9653ccb65fb39856adc2edadc7458c229508003b1824561e,28e49443df04b9c2607bd8bd65a95b125295d4b83456474cd0c14bfe1101a5d0,6.950000000000728,3.0749999999999886,2.75,0.3499999999999943,0.4000000000000057
2026-09-16,CE,2026-09-16T09:29:00+00:00,2026-09-16T09:27:55.347900+00:00,2026-09-16T09:28:55.353868+00:00,60.005968,NIFTY|2026-09-22|23250|CE,28e49443df04b9c2607bd8bd65a95b125295d4b83456474cd0c14bfe1101a5d0,7a80840c8a5192b1dd6c38250b6e4b799d889987a473f8b5819e0004668e6198,-11.5,-8.050000000000011,-7.299999999999983,0.4000000000000057,0.39999999999997726
2026-09-16,CE,2026-09-16T09:33:00+00:00,2026-09-16T09:31:55.338816+00:00,2026-09-16T09:32:55.588948+00:00,60.250132,NIFTY|2026-09-22|23250|CE,45c0b22315aa401886c00226db458d360ab6348c0a8e9481c4292a0e22c1ef80,f4d7fc4a3dea9885001bee620e857551def62dfefe9cad704912d5daf3dd3e65,2.400000000001455,1.8249999999999886,2.1999999999999886,0.25,0.4000000000000057
2026-09-16,CE,2026-09-16T09:35:00+00:00,2026-09-16T09:33:55.337573+00:00,2026-09-16T09:34:55.344330+00:00,60.006757,NIFTY|2026-09-22|23250|CE,b0582a52f8a2bb34daf2e5567c3259aeae3926df550d168abed7c10c0e7bae10,e969bb82c5c33c8954db298edc200ca111d5a9c419c8637e057d3752dc578e69,0.6000000000021828,-0.8499999999999943,-1.25,0.30000000000001137,0.29999999999998295
2026-09-16,CE,2026-09-16T09:36:00+00:00,2026-09-16T09:34:55.344330+00:00,2026-09-16T09:35:55.345984+00:00,60.001654,NIFTY|2026-09-22|23250|CE,e969bb82c5c33c8954db298edc200ca111d5a9c419c8637e057d3752dc578e69,cd792478ea33c2e201c6a9dddd125c21eadeed9a4ce721a78e1d8fc8f7520cbf,-0.5500000000029104,-2.1750000000000114,-2.5,0.29999999999998295,0.35000000000002274
2026-09-16,CE,2026-09-16T09:39:00+00:00,2026-09-16T09:37:55.346892+00:00,2026-09-16T09:38:55.372356+00:00,60.025464,NIFTY|2026-09-22|23250|CE,be2a67d97c44dde6d097a87026bbc3e1251b96deeaadbc49d8f938fc93281b79,b2b0d69e214a01f20295774b3c8fa04331528fef71f446e52b3c6528c9ffde1c,-0.9000000000014552,-1.099999999999966,-1.0999999999999943,0.3499999999999943,0.25
2026-09-16,CE,2026-09-16T09:41:00+00:00,2026-09-16T09:39:50.348054+00:00,2026-09-16T09:40:55.330891+00:00,64.982837,NIFTY|2026-09-22|23250|CE,2bb1d8cd09a7f257f3939650048257be0230181216abf13145eaba5b18267557,1d55b80caa0250aadd0fca0bab995bf1ad6dc2fcfd82d7ddd4080a3792186943,6.75,2.2750000000000057,2.3499999999999943,0.20000000000001705,0.25
2026-09-16,CE,2026-09-16T09:42:00+00:00,2026-09-16T09:40:55.330891+00:00,2026-09-16T09:41:55.354635+00:00,60.023744,NIFTY|2026-09-22|23250|CE,1d55b80caa0250aadd0fca0bab995bf1ad6dc2fcfd82d7ddd4080a3792186943,c4598d84f0241c2fa9f5b0f7d2bf085dc90633f05128f3b6a0be72b75e749226,-1.7999999999992724,-1.4499999999999886,-1.4000000000000057,0.25,0.25
2026-09-16,CE,2026-09-16T09:47:00+00:00,2026-09-16T09:45:50.341508+00:00,2026-09-16T09:46:55.332929+00:00,64.991421,NIFTY|2026-09-22|23200|CE,88f1c8b9e70ef4ad4af748a3cd459fa9a0bf876151af07abcdeb951a65e130cd,1ac51462dc7c27bdd341cb02610a635625c41970fe9acd9616a79f5be55218b2,0.0,0.0,-0.4000000000000057,0.44999999999998863,0.44999999999998863
2026-09-16,CE,2026-09-16T09:48:00+00:00,2026-09-16T09:46:55.332929+00:00,2026-09-16T09:47:55.348438+00:00,60.015509,NIFTY|2026-09-22|23200|CE,1ac51462dc7c27bdd341cb02610a635625c41970fe9acd9616a79f5be55218b2,e4265a1320fa71c03adfec9ab7b939f4339cd21477db2ca02fa0b63c8686b0a4,0.0,-0.549999999999983,-0.3499999999999943,0.44999999999998863,0.45000000000001705
2026-09-16,CE,2026-09-16T09:49:00+00:00,2026-09-16T09:47:55.348438+00:00,2026-09-16T09:48:55.496659+00:00,60.148221,NIFTY|2026-09-22|23200|CE,e4265a1320fa71c03adfec9ab7b939f4339cd21477db2ca02fa0b63c8686b0a4,3c0d7fbe416bfea666395b876d0396d5911f7a421d403366433dd9efb8fd98bf,0.0,-2.400000000000034,-2.25,0.45000000000001705,0.3499999999999943
2026-09-16,CE,2026-09-16T09:52:00+00:00,2026-09-16T09:50:55.339236+00:00,2026-09-16T09:51:55.366950+00:00,60.027714,NIFTY|2026-09-22|23200|CE,9e191fd650526ed8ac6d7d1e7bbc4a44361dc5c14f75561dca1ac694f200b65f,a089a022cee4f6de08bb1cda6c431675bfc74995e8bb485c266b83a75a0c3c5f,0.0,0.32499999999998863,-0.19999999999998863,0.44999999999998863,0.29999999999998295
2026-09-16,CE,2026-09-16T09:53:00+00:00,2026-09-16T09:51:55.366950+00:00,2026-09-16T09:52:55.394657+00:00,60.027707,NIFTY|2026-09-22|23200|CE,a089a022cee4f6de08bb1cda6c431675bfc74995e8bb485c266b83a75a0c3c5f,8aa09f344be40d94b0722669fe1dbf3ffe356c5e7e7c81d7bec9e207da4dd864,0.0,0.2750000000000057,0.44999999999998863,0.29999999999998295,0.44999999999998863
2026-09-16,CE,2026-09-16T09:55:00+00:00,2026-09-16T09:53:55.347957+00:00,2026-09-16T09:54:55.348011+00:00,60.000054,NIFTY|2026-09-22|23200|CE,9d5b58fd3f61a202bef0040bd141f3b28dd0b860f20bc0456df2190470319050,de7f3c3d7e2008acf3fcdbcd6b8598e7ee662032dbcfb7e5abc8df44db884c6b,0.0,-0.7750000000000057,-0.75,0.4000000000000057,0.44999999999998863
2026-09-16,CE,2026-09-16T09:56:00+00:00,2026-09-16T09:54:55.348011+00:00,2026-09-16T09:55:55.352049+00:00,60.004038,NIFTY|2026-09-22|23200|CE,de7f3c3d7e2008acf3fcdbcd6b8598e7ee662032dbcfb7e5abc8df44db884c6b,33682c0c15fe7c39529aca29ebc01e95f229573e0e7579b0ee7a0fef1f88b568,0.0,-0.9000000000000057,-1.0,0.44999999999998863,0.14999999999997726
2026-09-16,CE,2026-09-16T09:57:00+00:00,2026-09-16T09:55:55.352049+00:00,2026-09-16T09:56:55.587885+00:00,60.235836,NIFTY|2026-09-22|23200|CE,33682c0c15fe7c39529aca29ebc01e95f229573e0e7579b0ee7a0fef1f88b568,420c8bf5ea479969e00f3804b0ac59944edb90c1c87133da6e97baba8e3243af,0.0,-2.75,-3.1999999999999886,0.14999999999997726,0.25
2026-09-16,CE,2026-09-16T09:59:00+00:00,2026-09-16T09:57:50.357008+00:00,2026-09-16T09:58:55.352091+00:00,64.995083,NIFTY|2026-09-22|23200|CE,5a0c1aa378b430258fa9956ddeb6319f84519195e0b257975f1d36308ae69f4b,81d4c49c1c97fc3c4ba36185596319ddffe29dbd1e925d077b55d5674501227c,0.0,-3.9749999999999943,-3.5,0.44999999999998863,0.09999999999999432
2026-09-16,PE,2026-09-16T03:52:00+00:00,2026-09-16T03:50:50.453634+00:00,2026-09-16T03:51:55.336523+00:00,64.882889,NIFTY|2026-09-22|23250|PE,3aed3f548c930a19da22b03f73015483e915bac79da3ece25db32f0892168400,a50d8b3e65b35c757df2c3fb5c0701d6a681949a612ce00bdaf6ee1f4097d2aa,3.649999999997817,-0.17499999999995453,-0.9000000000000057,0.4000000000000057,0.3499999999999943
2026-09-16,PE,2026-09-16T03:53:00+00:00,2026-09-16T03:51:55.336523+00:00,2026-09-16T03:52:55.338758+00:00,60.002235,NIFTY|2026-09-22|23250|PE,a50d8b3e65b35c757df2c3fb5c0701d6a681949a612ce00bdaf6ee1f4097d2aa,c54bae742dacc7c5c6a669b424a2a4ebcf2a07f28c12200d191b863081e05326,5.450000000000728,-3.8750000000000284,-2.9000000000000057,0.3499999999999943,0.30000000000001137
2026-09-16,PE,2026-09-16T03:54:00+00:00,2026-09-16T03:52:55.338758+00:00,2026-09-16T03:53:55.348230+00:00,60.009472,NIFTY|2026-09-22|23250|PE,c54bae742dacc7c5c6a669b424a2a4ebcf2a07f28c12200d191b863081e05326,0d67083d5031a8d2729a6769ffc2de0268948a8d977ede2aa51b493e74ab1158,-5.549999999999272,5.575000000000017,5.150000000000006,0.30000000000001137,0.3499999999999943
2026-09-16,PE,2026-09-16T03:55:00+00:00,2026-09-16T03:53:55.348230+00:00,2026-09-16T03:54:55.349972+00:00,60.001742,NIFTY|2026-09-22|23250|PE,0d67083d5031a8d2729a6769ffc2de0268948a8d977ede2aa51b493e74ab1158,f15364e77641ddf2bbc973cdda1b84818e583b8945840f776296fb78bf742ac1,-14.900000000001455,5.175000000000011,4.849999999999994,0.3499999999999943,0.4000000000000057
2026-09-16,PE,2026-09-16T03:56:00+00:00,2026-09-16T03:54:55.349972+00:00,2026-09-16T03:55:55.354823+00:00,60.004851,NIFTY|2026-09-22|23250|PE,f15364e77641ddf2bbc973cdda1b84818e583b8945840f776296fb78bf742ac1,063842055d6d1c8dcafd3042d9667d6d7c59da16aeb16648d62943be6537bd32,-4.0,2.349999999999966,2.0999999999999943,0.4000000000000057,0.29999999999998295
2026-09-16,PE,2026-09-16T04:00:00+00:00,2026-09-16T03:58:50.542491+00:00,2026-09-16T03:59:55.360433+00:00,64.817942,NIFTY|2026-09-22|23200|PE,d6816eeb065f2f5d285caec8d360892ca62e4ae5f8eed83589d38635ebb61429,5ed4b6790d5070f0ad7ae9e231b4777c7fd85fe59d11f0c0523f837a7864dc69,4.200000000000728,0.6999999999999886,0.6999999999999886,0.4000000000000057,0.39999999999997726
2026-09-16,PE,2026-09-16T04:02:00+00:00,2026-09-16T04:00:50.366546+00:00,2026-09-16T04:01:55.339177+00:00,64.972631,NIFTY|2026-09-22|23200|PE,2f912ed04dbe61ceeec463a05de67eab7d407f46d37ddf58e4104ba2116ebc66,47c3ec5e57a53be312ce00d972bc2dfedef1ad46fe58c0b531965d4a3d343c23,3.100000000002183,-1.3499999999999943,-0.8499999999999943,0.09999999999999432,0.30000000000001137
2026-09-16,PE,2026-09-16T04:03:00+00:00,2026-09-16T04:01:55.339177+00:00,2026-09-16T04:02:55.344052+00:00,60.004875,NIFTY|2026-09-22|23200|PE,47c3ec5e57a53be312ce00d972bc2dfedef1ad46fe58c0b531965d4a3d343c23,3de0dcf16818c3c7beb35e7f6d3176afa3cca8cc009eb16c8f7387fdf1509d44,-13.100000000002183,4.924999999999983,5.0,0.30000000000001137,0.3499999999999943
2026-09-16,PE,2026-09-16T04:04:00+00:00,2026-09-16T04:02:55.344052+00:00,2026-09-16T04:03:55.349316+00:00,60.005264,NIFTY|2026-09-22|23200|PE,3de0dcf16818c3c7beb35e7f6d3176afa3cca8cc009eb16c8f7387fdf1509d44,250ec024e5e037cdffe7c137e443d12215fd273116e77e9d2989f29d742f8e75,18.650000000001455,-8.024999999999977,-8.150000000000006,0.3499999999999943,0.39999999999997726
2026-09-16,PE,2026-09-16T04:05:00+00:00,2026-09-16T04:03:55.349316+00:00,2026-09-16T04:04:55.498045+00:00,60.148729,NIFTY|2026-09-22|23200|PE,250ec024e5e037cdffe7c137e443d12215fd273116e77e9d2989f29d742f8e75,62096cee60e0f48aafe49ecd5239cb0f774e4f1c21c7c2f73801722722bab06e,17.149999999997817,-11.0,-10.849999999999994,0.39999999999997726,0.30000000000001137
2026-09-16,PE,2026-09-16T04:07:00+00:00,2026-09-16T04:05:50.346991+00:00,2026-09-16T04:06:55.346408+00:00,64.999417,NIFTY|2026-09-22|23200|PE,69a098b1d7ebd659282f8dc037ba631cbfa252fcafddc6681f1804b9f3cf5442,4a0f65c7148d5a0607550467b07aad20b2a8b6026cb44e99851eb50dd9b3a76a,0.1500000000014552,-1.049999999999983,-0.6500000000000057,0.15000000000000568,0.44999999999998863
2026-09-16,PE,2026-09-16T04:09:00+00:00,2026-09-16T04:07:55.341347+00:00,2026-09-16T04:08:55.369557+00:00,60.02821,NIFTY|2026-09-22|23150|PE,bb4f46f68db010f0e08182d21326b18172b865ef8557e61386cf4a9110923de4,63460092d6e5bb40ad3feadc42dd14903049ec7d41756e42d5935f302bb30b4d,-17.19999999999709,4.325000000000017,5.450000000000017,0.3499999999999943,0.30000000000001137
2026-09-16,PE,2026-09-16T04:11:00+00:00,2026-09-16T04:09:50.384363+00:00,2026-09-16T04:10:55.349424+00:00,64.965061,NIFTY|2026-09-22|23150|PE,6b89afecc169bdf65fd9fb781521c1346c80a4c3a0cbeb4f8c8308fdb9a244f4,014411a81429ea691206ae0fcd5dbf84e067fe38402214472c2bbd56b342d3d8,-9.450000000000728,1.525000000000034,1.450000000000017,0.29999999999998295,0.3499999999999943
2026-09-16,PE,2026-09-16T04:12:00+00:00,2026-09-16T04:10:55.349424+00:00,2026-09-16T04:11:55.354160+00:00,60.004736,NIFTY|2026-09-22|23150|PE,014411a81429ea691206ae0fcd5dbf84e067fe38402214472c2bbd56b342d3d8,cebc0d0ad7eae664ececc43e55948d7a96db8afc64a346c0a11d04f48b3194ac,-6.700000000000728,2.5749999999999886,1.4000000000000057,0.3499999999999943,0.09999999999999432
2026-09-16,PE,2026-09-16T04:13:00+00:00,2026-09-16T04:11:55.354160+00:00,2026-09-16T04:12:55.355347+00:00,60.001187,NIFTY|2026-09-22|23150|PE,cebc0d0ad7eae664ececc43e55948d7a96db8afc64a346c0a11d04f48b3194ac,5514d96ca5fcaf840dc24c4b3a510fc74985b443771a1e47ac02e77a1d6042fb,-1.8499999999985448,0.7749999999999773,1.5999999999999943,0.09999999999999432,0.3499999999999943
2026-09-16,PE,2026-09-16T04:17:00+00:00,2026-09-16T04:15:55.353436+00:00,2026-09-16T04:16:55.363594+00:00,60.010158,NIFTY|2026-09-22|23150|PE,8879f48681fcbd8eca559e3a74a69addc76ea79952c9c5ad7033e1a3cf750545,f96219424384a5d70f36cb45b09106d98df9066d956ad4115223c06224c8babb,10.400000000001455,-2.625,-2.1999999999999886,0.39999999999997726,0.35000000000002274
2026-09-16,PE,2026-09-16T04:20:00+00:00,2026-09-16T04:18:55.334564+00:00,2026-09-16T04:19:55.359073+00:00,60.024509,NIFTY|2026-09-22|23150|PE,a01d3b333f2f50246b728a52e7998be34b3defe5f22c15b783e2341760e2efee,c8fb25fa92fbe02b0d26ea85ae89cd00d70a96e54f9e763c7d5cc535dc2f3bcd,13.850000000002183,-8.0,-8.349999999999994,0.4000000000000057,0.4000000000000057
2026-09-16,PE,2026-09-16T04:22:00+00:00,2026-09-16T04:20:55.341289+00:00,2026-09-16T04:21:55.345612+00:00,60.004323,NIFTY|2026-09-22|23150|PE,534dedd38eddbac27dbd3fa9d3fa5d47fcf0e7faa5517cfc1e1574695e5eb871,1bbd4eb8099727081fd1bc34db53e2d2265934167e1bd7d0f0598ab832b0b2ad,1.6999999999970896,-0.9749999999999943,-1.25,0.19999999999998863,0.3499999999999943
2026-09-16,PE,2026-09-16T04:25:00+00:00,2026-09-16T04:23:50.414391+00:00,2026-09-16T04:24:55.359902+00:00,64.945511,NIFTY|2026-09-22|23200|PE,b6858871bf731027e4633c037d3fe2104c6837a229be2841edb9cffc55aa4e61,133510d43edfed489d713cb2bc39c7a0f281232008ca5554879bf0057dee195b,21.450000000000728,-10.274999999999977,-10.75,0.4000000000000057,0.25
2026-09-16,PE,2026-09-16T04:33:00+00:00,2026-09-16T04:31:50.350663+00:00,2026-09-16T04:32:55.337303+00:00,64.98664,NIFTY|2026-09-22|23200|PE,a0590727566153f05c16c6458459064ec1d52dc8b512473b4566938624b0eeda,b385ee3b62f207c363eec1de207c2ef9d521ae15187e65d7925f75cda2191c9b,-12.0,1.625,1.8499999999999943,0.25,0.4000000000000057
2026-09-16,PE,2026-09-16T04:34:00+00:00,2026-09-16T04:32:55.337303+00:00,2026-09-16T04:33:55.344982+00:00,60.007679,NIFTY|2026-09-22|23200|PE,b385ee3b62f207c363eec1de207c2ef9d521ae15187e65d7925f75cda2191c9b,537609ed43de4bc6468f5e0efcde91240948f15f71f5fac914d880f34e674f70,9.700000000000728,-1.8249999999999886,-1.6500000000000057,0.4000000000000057,0.44999999999998863
2026-09-16,PE,2026-09-16T04:35:00+00:00,2026-09-16T04:33:55.344982+00:00,2026-09-16T04:34:55.384005+00:00,60.039023,NIFTY|2026-09-22|23200|PE,537609ed43de4bc6468f5e0efcde91240948f15f71f5fac914d880f34e674f70,5f224db9e507715faa4d90791358341ff9ab0311b29a577772fe1cd993031f73,-16.5,5.449999999999989,4.949999999999989,0.44999999999998863,0.3499999999999943
2026-09-16,PE,2026-09-16T04:41:00+00:00,2026-09-16T04:39:55.357867+00:00,2026-09-16T04:40:55.362383+00:00,60.004516,NIFTY|2026-09-22|23200|PE,046d9b036a0248aedf9ab111e7e85b651f921ecd1cee12164566a0d002b1727f,b9e3a5abdd9fdac18d4960c3c49cb1514a50665d6a5958d2c429a1cbfbdb8fa5,7.049999999999272,-1.3500000000000227,-0.6999999999999886,0.4000000000000057,0.30000000000001137
2026-09-16,PE,2026-09-16T04:43:00+00:00,2026-09-16T04:41:55.360244+00:00,2026-09-16T04:42:55.364371+00:00,60.004127,NIFTY|2026-09-22|23200|PE,e8e020153d0de121288ec9f1bfbfe5e48383c9d433d86bace4359e130cc61b01,8e3e05ef05a994c37741152b2221a3bd5d337662b4d26a4a12463ca7bfd89c6c,13.400000000001455,-5.650000000000006,-6.25,0.30000000000001137,0.19999999999998863
2026-09-16,PE,2026-09-16T04:45:00+00:00,2026-09-16T04:43:55.360696+00:00,2026-09-16T04:44:55.379108+00:00,60.018412,NIFTY|2026-09-22|23200|PE,4b2395bf645c0003e2e4e7d60bca236614622edc690335606a98716f7fd0d382,12c3defa4ad7bcf873dd886346bdf41cb0a725082747311dda4796ce3abb90b6,-1.9499999999970896,1.9750000000000227,2.0,0.3499999999999943,0.4000000000000057
2026-09-16,PE,2026-09-16T04:47:00+00:00,2026-09-16T04:45:50.501839+00:00,2026-09-16T04:46:55.373218+00:00,64.871379,NIFTY|2026-09-22|23200|PE,86a3cd414e62195a3e5c95efa50bf691ebc47fdf8e9856fae0561b7d920409be,f376fcfcea682ec7f9a5ccb98e55c8ddd73cca5f56d0eeb6a9549a8ac1c6ee75,7.149999999997817,-2.0500000000000114,-1.5,0.3499999999999943,0.45000000000001705
2026-09-16,PE,2026-09-16T04:48:00+00:00,2026-09-16T04:46:55.373218+00:00,2026-09-16T04:47:55.475979+00:00,60.102761,NIFTY|2026-09-22|23200|PE,f376fcfcea682ec7f9a5ccb98e55c8ddd73cca5f56d0eeb6a9549a8ac1c6ee75,33850dca935a3a07186cabb48db2fe60275a143331ceb13ad50039ee58a57ab0,21.450000000000728,-10.675000000000011,-10.699999999999989,0.45000000000001705,0.39999999999997726
2026-09-16,PE,2026-09-16T04:50:00+00:00,2026-09-16T04:48:55.374835+00:00,2026-09-16T04:49:55.379968+00:00,60.005133,NIFTY|2026-09-22|23200|PE,5878c41897e9742660f11db24f22e8866eb82e5e959e90a73b8abf5137d51d3e,534827ca5aa8a21a2013315585b0bcb4d834d36d6ac0716a9c640a3e51ba48a6,-10.150000000001455,4.275000000000034,4.700000000000017,0.4000000000000057,0.3499999999999943
2026-09-16,PE,2026-09-16T04:53:00+00:00,2026-09-16T04:51:55.366369+00:00,2026-09-16T04:52:55.478188+00:00,60.111819,NIFTY|2026-09-22|23200|PE,d0ce8bb940b2d4e46584e5dce27ae909ebbe3e3671cf492e541e65f90976b0bd,a2702dbee20ef6347582fdf4c97efad95886ab0da0790e49842ff4a868c35043,6.94999999999709,-2.8249999999999886,-3.0999999999999943,0.39999999999997726,0.25
2026-09-16,PE,2026-09-16T05:00:00+00:00,2026-09-16T04:58:55.358624+00:00,2026-09-16T04:59:55.545453+00:00,60.186829,NIFTY|2026-09-22|23250|PE,24227c310eeda3aba474c2c9aea4e65580506fa93eb7338c64e1df6676323285,a30383d89707b4cdc66030ae16c538c41d37b0bc35a2ba6fb381797468edfd41,2.25,-1.5,-0.19999999999998863,0.39999999999997726,0.30000000000001137
2026-09-16,PE,2026-09-16T05:03:00+00:00,2026-09-16T05:01:55.338815+00:00,2026-09-16T05:02:55.476404+00:00,60.137589,NIFTY|2026-09-22|23250|PE,2fb84936996e2f2794d5a37d778c76c2354c79775be4d979921247c85e4137fe,70317b194e329c6997e3ff564c7a9d91edfbe963718d09db14ee793392cabed4,11.75,-5.949999999999989,-5.900000000000006,0.4000000000000057,0.4000000000000057
2026-09-16,PE,2026-09-16T05:05:00+00:00,2026-09-16T05:03:55.343498+00:00,2026-09-16T05:04:55.378794+00:00,60.035296,NIFTY|2026-09-22|23250|PE,8cdb78db84b72ca4158299b245d181e973cb49a1372cb9e59c4fd5e340dd0b64,f673950e4cabcc465a74ef37e3e6c4154a1b70dbca5fbb5f90a630ad15abc95c,13.700000000000728,-6.375,-6.650000000000006,0.29999999999998295,0.3499999999999943
2026-09-16,PE,2026-09-16T05:07:00+00:00,2026-09-16T05:05:50.348396+00:00,2026-09-16T05:06:55.339845+00:00,64.991449,NIFTY|2026-09-22|23250|PE,4bc3177fed5c9bd3450b11ca77d069fe3276a7e0147ec0e01a7b461ce66456e5,52bcd0bbea574cb7b2517a3c796941a960fa389756306d275ec6221597abf926,2.25,0.5,0.30000000000001137,0.3499999999999943,0.3499999999999943
2026-09-16,PE,2026-09-16T05:08:00+00:00,2026-09-16T05:06:55.339845+00:00,2026-09-16T05:07:55.342901+00:00,60.003056,NIFTY|2026-09-22|23250|PE,52bcd0bbea574cb7b2517a3c796941a960fa389756306d275ec6221597abf926,1eb3c8bbfd2e82a576fbcbf69793f5c2b639e3ae0d184d475497e38c2141cd05,-18.599999999998545,7.450000000000017,7.099999999999994,0.3499999999999943,0.44999999999998863
2026-09-16,PE,2026-09-16T05:10:00+00:00,2026-09-16T05:08:55.339134+00:00,2026-09-16T05:09:55.339808+00:00,60.000674,NIFTY|2026-09-22|23250|PE,29f69eb9efc43914d204ad28a5db89503d6ea018a170030dad13418e92843007,1455550549b473bfe9afaa860f69e857736261f4d61071c5a262a622784128fe,3.9500000000007276,-1.4750000000000227,-1.6500000000000057,0.3499999999999943,0.30000000000001137
2026-09-16,PE,2026-09-16T05:11:00+00:00,2026-09-16T05:09:55.339808+00:00,2026-09-16T05:10:55.343699+00:00,60.003891,NIFTY|2026-09-22|23250|PE,1455550549b473bfe9afaa860f69e857736261f4d61071c5a262a622784128fe,ccf81468cc407ac5f8863507b8b558f0065a0889df44319e3d14186c78a7b2e0,3.9500000000007276,-1.4250000000000114,-1.0999999999999943,0.30000000000001137,0.15000000000000568
2026-09-16,PE,2026-09-16T05:12:00+00:00,2026-09-16T05:10:55.343699+00:00,2026-09-16T05:11:55.354374+00:00,60.010675,NIFTY|2026-09-22|23250|PE,ccf81468cc407ac5f8863507b8b558f0065a0889df44319e3d14186c78a7b2e0,61a12837c60072bf7976b39ff97c050c87718c44ead3e8b2493888442554c47d,0.75,0.950000000000017,1.1500000000000057,0.15000000000000568,0.44999999999998863
2026-09-16,PE,2026-09-16T05:13:00+00:00,2026-09-16T05:11:55.354374+00:00,2026-09-16T05:12:55.687795+00:00,60.333421,NIFTY|2026-09-22|23250|PE,61a12837c60072bf7976b39ff97c050c87718c44ead3e8b2493888442554c47d,aa3c6fa14d67fabdf10858aa66273711a210d243e27207ca46410875dd381024,-4.599999999998545,0.09999999999999432,-0.4000000000000057,0.44999999999998863,0.25
2026-09-16,PE,2026-09-16T05:15:00+00:00,2026-09-16T05:13:55.343623+00:00,2026-09-16T05:14:55.345590+00:00,60.001967,NIFTY|2026-09-22|23250|PE,fcfb494158449f74c8654f8bd91dce10be32e13429f632842a756699b38c36f9,464b16d094d2ae25ca84d805a9a2f04b10d79b12de9073c6878b88c262e53419,3.649999999997817,-2.5250000000000057,-1.75,0.35000000000002274,0.19999999999998863
2026-09-16,PE,2026-09-16T05:16:00+00:00,2026-09-16T05:14:55.345590+00:00,2026-09-16T05:15:55.869924+00:00,60.524334,NIFTY|2026-09-22|23250|PE,464b16d094d2ae25ca84d805a9a2f04b10d79b12de9073c6878b88c262e53419,5a5a46b4c2742100eadbfe41d23d0f946f02b4e852174dee50eb489671b3fd4d,-0.9499999999970896,1.6250000000000284,1.5,0.19999999999998863,0.3499999999999943
2026-09-16,PE,2026-09-16T05:18:00+00:00,2026-09-16T05:16:55.344243+00:00,2026-09-16T05:17:55.344900+00:00,60.000657,NIFTY|2026-09-22|23250|PE,4fc5ba4bf0c32a70635869d374f1a8cf0a8d772530b0b8cc7d9b993df159954c,69e691fbefd063528d09e1d000fde69a48e589502be0054f3360c416f3adc79e,0.3500000000021828,-0.17500000000001137,-0.5999999999999943,0.15000000000000568,0.4000000000000057
2026-09-16,PE,2026-09-16T05:20:00+00:00,2026-09-16T05:18:50.388313+00:00,2026-09-16T05:19:55.337097+00:00,64.948784,NIFTY|2026-09-22|23250|PE,f27ecae784e55f9c32c6601f76314699073e217e1b78935b7305362b2a183309,cca5a0dca68a29209fe49cc043ebf90fa0471a155a1ce5f424abfa4cf66b83dd,6.600000000002183,-4.050000000000011,-3.6500000000000057,0.3499999999999943,0.45000000000001705
2026-09-16,PE,2026-09-16T05:21:00+00:00,2026-09-16T05:19:55.337097+00:00,2026-09-16T05:20:55.345265+00:00,60.008168,NIFTY|2026-09-22|23250|PE,cca5a0dca68a29209fe49cc043ebf90fa0471a155a1ce5f424abfa4cf66b83dd,80a9a46d2b08114e55c9aee5ecd1917966564f210473c0fe5d665e432dd1420d,-14.600000000002183,7.974999999999966,8.25,0.45000000000001705,0.4000000000000057
2026-09-16,PE,2026-09-16T05:22:00+00:00,2026-09-16T05:20:55.345265+00:00,2026-09-16T05:21:55.352809+00:00,60.007544,NIFTY|2026-09-22|23250|PE,80a9a46d2b08114e55c9aee5ecd1917966564f210473c0fe5d665e432dd1420d,0e858da7fadfa2856b1bc5bbb7abcab6eca0862205d59c8f3e0d2d12d5e1aca3,8.850000000002183,-4.324999999999989,-4.550000000000011,0.4000000000000057,0.3499999999999943
2026-09-16,PE,2026-09-16T05:24:00+00:00,2026-09-16T05:22:55.343479+00:00,2026-09-16T05:23:55.348572+00:00,60.005093,NIFTY|2026-09-22|23250|PE,ff95f5205810508545c82fb78503c1c8ebf0f4b977002795ff89cb539c72a921,9290462c50bf3c7d778d883df0956250b559e0b0582fbac4aadf60b82e644678,-12.900000000001455,6.175000000000011,5.050000000000011,0.25,0.39999999999997726
2026-09-16,PE,2026-09-16T05:32:00+00:00,2026-09-16T05:30:55.386085+00:00,2026-09-16T05:31:55.624089+00:00,60.238004,NIFTY|2026-09-22|23250|PE,00a004bab9e8ba734b18b4122fb97a77859752a29a3476367c4aa11c1627c412,29aad886a7076996a996c330f9bcf20260fad412442cce99411ea38383fca158,9.399999999997817,-3.1999999999999886,-1.5,0.15000000000000568,0.35000000000002274
2026-09-16,PE,2026-09-16T05:37:00+00:00,2026-09-16T05:35:55.360844+00:00,2026-09-16T05:36:55.493072+00:00,60.132228,NIFTY|2026-09-22|23250|PE,f4b57d23f186c22507ef4d803165bc94b54b9dd6c165cb233f87cb1de1212377,c50ad5b39205822003d1f2860abeceae6a49686040f6f6ff0782f05f83ef84aa,-2.25,2.5500000000000114,2.5500000000000114,0.3499999999999943,0.3499999999999943
2026-09-16,PE,2026-09-16T05:39:00+00:00,2026-09-16T05:37:55.366071+00:00,2026-09-16T05:38:55.433552+00:00,60.067481,NIFTY|2026-09-22|23250|PE,3786079537c0cd74d053e21cfec83e691508a63a66b4c69fc564a482f96816c3,b73001cf904036d55d02937068534a25696650e2bf55c7faed9dd5c4a27a3317,6.0,-2.6499999999999773,-2.3499999999999943,0.3499999999999943,0.25
2026-09-16,PE,2026-09-16T05:41:00+00:00,2026-09-16T05:39:55.344064+00:00,2026-09-16T05:40:55.353291+00:00,60.009227,NIFTY|2026-09-22|23250|PE,bdc09b7809266f006d1f8bf43c97627e4ccbb39064a5f1830cf00464d6f0d760,c1a2889bb028282812d89816eea8568bad97aa7c1931f55ab55d66568a07f7b1,3.899999999997817,-2.3249999999999886,-2.0,0.25,0.29999999999998295
2026-09-16,PE,2026-09-16T05:42:00+00:00,2026-09-16T05:40:55.353291+00:00,2026-09-16T05:41:55.438253+00:00,60.084962,NIFTY|2026-09-22|23250|PE,c1a2889bb028282812d89816eea8568bad97aa7c1931f55ab55d66568a07f7b1,cad7a49e2ffaab5a381419658c10f7a105b946f77e1106b811b87a14e2481676,-3.099999999998545,0.5749999999999886,0.6499999999999773,0.29999999999998295,0.14999999999997726
2026-09-16,PE,2026-09-16T05:44:00+00:00,2026-09-16T05:42:55.350617+00:00,2026-09-16T05:43:55.354256+00:00,60.003639,NIFTY|2026-09-22|23250|PE,1b246dfc94f3965f52dcc6679c6c8eecc9433e5dddafe9f260570c203fc8d6b0,525934af4aa7443c0cf3d1d34415f1d775b2e4957aa8d46f791a546d7c818c9a,-7.350000000002183,4.500000000000028,4.100000000000023,0.25,0.3499999999999943
2026-09-16,PE,2026-09-16T05:46:00+00:00,2026-09-16T05:44:55.331828+00:00,2026-09-16T05:45:55.372063+00:00,60.040235,NIFTY|2026-09-22|23250|PE,8f20ece680acc39da826348eefe10c43185cadf52644066d8577b757616290a1,f90859536ecebcaf8ba7114892d27d9d7c3c9d87725478279a2a25b044827c2c,8.100000000002183,-4.625,-4.900000000000006,0.20000000000001705,0.3499999999999943
2026-09-16,PE,2026-09-16T05:47:00+00:00,2026-09-16T05:45:55.372063+00:00,2026-09-16T05:46:55.554092+00:00,60.182029,NIFTY|2026-09-22|23250|PE,f90859536ecebcaf8ba7114892d27d9d7c3c9d87725478279a2a25b044827c2c,09539eb528e8c00b6a38cbc9fd1d495b07f7ff3053ae7109e3dfff59952d0efe,5.549999999999272,-1.6750000000000114,-1.0500000000000114,0.3499999999999943,0.30000000000001137
2026-09-16,PE,2026-09-16T05:49:00+00:00,2026-09-16T05:47:50.462944+00:00,2026-09-16T05:48:55.359229+00:00,64.896285,NIFTY|2026-09-22|23250|PE,74596e71f198bd6c9aca970d6e8e1e522b9c0c52adee6a2663f30cfa65da2bcf,c5032a6eef8956b008cccb6f50f5f5fb2016acd1fdc10116adbce13395bd9372,-2.599999999998545,2.5250000000000057,2.5500000000000114,0.35000000000002274,0.30000000000001137
2026-09-16,PE,2026-09-16T05:50:00+00:00,2026-09-16T05:48:55.359229+00:00,2026-09-16T05:49:55.369118+00:00,60.009889,NIFTY|2026-09-22|23250|PE,c5032a6eef8956b008cccb6f50f5f5fb2016acd1fdc10116adbce13395bd9372,c1f4d26defc3501b083c4cc9ba3163ab3b6f23f9b028e758532f3418423646a8,-7.100000000002183,3.674999999999983,3.5500000000000114,0.30000000000001137,0.45000000000001705
2026-09-16,PE,2026-09-16T05:51:00+00:00,2026-09-16T05:49:55.369118+00:00,2026-09-16T05:50:55.584163+00:00,60.215045,NIFTY|2026-09-22|23250|PE,c1f4d26defc3501b083c4cc9ba3163ab3b6f23f9b028e758532f3418423646a8,8e89c79e2a5b573dea6bd2a11f16e636d4ea4654950d888881813e7330d52398,-8.099999999998545,3.125,3.1999999999999886,0.45000000000001705,0.4000000000000057
2026-09-16,PE,2026-09-16T05:53:00+00:00,2026-09-16T05:51:55.369734+00:00,2026-09-16T05:52:55.506274+00:00,60.13654,NIFTY|2026-09-22|23250|PE,872c2798f8caf678e30d1f0a469c8943be3ba51459cad397d01e71b5257c152d,fd5a4d156087c448432019710474367a40086d7ff69c4aa73bcbb3953416c52d,12.0,-6.4500000000000455,-6.200000000000017,0.3499999999999943,0.3499999999999943
2026-09-16,PE,2026-09-16T05:55:00+00:00,2026-09-16T05:53:55.369724+00:00,2026-09-16T05:54:55.399304+00:00,60.02958,NIFTY|2026-09-22|23250|PE,e9d0c0d19b3c9b74461af64a7d424fca2d48df8f70db9014c13a3bf238e57bf2,20c1bdb55d0a882b36c957c65521a1fe3aac8c61aa5865f1b095d82f2b9260f5,-13.149999999997817,6.450000000000017,7.150000000000006,0.25,0.3499999999999943
2026-09-16,PE,2026-09-16T05:57:00+00:00,2026-09-16T05:55:55.395100+00:00,2026-09-16T05:56:55.462827+00:00,60.067727,NIFTY|2026-09-22|23250|PE,8b827f2c5c5106da88237d03db91fae73844e77aa960fb131706e43b868c3b14,c286f37489fe61d3faed180dac92d4834e41e75e5a701026054f05f09520b248,-6.0,2.025000000000034,2.0999999999999943,0.4000000000000057,0.3499999999999943
2026-09-16,PE,2026-09-16T05:58:00+00:00,2026-09-16T05:56:55.462827+00:00,2026-09-16T05:57:55.579222+00:00,60.116395,NIFTY|2026-09-22|23250|PE,c286f37489fe61d3faed180dac92d4834e41e75e5a701026054f05f09520b248,cf5371bb09fdbc82b8a809509d0c17a81fb81ebd8aca85d1c71388dab01b787b,-3.5499999999992724,0.9749999999999659,0.10000000000002274,0.3499999999999943,0.4000000000000057
2026-09-16,PE,2026-09-16T06:02:00+00:00,2026-09-16T06:00:55.351146+00:00,2026-09-16T06:01:55.469523+00:00,60.118377,NIFTY|2026-09-22|23250|PE,f23cbd2ba913728da35f477ec6f4ea8dab36168bdd0aa231c8ffbab16d693b67,adf60bed177316f2e755bb87ff88fae0a91823bb89be21e0442cac67c37066e6,0.75,-1.575000000000017,-1.6000000000000227,0.25,0.30000000000001137
2026-09-16,PE,2026-09-16T06:04:00+00:00,2026-09-16T06:02:50.548415+00:00,2026-09-16T06:03:55.344897+00:00,64.796482,NIFTY|2026-09-22|23250|PE,c8ea9512f2bd274a7c47a61b56752cca8d07da8840d15414ecd42c89aa5d3afa,61761741f5658a503a444859a1ceff70c497fdb3d879f7037e5812c03b7a3d28,-1.7000000000007276,2.9000000000000057,2.6500000000000057,0.19999999999998863,0.29999999999998295
2026-09-16,PE,2026-09-16T06:09:00+00:00,2026-09-16T06:07:55.345120+00:00,2026-09-16T06:08:55.348400+00:00,60.00328,NIFTY|2026-09-22|23250|PE,7cd313f835ae298904e2d33e8392df40dd2a2a1acb5363c16f519c7faeba7a55,3c05f03087336b1ef40ae1c5c06dfd7ac34906a69623246dc1599018875813d3,12.850000000002183,-3.974999999999966,-3.6999999999999886,0.4000000000000057,0.15000000000000568
2026-09-16,PE,2026-09-16T06:10:00+00:00,2026-09-16T06:08:55.348400+00:00,2026-09-16T06:09:55.368040+00:00,60.01964,NIFTY|2026-09-22|23250|PE,3c05f03087336b1ef40ae1c5c06dfd7ac34906a69623246dc1599018875813d3,6d971baf9ff75879adaf72aad0403eb45a6cfc2b6b1f9e79741635bee997b865,-4.450000000000728,1.2749999999999773,1.0,0.15000000000000568,0.4000000000000057
2026-09-16,PE,2026-09-16T06:11:00+00:00,2026-09-16T06:09:55.368040+00:00,2026-09-16T06:10:55.368850+00:00,60.00081,NIFTY|2026-09-22|23250|PE,6d971baf9ff75879adaf72aad0403eb45a6cfc2b6b1f9e79741635bee997b865,23d0069b958436d15f6be9469cc6565b7235b95ff85960773ec224bfef7cff0c,1.8999999999978172,-2.224999999999966,-1.8499999999999943,0.4000000000000057,0.3499999999999943
2026-09-16,PE,2026-09-16T06:13:00+00:00,2026-09-16T06:11:55.353118+00:00,2026-09-16T06:12:55.495078+00:00,60.14196,NIFTY|2026-09-22|23250|PE,e6c2062a4a1d63bebb9e3cd6771ae4852482516aacfec798aee8aed51c8326a5,1370a6ba304d75ca4430a2c328e0a808821fbf8c49d823f1b49163d231a23908,-0.75,1.4499999999999886,1.25,0.35000000000002274,0.3499999999999943
2026-09-16,PE,2026-09-16T06:15:00+00:00,2026-09-16T06:13:50.351251+00:00,2026-09-16T06:14:55.344302+00:00,64.993051,NIFTY|2026-09-22|23250|PE,93ea85c6c639c967069eb8a7aebe49e23d1a49fc1703a5dfea87243300e5bd10,89c1f28fcee09edfcc890abc882a9604f3627d5bce11e06584e1e8b4e6860682,0.1500000000014552,0.5250000000000341,0.8500000000000227,0.4000000000000057,0.3499999999999943
2026-09-16,PE,2026-09-16T06:16:00+00:00,2026-09-16T06:14:55.344302+00:00,2026-09-16T06:15:55.351992+00:00,60.00769,NIFTY|2026-09-22|23250|PE,89c1f28fcee09edfcc890abc882a9604f3627d5bce11e06584e1e8b4e6860682,85088b0da2861eaa8671bc06ea43d1ad8ca2b8017feb085b8cd69da2874e9f29,-5.799999999999272,4.474999999999966,4.149999999999977,0.3499999999999943,0.4000000000000057
2026-09-16,PE,2026-09-16T06:17:00+00:00,2026-09-16T06:15:55.351992+00:00,2026-09-16T06:16:55.363551+00:00,60.011559,NIFTY|2026-09-22|23250|PE,85088b0da2861eaa8671bc06ea43d1ad8ca2b8017feb085b8cd69da2874e9f29,18fc53155c492001336c82f8b16ba32f16769044517b15d039ba8801f82a9eb9,-2.100000000002183,-1.1499999999999773,-0.75,0.4000000000000057,0.39999999999997726
2026-09-16,PE,2026-09-16T06:19:00+00:00,2026-09-16T06:17:55.348236+00:00,2026-09-16T06:18:55.355137+00:00,60.006901,NIFTY|2026-09-22|23200|PE,1bdfe636f6d452fec074dba9723216c6a0205c14bebf819d79d1352248d1f602,cc342141fccf099551aa20873a594a8113d33abedae0c59aadfe64e2d0ab9fda,0.2000000000007276,-0.024999999999977263,0.0,0.25,0.09999999999999432
2026-09-16,PE,2026-09-16T06:21:00+00:00,2026-09-16T06:19:55.367969+00:00,2026-09-16T06:20:55.473566+00:00,60.105597,NIFTY|2026-09-22|23250|PE,391fb587c00df0af7ae7958461fcf83f0d35a20193ddf19d99f28ca62b262876,a68d795cd4a4a5955985e6b881a83532c0c7942af4daf0233185fb8ef480b7e7,12.600000000002183,-4.175000000000011,-4.199999999999989,0.25,0.10000000000002274
2026-09-16,PE,2026-09-16T06:22:00+00:00,2026-09-16T06:20:55.473566+00:00,2026-09-16T06:21:55.659322+00:00,60.185756,NIFTY|2026-09-22|23250|PE,a68d795cd4a4a5955985e6b881a83532c0c7942af4daf0233185fb8ef480b7e7,c4bd9f4e222fb3661c3f439d3f9716116ac0cef1b4ef94f2061f1b83e4bf462f,-3.7999999999992724,1.9499999999999886,1.4000000000000057,0.10000000000002274,0.29999999999998295
2026-09-16,PE,2026-09-16T06:28:00+00:00,2026-09-16T06:26:55.347300+00:00,2026-09-16T06:27:55.377514+00:00,60.030214,NIFTY|2026-09-22|23200|PE,09920e56035c2ae89617a1991a3d4c3c232c5ef130ac31e11113a59dd78f93a9,d4689d83b44df03ca07ac85df8188eb005d7c2193a65b40608cc377445ae4e16,1.4000000000014552,-0.04999999999998295,-0.09999999999999432,0.30000000000001137,0.4000000000000057
2026-09-16,PE,2026-09-16T06:29:00+00:00,2026-09-16T06:27:55.377514+00:00,2026-09-16T06:28:55.435125+00:00,60.057611,NIFTY|2026-09-22|23200|PE,d4689d83b44df03ca07ac85df8188eb005d7c2193a65b40608cc377445ae4e16,40fc3e7e4a75babf44571433a4767db48d1ebb7f96672940e564a4293ddf704c,-0.3500000000021828,-0.20000000000004547,-0.8000000000000114,0.4000000000000057,0.4000000000000057
2026-09-16,PE,2026-09-16T06:30:00+00:00,2026-09-16T06:28:55.435125+00:00,2026-09-16T06:29:55.485577+00:00,60.050452,NIFTY|2026-09-22|23200|PE,40fc3e7e4a75babf44571433a4767db48d1ebb7f96672940e564a4293ddf704c,1edbe4a89e585ebfeffb91e541aff525b03e0f5bfa922fc5f03d55a748719b1d,-0.7999999999992724,-0.6999999999999886,-0.09999999999999432,0.4000000000000057,0.4000000000000057
2026-09-16,PE,2026-09-16T06:32:00+00:00,2026-09-16T06:30:55.357156+00:00,2026-09-16T06:31:55.458249+00:00,60.101093,NIFTY|2026-09-22|23200|PE,771994b3c77dc265ce109abac1bdc764bc02527be9e69dfc94f750034a7fbdb9,d89b24c8a1b06699b5fb119a265a2b0dad47a7f46f1dc55484cf89d2e012286a,-1.0499999999992724,0.700000000000017,1.1500000000000057,0.25,0.15000000000000568
2026-09-16,PE,2026-09-16T06:34:00+00:00,2026-09-16T06:32:55.360039+00:00,2026-09-16T06:33:55.371297+00:00,60.011258,NIFTY|2026-09-22|23200|PE,da1986115d02f744dd2b293e1fc3b6fe46b4a3703dcea039c2dd2e31c2a98456,892abd435e94c5ecbb9a0b1285ee956f69ea482251cc48b910966061688b406c,-1.0,1.3249999999999886,1.0,0.3499999999999943,0.4000000000000057
2026-09-16,PE,2026-09-16T06:36:00+00:00,2026-09-16T06:34:50.499826+00:00,2026-09-16T06:35:55.362074+00:00,64.862248,NIFTY|2026-09-22|23200|PE,52562343aef292f17d098022efac60fccc51b91ce0f406df7d4cef47842f6218,feb63b565f69862e131278a555feba124c474379cee8b1c04ed296fa3126f897,6.700000000000728,-2.8999999999999773,-3.049999999999983,0.25,0.3499999999999943
2026-09-16,PE,2026-09-16T06:37:00+00:00,2026-09-16T06:35:55.362074+00:00,2026-09-16T06:36:55.368201+00:00,60.006127,NIFTY|2026-09-22|23200|PE,feb63b565f69862e131278a555feba124c474379cee8b1c04ed296fa3126f897,e853de883cf2f35ebc29385b6163216e51ce2f66d54dc74ada30cb7547590994,3.599999999998545,-1.900000000000034,-1.8000000000000114,0.3499999999999943,0.15000000000000568
2026-09-16,PE,2026-09-16T06:39:00+00:00,2026-09-16T06:37:55.489198+00:00,2026-09-16T06:38:55.491316+00:00,60.002118,NIFTY|2026-09-22|23250|PE,91f1976729655f0c71e1e0db86c0e1359c691fe432ae9d68436c4868ceb6c063,4e39c2ad78f3de26b6e4db47256caba21b603342c80605540ceadad152fce56e,-4.049999999999272,2.3999999999999773,2.75,0.3499999999999943,0.35000000000002274
2026-09-16,PE,2026-09-16T06:42:00+00:00,2026-09-16T06:40:55.368729+00:00,2026-09-16T06:41:55.381897+00:00,60.013168,NIFTY|2026-09-22|23250|PE,f9aef6c6a1c54b2f2e625db0a5d869bb3926eed95c3922a1c568ad386aa3cdba,13c3e7759c3054f73e1a51e2a47847e57c080ce72a4545b40b94607782898703,-0.5500000000029104,-0.3499999999999943,0.45000000000001705,0.39999999999997726,0.19999999999998863
2026-09-16,PE,2026-09-16T06:44:00+00:00,2026-09-16T06:42:55.367578+00:00,2026-09-16T06:43:55.799412+00:00,60.431834,NIFTY|2026-09-22|23250|PE,3e14c452d32279b5ca014b839aa27ef896437c31fe69d91168cc0fcaebcab721,cfa22b4fded63c2c88e16ee2daf3796fbca8aaeef7106163d944af77b6b5a4d6,12.799999999999272,-6.125,-6.550000000000011,0.30000000000001137,0.44999999999998863
2026-09-16,PE,2026-09-16T06:48:00+00:00,2026-09-16T06:46:55.365087+00:00,2026-09-16T06:47:55.375673+00:00,60.010586,NIFTY|2026-09-22|23250|PE,5393301d19a46b74ad8f4e7f3f8c1358d071908a0462e8600491e00432119710,055a4c0cddd3a52c81b93080ec9cf5a35e0c41ad11c89f7a6803ec5040836aff,11.399999999997817,-3.25,-3.0500000000000114,0.39999999999997726,0.39999999999997726
2026-09-16,PE,2026-09-16T06:49:00+00:00,2026-09-16T06:47:55.375673+00:00,2026-09-16T06:48:55.402464+00:00,60.026791,NIFTY|2026-09-22|23250|PE,055a4c0cddd3a52c81b93080ec9cf5a35e0c41ad11c89f7a6803ec5040836aff,641c847b9ec03931925da0341551831ac801bee0daaa31637bb73571003c09ff,-4.799999999999272,2.1750000000000114,1.0999999999999943,0.39999999999997726,0.15000000000000568
2026-09-16,PE,2026-09-16T06:51:00+00:00,2026-09-16T06:49:55.367303+00:00,2026-09-16T06:50:55.370340+00:00,60.003037,NIFTY|2026-09-22|23250|PE,ae5c90e8bb8ac3d5476936c21ba8b0182060b573ba7a8ef1c5db009420114a98,215d2aa788527ee9d1e6d2adaad91bbbbfd302dc5b2fe093b0601ba5a95396d4,-8.05000000000291,4.75,4.699999999999989,0.39999999999997726,0.19999999999998863
2026-09-16,PE,2026-09-16T06:53:00+00:00,2026-09-16T06:51:55.364219+00:00,2026-09-16T06:52:55.367819+00:00,60.0036,NIFTY|2026-09-22|23250|PE,dfcfafa2429ce4fe2412a1d051b807437576ac24b7c29d1640bdf979b262d66a,5e447d57a09f295eb39d2458842cc17c2eb979ff51c157e020e2d870afe85a56,3.0500000000029104,-1.1499999999999773,-1.0,0.3499999999999943,0.3499999999999943
2026-09-16,PE,2026-09-16T06:54:00+00:00,2026-09-16T06:52:55.367819+00:00,2026-09-16T06:53:55.371994+00:00,60.004175,NIFTY|2026-09-22|23250|PE,5e447d57a09f295eb39d2458842cc17c2eb979ff51c157e020e2d870afe85a56,2a1274e4952c61dd935cbecb76cd6a6c9acad4585c1f7608c8d5d96a37557b95,3.649999999997817,-1.7250000000000227,-1.9000000000000057,0.3499999999999943,0.4000000000000057
2026-09-16,PE,2026-09-16T06:56:00+00:00,2026-09-16T06:54:50.422363+00:00,2026-09-16T06:55:55.366436+00:00,64.944073,NIFTY|2026-09-22|23250|PE,3e20d98ac3b960b7f7572b8d848fdc316a7395fc1151d54f55b12f8a52f507c8,e432bb83c17e7aeaca088b987a403a2bbe990454a75fb655750f672aa2f10610,1.5500000000029104,-0.5249999999999773,-0.44999999999998863,0.4000000000000057,0.35000000000002274
2026-09-16,PE,2026-09-16T06:57:00+00:00,2026-09-16T06:55:55.366436+00:00,2026-09-16T06:56:55.466650+00:00,60.100214,NIFTY|2026-09-22|23250|PE,e432bb83c17e7aeaca088b987a403a2bbe990454a75fb655750f672aa2f10610,c219403412e4491965fc963de4b7577903a767860353ae41eff50dd6e8d0a3ac,-1.0,2.25,1.75,0.35000000000002274,0.35000000000002274
2026-09-16,PE,2026-09-16T06:59:00+00:00,2026-09-16T06:57:55.367060+00:00,2026-09-16T06:58:55.548272+00:00,60.181212,NIFTY|2026-09-22|23250|PE,aa722b93ba87564021e6fd792e6751321d933e7d6079064d9224d2c8cddaa0e7,0282d7f9126a6988a197bc3af0a5249d763f523db93d61985edebfcfdbf096c4,5.0,-2.6250000000000284,-2.6500000000000057,0.3499999999999943,0.30000000000001137
2026-09-16,PE,2026-09-16T07:01:00+00:00,2026-09-16T06:59:55.389310+00:00,2026-09-16T07:00:55.528570+00:00,60.13926,NIFTY|2026-09-22|23250|PE,936ca6453bd3c7ba3f30f4c90bcc331373979c82f0af33d18dc7b2c7b2d629f8,19e11785e622194c3a179006286c6e0ff4cb30cf404c2fcffa929c32b73aaffd,1.0500000000029104,-0.6750000000000114,-0.9499999999999886,0.25,0.29999999999998295
2026-09-16,PE,2026-09-16T07:03:00+00:00,2026-09-16T07:01:55.369869+00:00,2026-09-16T07:02:55.552565+00:00,60.182696,NIFTY|2026-09-22|23250|PE,4fe2d3161270e79c2f983341346ede457ba3eb76f1e6bc5cef93ca813a33e05f,d265a912f1255e44366270cca30e08a80ab9abc746748068f01bf3c82856be10,2.7999999999992724,-0.6500000000000341,-0.75,0.3499999999999943,0.3499999999999943
2026-09-16,PE,2026-09-16T07:04:00+00:00,2026-09-16T07:02:55.552565+00:00,2026-09-16T07:03:55.943922+00:00,60.391357,NIFTY|2026-09-22|23250|PE,d265a912f1255e44366270cca30e08a80ab9abc746748068f01bf3c82856be10,7d285d668263f5c2672a52e1e89c87fbc419b0d28792dd61643ed71d02c7a68b,13.450000000000728,-3.375,-3.3000000000000114,0.3499999999999943,0.20000000000001705
2026-09-16,PE,2026-09-16T07:06:00+00:00,2026-09-16T07:04:50.370095+00:00,2026-09-16T07:05:55.355176+00:00,64.985081,NIFTY|2026-09-22|23250|PE,473bd44f6302cc72c306e532928e980bf9f24e08b24358848c4c62c1acd6931b,3a1ab358b0eef0557cb74fb52c3d812a4b661588ac9647281dc8d070729c7885,8.549999999999272,-0.7750000000000341,-0.5,0.20000000000001705,0.3499999999999943
2026-09-16,PE,2026-09-16T07:07:00+00:00,2026-09-16T07:05:55.355176+00:00,2026-09-16T07:06:55.372796+00:00,60.01762,NIFTY|2026-09-22|23250|PE,3a1ab358b0eef0557cb74fb52c3d812a4b661588ac9647281dc8d070729c7885,8b6c3e171918f24d6e7a63a92506393dd3eed96b526d2eb1613cb4065ee3d9d1,-9.099999999998545,3.3000000000000114,3.1000000000000227,0.3499999999999943,0.3499999999999943
2026-09-16,PE,2026-09-16T07:09:00+00:00,2026-09-16T07:07:55.369093+00:00,2026-09-16T07:08:55.537707+00:00,60.168614,NIFTY|2026-09-22|23250|PE,3961e419b3d89758220bdfa4c3b8f28c620598d590d71260f032a772fc4ecf85,29d6e99eb21cc8fa098e3d5aa53dbfda62b3a91415c7830d01cd5e71de906879,4.049999999999272,-1.5250000000000057,-1.299999999999983,0.05000000000001137,0.30000000000001137
2026-09-16,PE,2026-09-16T07:10:00+00:00,2026-09-16T07:08:55.537707+00:00,2026-09-16T07:09:56.238470+00:00,60.700763,NIFTY|2026-09-22|23250|PE,29d6e99eb21cc8fa098e3d5aa53dbfda62b3a91415c7830d01cd5e71de906879,de82a61131fd94a488ee0b695150c5bccfee2ba9bb34240bb43e04a81a7b9e85,-3.0,1.3499999999999943,1.5,0.30000000000001137,0.09999999999999432
2026-09-16,PE,2026-09-16T07:12:00+00:00,2026-09-16T07:10:50.371505+00:00,2026-09-16T07:11:55.363221+00:00,64.991716,NIFTY|2026-09-22|23250|PE,a80b7902256b55124e598b665113db288c1e5501c3d39b4805b287d885c647bb,e9eff1012cd8441346f4558016c5d03579ab01158591b3ab93c4c9cd6c289609,-0.4500000000007276,0.875,0.5500000000000114,0.25,0.39999999999997726
2026-09-16,PE,2026-09-16T07:14:00+00:00,2026-09-16T07:12:55.365682+00:00,2026-09-16T07:13:55.395917+00:00,60.030235,NIFTY|2026-09-22|23250|PE,38ad47975d7eb78c80b514ced22339f750ed874340e999bb5385b1e648eaf1ac,3df571ed005b28de717d3e64a27c00a758f170706ce5db3a71c57611e632f3d4,12.899999999997817,-5.724999999999994,-6.349999999999994,0.30000000000001137,0.3499999999999943
2026-09-16,PE,2026-09-16T07:15:00+00:00,2026-09-16T07:13:55.395917+00:00,2026-09-16T07:14:55.516727+00:00,60.12081,NIFTY|2026-09-22|23250|PE,3df571ed005b28de717d3e64a27c00a758f170706ce5db3a71c57611e632f3d4,d75de7509ac38d0879c8747f798d899dfcafbbf00bd4ce5ddc451aa5ed9af1cd,1.5499999999992724,-1.25,-0.9000000000000057,0.3499999999999943,0.15000000000000568
2026-09-16,PE,2026-09-16T07:18:00+00:00,2026-09-16T07:16:55.344023+00:00,2026-09-16T07:17:55.368835+00:00,60.024812,NIFTY|2026-09-22|23250|PE,ffd14e65560da7fc8bef11b11372748c8d080f81369a33219f9db6a9f914f706,14cfd596b4165e06916de333527fe59f78aa5d64d76492cc2536824e35465839,3.4500000000007276,-1.8999999999999773,-2.3500000000000227,0.3499999999999943,0.35000000000002274
2026-09-16,PE,2026-09-16T07:20:00+00:00,2026-09-16T07:18:55.340380+00:00,2026-09-16T07:19:55.343356+00:00,60.002976,NIFTY|2026-09-22|23250|PE,e48c034c9fc13df655b3f8dcee5109f7ca0da50b03761f3400547a989c3795aa,4b7528cb8534db0d017619b48cd14fc28bede9037176b420e19e3a56f8fb096a,2.5,-0.7249999999999659,-0.6999999999999886,0.20000000000001705,0.3499999999999943
2026-09-16,PE,2026-09-16T07:21:00+00:00,2026-09-16T07:19:55.343356+00:00,2026-09-16T07:20:55.354727+00:00,60.011371,NIFTY|2026-09-22|23250|PE,4b7528cb8534db0d017619b48cd14fc28bede9037176b420e19e3a56f8fb096a,9af4185d4c2e7a458e6fa52505388d1b3123d7abc22a06b8079f4f9efa53edc8,-2.5499999999992724,0.75,0.549999999999983,0.3499999999999943,0.3499999999999943
2026-09-16,PE,2026-09-16T07:22:00+00:00,2026-09-16T07:20:55.354727+00:00,2026-09-16T07:21:55.361375+00:00,60.006648,NIFTY|2026-09-22|23250|PE,9af4185d4c2e7a458e6fa52505388d1b3123d7abc22a06b8079f4f9efa53edc8,c5070e0181b0df0a8792097d5dcbf774915072918a87cc4de9cb496662e9ff1c,-1.8499999999985448,0.14999999999997726,0.5,0.3499999999999943,0.35000000000002274
2026-09-16,PE,2026-09-16T07:23:00+00:00,2026-09-16T07:21:55.361375+00:00,2026-09-16T07:22:55.362891+00:00,60.001516,NIFTY|2026-09-22|23250|PE,c5070e0181b0df0a8792097d5dcbf774915072918a87cc4de9cb496662e9ff1c,660454c1d13bb663aa9fa74ea265a2f05b242ed2c6be206ca33953195c1c2f5d,-0.10000000000218279,0.35000000000002274,0.4000000000000057,0.35000000000002274,0.15000000000000568
2026-09-16,PE,2026-09-16T07:25:00+00:00,2026-09-16T07:23:55.352189+00:00,2026-09-16T07:24:55.356989+00:00,60.0048,NIFTY|2026-09-22|23250|PE,24c1a5884319220f6896040e6c52f62a1272ef619e88c2dd88cf3d7095ccbf1c,d4d11703c41ec7ac18e7084fa272aef4dcb7575365181b3ee1afefb7862424a7,1.0999999999985448,0.7249999999999659,0.6500000000000057,0.4000000000000057,0.3499999999999943
2026-09-16,PE,2026-09-16T07:26:00+00:00,2026-09-16T07:24:55.356989+00:00,2026-09-16T07:25:55.604116+00:00,60.247127,NIFTY|2026-09-22|23250|PE,d4d11703c41ec7ac18e7084fa272aef4dcb7575365181b3ee1afefb7862424a7,cf8adae46e99121f006d1542ac1dfa876340988b3db7d71946c00743cb0d4207,-2.7000000000007276,1.3000000000000114,1.4499999999999886,0.3499999999999943,0.25
2026-09-16,PE,2026-09-16T07:28:00+00:00,2026-09-16T07:26:55.387771+00:00,2026-09-16T07:27:55.398704+00:00,60.010933,NIFTY|2026-09-22|23250|PE,5a3eacb15267fcbc70e152bce0d7c96f83005575d11a75035ca4d7902a7b1982,bead38d89d5b8ebd1e9d83ce22eee5003e770fefdb87eb3f74bee2f3a8279b31,-1.2000000000007276,0.125,0.30000000000001137,0.4000000000000057,0.15000000000000568
2026-09-16,PE,2026-09-16T07:31:00+00:00,2026-09-16T07:29:55.350823+00:00,2026-09-16T07:30:55.494140+00:00,60.143317,NIFTY|2026-09-22|23250|PE,6d4112a5a1555899e6a724da754cb276022e7a5f505952aff0b52e69db62cc67,1447a40a0ac6de13dd7d73d5f69c4c18eb1387564ac5799be689f4b3640511b2,-0.4000000000014552,-1.8249999999999886,-1.75,0.09999999999999432,0.25
2026-09-16,PE,2026-09-16T07:33:00+00:00,2026-09-16T07:31:50.351514+00:00,2026-09-16T07:32:55.350781+00:00,64.999267,NIFTY|2026-09-22|23250|PE,c645f6829718fe6e2f1b1df5e95188ad8dd4abd52a34832d550e1cd49c209b60,b50e23f8768972c1d4929da4406d2e785ee2baa37920dda814739af41d2928a1,0.25,-0.25,-0.5999999999999943,0.25,0.25
2026-09-16,PE,2026-09-16T07:34:00+00:00,2026-09-16T07:32:55.350781+00:00,2026-09-16T07:33:55.425759+00:00,60.074978,NIFTY|2026-09-22|23250|PE,b50e23f8768972c1d4929da4406d2e785ee2baa37920dda814739af41d2928a1,3251fdab6bd8ec4fda1024c2e30c45babd1a2b5d8e2c2dc543c2fe4c4801dd34,-1.3499999999985448,1.174999999999983,1.5,0.25,0.30000000000001137
2026-09-16,PE,2026-09-16T07:36:00+00:00,2026-09-16T07:34:50.368753+00:00,2026-09-16T07:35:55.339740+00:00,64.970987,NIFTY|2026-09-22|23250|PE,0f8be1811a6b897906e609ffb4e6c44fa89aecb45e0651f5b30bf3a96d7a049d,829abb2b95839ce93151e11dfc94b56c1547af0038b263649785ceefa21aea7a,3.7999999999992724,-2.0500000000000114,-2.049999999999983,0.19999999999998863,0.4000000000000057
2026-09-16,PE,2026-09-16T07:37:00+00:00,2026-09-16T07:35:55.339740+00:00,2026-09-16T07:36:55.365399+00:00,60.025659,NIFTY|2026-09-22|23250|PE,829abb2b95839ce93151e11dfc94b56c1547af0038b263649785ceefa21aea7a,bcf56f451f09c9103ac507bf818733e4c2f80f3fb450313fb2408e0270b164de,3.649999999997817,-2.674999999999983,-2.5,0.4000000000000057,0.25
2026-09-16,PE,2026-09-16T07:38:00+00:00,2026-09-16T07:36:55.365399+00:00,2026-09-16T07:37:55.366881+00:00,60.001482,NIFTY|2026-09-22|23250|PE,bcf56f451f09c9103ac507bf818733e4c2f80f3fb450313fb2408e0270b164de,d596c020d7ccd1513076f22640ca236cd821f3b84873c1796a2801c2139dbf65,7.650000000001455,-2.1500000000000057,-2.6000000000000227,0.25,0.35000000000002274
2026-09-16,PE,2026-09-16T07:43:00+00:00,2026-09-16T07:41:55.342088+00:00,2026-09-16T07:42:55.343255+00:00,60.001167,NIFTY|2026-09-22|23250|PE,80249d087093bb9960a72bfcef289bdb99cc43856411837f9057a4e2fd815c6b,11f96b065fd4af3bb9e30108059eaca2a50d33f7a6866b5bbda26d337d907f25,-2.25,0.32500000000001705,0.20000000000001705,0.30000000000001137,0.15000000000000568
2026-09-16,PE,2026-09-16T07:44:00+00:00,2026-09-16T07:42:55.343255+00:00,2026-09-16T07:43:55.359628+00:00,60.016373,NIFTY|2026-09-22|23250|PE,11f96b065fd4af3bb9e30108059eaca2a50d33f7a6866b5bbda26d337d907f25,831011af1ca3dc2a461bafdfdc8ba87853682ebb0b5bc7ea3709c69b56786e95,-4.0,1.174999999999983,1.3499999999999943,0.15000000000000568,0.19999999999998863
2026-09-16,PE,2026-09-16T07:46:00+00:00,2026-09-16T07:44:55.345418+00:00,2026-09-16T07:45:55.367485+00:00,60.022067,NIFTY|2026-09-22|23250|PE,afc07a6f8f23ae1dc5a7376fc80bc4c6c5d14553711442d32d25efb1eb090e8b,4c68546bef9f6c0e8c42ffff052fbeb62dfab2e6fcf4f463c47b64f818cf0cb7,-4.049999999999272,0.025000000000034106,0.0,0.25,0.4000000000000057
2026-09-16,PE,2026-09-16T07:48:00+00:00,2026-09-16T07:46:50.356681+00:00,2026-09-16T07:47:55.342712+00:00,64.986031,NIFTY|2026-09-22|23250|PE,3a4349844b150985547e863033ef662ca2a366fd3f92931557c4f4b380ab29d4,4778cea20706c9d3b192326f56b032f990f4ae31bf9cfc521a258638844ca41b,3.5499999999992724,-1.1249999999999716,-1.0,0.30000000000001137,0.3499999999999943
2026-09-16,PE,2026-09-16T07:49:00+00:00,2026-09-16T07:47:55.342712+00:00,2026-09-16T07:48:55.352409+00:00,60.009697,NIFTY|2026-09-22|23250|PE,4778cea20706c9d3b192326f56b032f990f4ae31bf9cfc521a258638844ca41b,96cf2c885e408ce7cf7561ba9e79b4823da75fac15059e30ec4a1bd4cc72b84a,2.900000000001455,-2.075000000000017,-2.25,0.3499999999999943,0.19999999999998863
2026-09-16,PE,2026-09-16T07:50:00+00:00,2026-09-16T07:48:55.352409+00:00,2026-09-16T07:49:55.370005+00:00,60.017596,NIFTY|2026-09-22|23250|PE,96cf2c885e408ce7cf7561ba9e79b4823da75fac15059e30ec4a1bd4cc72b84a,6a351578b848de9f0c0df24f196de931e6b1fd8d28a1713c8c8625c354479d3f,6.0,-1.2750000000000057,-1.0500000000000114,0.19999999999998863,0.35000000000002274
2026-09-16,PE,2026-09-16T07:52:00+00:00,2026-09-16T07:50:50.352340+00:00,2026-09-16T07:51:55.349598+00:00,64.997258,NIFTY|2026-09-22|23250|PE,8be37e1817cad3d66551a398fdc393ef1853304b8c41c79d5d58f63cdd2819e6,b890bb9161c60c248f7d469b020e1bbbe059d248c1c461992ec1d018e5c8267a,-0.8499999999985448,2.0250000000000057,1.6999999999999886,0.35000000000002274,0.19999999999998863
2026-09-16,PE,2026-09-16T07:55:00+00:00,2026-09-16T07:53:50.348908+00:00,2026-09-16T07:54:55.347951+00:00,64.999043,NIFTY|2026-09-22|23250|PE,4326dbdc43c2324a59bc38502fec8fbb0c03e52dfbe414e2c5b81c9ecdc0ff4f,3a12e6380d2db4e3654877edd1b691266b37e93dea9ed3f905d3847341493543,-13.05000000000291,3.6499999999999773,3.5999999999999943,0.4000000000000057,0.30000000000001137
2026-09-16,PE,2026-09-16T07:56:00+00:00,2026-09-16T07:54:55.347951+00:00,2026-09-16T07:55:55.350635+00:00,60.002684,NIFTY|2026-09-22|23250|PE,3a12e6380d2db4e3654877edd1b691266b37e93dea9ed3f905d3847341493543,ab8083c9a38558a3af73ee94aeaf48f627d21b93ba2359d6a6634afdb51612ab,1.2000000000007276,0.42500000000001137,0.29999999999998295,0.30000000000001137,0.3499999999999943
2026-09-16,PE,2026-09-16T07:57:00+00:00,2026-09-16T07:55:55.350635+00:00,2026-09-16T07:56:55.363024+00:00,60.012389,NIFTY|2026-09-22|23250|PE,ab8083c9a38558a3af73ee94aeaf48f627d21b93ba2359d6a6634afdb51612ab,c034e7c821e2ac85e18c7988b17b66495c752d23c244ac59e222218710381b2a,-3.0,1.25,1.25,0.3499999999999943,0.3499999999999943
2026-09-16,PE,2026-09-16T08:01:00+00:00,2026-09-16T07:59:50.349826+00:00,2026-09-16T08:00:55.339216+00:00,64.98939,NIFTY|2026-09-22|23200|PE,e8007c4aa8ece44e1845dbf7cb2e688e13f6b94cf917a060106ea7a757887f29,4bd7af23c2fa3c4aca3e341a21a38e2485808bbcc2012687e68d0662c7912cf5,1.6000000000021828,-0.549999999999983,-0.30000000000001137,0.25,0.05000000000001137
2026-09-16,PE,2026-09-16T08:03:00+00:00,2026-09-16T08:01:55.343880+00:00,2026-09-16T08:02:55.344639+00:00,60.000759,NIFTY|2026-09-22|23250|PE,fff3c7fa24f1e13f03f5e2a0e79a373aaa16a76dfbc5f8b6284be9aa47d75802,886bb1c4824394a7c0b99969982c4a8137601a32594453f61c8302b9022727c2,3.399999999997817,-1.375,-1.6999999999999886,0.39999999999997726,0.35000000000002274
2026-09-16,PE,2026-09-16T08:04:00+00:00,2026-09-16T08:02:55.344639+00:00,2026-09-16T08:03:55.369903+00:00,60.025264,NIFTY|2026-09-22|23250|PE,886bb1c4824394a7c0b99969982c4a8137601a32594453f61c8302b9022727c2,1023c950ecabb785e2b618bdfadd81e80a98e34c7142cc89772a1a76a63b0a1f,-8.349999999998545,3.5749999999999886,3.799999999999983,0.35000000000002274,0.4000000000000057
2026-09-16,PE,2026-09-16T08:06:00+00:00,2026-09-16T08:04:55.340209+00:00,2026-09-16T08:05:55.350547+00:00,60.010338,NIFTY|2026-09-22|23250|PE,36dac2a9469cf671d832b9ff5747aa071353d45ea39a1442c63f9676df09c9ba,863de0712c09ac26db14f1f74a5a8396209efa7f146824ca1de13f57af7e2a47,8.25,-3.3500000000000227,-3.4499999999999886,0.35000000000002274,0.3499999999999943
2026-09-16,PE,2026-09-16T08:07:00+00:00,2026-09-16T08:05:55.350547+00:00,2026-09-16T08:06:55.536680+00:00,60.186133,NIFTY|2026-09-22|23250|PE,863de0712c09ac26db14f1f74a5a8396209efa7f146824ca1de13f57af7e2a47,d91f45ffb5af6527894a68991cca05b47c53840032fcd39e9ee2ef7765430ee7,-7.099999999998545,4.850000000000023,5.25,0.3499999999999943,0.35000000000002274
2026-09-16,PE,2026-09-16T08:11:00+00:00,2026-09-16T08:09:50.348607+00:00,2026-09-16T08:10:55.342611+00:00,64.994004,NIFTY|2026-09-22|23200|PE,8da4bb630fd13a62a3ddc417310c453fba7395c1cec1b2f48f3a3b18c4bfa2aa,fa458e508695db98fc02253eb018a60868a759d2918fa8226f162036e8b01eda,-4.450000000000728,2.9750000000000227,2.25,0.25,0.4000000000000057
2026-09-16,PE,2026-09-16T08:12:00+00:00,2026-09-16T08:10:55.342611+00:00,2026-09-16T08:11:55.344193+00:00,60.001582,NIFTY|2026-09-22|23200|PE,fa458e508695db98fc02253eb018a60868a759d2918fa8226f162036e8b01eda,0d321b1ca9bb0ac7dbd2cdff65ff7a4f41537e419030fa114ecd56ff75be2eb7,3.900000000001455,-2.5000000000000284,-2.4000000000000057,0.4000000000000057,0.30000000000001137
2026-09-16,PE,2026-09-16T08:13:00+00:00,2026-09-16T08:11:55.344193+00:00,2026-09-16T08:12:55.350612+00:00,60.006419,NIFTY|2026-09-22|23200|PE,0d321b1ca9bb0ac7dbd2cdff65ff7a4f41537e419030fa114ecd56ff75be2eb7,7cc7973806b44d5912a7ba74cb08aabdba0a61ee76c5d51c25d89435f6b5fed0,-0.8500000000021828,2.5999999999999943,2.6500000000000057,0.30000000000001137,0.29999999999998295
2026-09-16,PE,2026-09-16T08:15:00+00:00,2026-09-16T08:13:55.344972+00:00,2026-09-16T08:14:55.355173+00:00,60.010201,NIFTY|2026-09-22|23200|PE,8083dc408e1e929d9760113defdb3c18942927978c468075ae9135fcf519dd6e,7648564ad6aff3b6092f807e300fb641f039d25d4223fe0dca97c1a1bf7b63ec,-3.0,1.049999999999983,0.9499999999999886,0.45000000000001705,0.25
2026-09-16,PE,2026-09-16T08:17:00+00:00,2026-09-16T08:15:55.338643+00:00,2026-09-16T08:16:55.359672+00:00,60.021029,NIFTY|2026-09-22|23200|PE,2a4409876852899a110fb6b4b48d4e32fb9c18bd86adc4197113c9049c34edec,0393835027804adf05b505687553aed5a5966f92cec4cdd81a24532ca84a03a5,-4.150000000001455,1.299999999999983,1.4000000000000057,0.30000000000001137,0.09999999999999432
2026-09-16,PE,2026-09-16T08:21:00+00:00,2026-09-16T08:19:50.350398+00:00,2026-09-16T08:20:55.336865+00:00,64.986467,NIFTY|2026-09-22|23200|PE,d2e463a19b3a3ce30c709e423990fdf4e13a996c6dc605c54d41306f4ebcc33c,5f017635faa12650d0ae3af3aaa8efee19d7237e003624de7fb6756f3adddc6f,-0.2000000000007276,-0.17500000000001137,-0.5500000000000114,0.3499999999999943,0.4000000000000057
2026-09-16,PE,2026-09-16T08:22:00+00:00,2026-09-16T08:20:55.336865+00:00,2026-09-16T08:21:55.594121+00:00,60.257256,NIFTY|2026-09-22|23200|PE,5f017635faa12650d0ae3af3aaa8efee19d7237e003624de7fb6756f3adddc6f,104644b63dc7dd078d4193be7150e9c1f1432987e01de361e8995d51cda49813,1.8500000000021828,-1.6999999999999886,-1.6999999999999886,0.4000000000000057,0.29999999999998295
2026-09-16,PE,2026-09-16T08:24:00+00:00,2026-09-16T08:22:55.343075+00:00,2026-09-16T08:23:55.356860+00:00,60.013785,NIFTY|2026-09-22|23200|PE,f56192e435d836580a85705dc4827164634864d8456c2946349680fbf5cf3575,1f2cab354e1a8270b9cebc41643b709dc8ee70996ecd7d51248ab99747b0b027,4.100000000002183,-1.7249999999999943,-1.5500000000000114,0.30000000000001137,0.3499999999999943
2026-09-16,PE,2026-09-16T08:28:00+00:00,2026-09-16T08:26:55.364156+00:00,2026-09-16T08:27:55.368792+00:00,60.004636,NIFTY|2026-09-22|23200|PE,31d8730b8d2a0fd5c1b830d17102ecf9ef31ec34f2704addd8f957c88b9c70b5,9607c542e818b106d34c8c75b65aef782dc65f65549d3586174bb8ad5a232953,-2.5,0.7750000000000057,1.0,0.15000000000000568,0.30000000000001137
2026-09-16,PE,2026-09-16T08:30:00+00:00,2026-09-16T08:28:55.347489+00:00,2026-09-16T08:29:55.532568+00:00,60.185079,NIFTY|2026-09-22|23200|PE,599545ecdd542a0d8c4eb0c345a83e7ad4c994ed489574f8e4001e87768f9a62,84de379477b39fa3609997e0de6fff64412a8727a0db31bc3a3141a215356d46,0.5,-1.3999999999999773,-1.700000000000017,0.25,0.3499999999999943
2026-09-16,PE,2026-09-16T08:32:00+00:00,2026-09-16T08:30:55.343548+00:00,2026-09-16T08:31:55.348002+00:00,60.004454,NIFTY|2026-09-22|23250|PE,df12ab55cfe32a9e81258b56d3fe2235681c02b79032488fae63a31ef6ff4fa0,6888db36ec20066fc7ed4642e6d7ddf498ac8f684f2bd8d6cb8f8821ff7070d3,5.399999999997817,-4.375,-4.549999999999983,0.15000000000000568,0.4000000000000057
2026-09-16,PE,2026-09-16T08:34:00+00:00,2026-09-16T08:32:55.346805+00:00,2026-09-16T08:33:55.370265+00:00,60.02346,NIFTY|2026-09-22|23250|PE,38487a10e125f353a5c115f4d0bb358375fe2e4d2c4380ee8977e0058b5cf1d9,174d884321b78d0c2ffe20172024c73fd58ba59ac165ad7a5b3d6420e8745055,0.7000000000007276,1.5249999999999773,1.5999999999999943,0.29999999999998295,0.3499999999999943
2026-09-16,PE,2026-09-16T08:36:00+00:00,2026-09-16T08:34:55.338290+00:00,2026-09-16T08:35:55.352633+00:00,60.014343,NIFTY|2026-09-22|23250|PE,5afc9f39ca6689f07ea3d3b91cf3161f1a6cd863f6d7f8f9bbec6d582c23e569,93bdce4891294b77006a0a2591af7ef11ce153bbf25cfc7b8ede3441ea9ef513,0.3499999999985448,0.20000000000001705,0.25,0.3499999999999943,0.25
2026-09-16,PE,2026-09-16T08:38:00+00:00,2026-09-16T08:36:55.344507+00:00,2026-09-16T08:37:55.691627+00:00,60.34712,NIFTY|2026-09-22|23250|PE,53a22ea1a2f139ac66798d14fede39d301835b52b8b0a5a44e1ab97a8782cd66,79a2f3d6f2470938d17cad1ce928227e1a2249a7bf2a40be3473203025f4639c,-5.649999999997817,4.499999999999972,4.599999999999994,0.19999999999998863,0.4000000000000057
2026-09-16,PE,2026-09-16T08:40:00+00:00,2026-09-16T08:38:55.345995+00:00,2026-09-16T08:39:55.354175+00:00,60.00818,NIFTY|2026-09-22|23200|PE,d5405039daffced66be60647392e881da0a350244d8fe8dcffde048fbcae7468,718cddcd0fd9d6f62fb955ff2e819d737790167770a2455baf557d9419f49df4,2.1999999999970896,-0.2249999999999659,0.09999999999999432,0.4000000000000057,0.3499999999999943
2026-09-16,PE,2026-09-16T08:41:00+00:00,2026-09-16T08:39:55.354175+00:00,2026-09-16T08:40:55.523265+00:00,60.16909,NIFTY|2026-09-22|23200|PE,718cddcd0fd9d6f62fb955ff2e819d737790167770a2455baf557d9419f49df4,75183de762f23cf8e3c0528c3485c61ae399b9601aead19e4a5d00a97c92186d,-1.0,-1.200000000000017,-1.450000000000017,0.3499999999999943,0.25
2026-09-16,PE,2026-09-16T08:43:00+00:00,2026-09-16T08:41:55.348166+00:00,2026-09-16T08:42:55.364238+00:00,60.016072,NIFTY|2026-09-22|23250|PE,12b442a32509ec4baad5698b7166ffcd5f28ebc73315b82e08fcbc71fb4427a4,128c5ded2127706177d3793f1ec910175f3cf5230d4b309e14fbe395b48a1656,0.9000000000014552,-1.4749999999999943,-2.1999999999999886,0.15000000000000568,0.19999999999998863
2026-09-16,PE,2026-09-16T08:45:00+00:00,2026-09-16T08:43:55.344718+00:00,2026-09-16T08:44:55.350976+00:00,60.006258,NIFTY|2026-09-22|23250|PE,11bccd7bbd553b3f332252cbad32b83778e18fdeb74a85337b6f5b6feb62a15b,c7bd7b36657110c656b497cc9b250756efd9edf98be8e627b5478ba883d344cb,2.5499999999992724,-3.1000000000000227,-3.8000000000000114,0.29999999999998295,0.4000000000000057
2026-09-16,PE,2026-09-16T08:46:00+00:00,2026-09-16T08:44:55.350976+00:00,2026-09-16T08:45:55.615726+00:00,60.26475,NIFTY|2026-09-22|23250|PE,c7bd7b36657110c656b497cc9b250756efd9edf98be8e627b5478ba883d344cb,94581aee83ff40471c90023781d2f0a571176e23b8180a12ccf95a1c0e39be33,0.25,-0.5749999999999886,-0.05000000000001137,0.4000000000000057,0.25
2026-09-16,PE,2026-09-16T08:48:00+00:00,2026-09-16T08:46:50.344060+00:00,2026-09-16T08:47:55.337485+00:00,64.993425,NIFTY|2026-09-22|23250|PE,3b3f25b62d29ccb453b1d218d8d1e9a3407b744c8a740f8b661679b34c23824d,5a4165db0658aa0c29a81008c417c572c95fcafe103573673c312ad51f675e51,5.599999999998545,-1.5749999999999886,-1.5,0.20000000000001705,0.3499999999999943
2026-09-16,PE,2026-09-16T08:49:00+00:00,2026-09-16T08:47:55.337485+00:00,2026-09-16T08:48:55.344074+00:00,60.006589,NIFTY|2026-09-22|23250|PE,5a4165db0658aa0c29a81008c417c572c95fcafe103573673c312ad51f675e51,5cce5470446f855c67db3c1cccf06b2c2708c0b78bf3c7f61a90fb97e55d4fc7,1.9500000000007276,-0.25,-0.29999999999998295,0.3499999999999943,0.15000000000000568
2026-09-16,PE,2026-09-16T08:51:00+00:00,2026-09-16T08:49:55.343652+00:00,2026-09-16T08:50:55.352415+00:00,60.008763,NIFTY|2026-09-22|23250|PE,f0803386bec836bea5c751bb18ae97b4c6ec9faba607852536c7a10cf74d0ed6,38d8f60524ff989a72d610c08275384727d1b4b0b4cb1519856fff6a07082db3,0.19999999999708962,0.674999999999983,0.5,0.4000000000000057,0.05000000000001137
2026-09-16,PE,2026-09-16T08:52:00+00:00,2026-09-16T08:50:55.352415+00:00,2026-09-16T08:51:55.355945+00:00,60.00353,NIFTY|2026-09-22|23250|PE,38d8f60524ff989a72d610c08275384727d1b4b0b4cb1519856fff6a07082db3,f9cc4ecacfeede59e3ec74a950ae755ceabe843a2a2c4ca95d9995ada1706ff4,2.5500000000029104,-1.549999999999983,-1.6999999999999886,0.05000000000001137,0.25
2026-09-16,PE,2026-09-16T08:54:00+00:00,2026-09-16T08:52:55.339545+00:00,2026-09-16T08:53:55.404553+00:00,60.065008,NIFTY|2026-09-22|23250|PE,3d91b0aa9675613c0e6b4ea7d42f682d73ec49fd8aee6a0283277811dc88e97f,f0b00680c96d9f5694838c76e67c22a3e073950d3a8f1ff98210caaafc1d9787,-1.6999999999970896,0.4000000000000341,0.6999999999999886,0.3499999999999943,0.3499999999999943
2026-09-16,PE,2026-09-16T08:56:00+00:00,2026-09-16T08:54:50.357220+00:00,2026-09-16T08:55:55.342906+00:00,64.985686,NIFTY|2026-09-22|23250|PE,ab0510db08c06740250d8d8263d8fd1ddbaa4c15d71edce5365afdadc0af60be,405eac1b1bc6bb46ffb5061ab1365d3ce6a84959408c52dc51b697186600c6fd,1.6500000000014552,0.7249999999999659,0.75,0.3499999999999943,0.4000000000000057
2026-09-16,PE,2026-09-16T08:58:00+00:00,2026-09-16T08:56:55.342694+00:00,2026-09-16T08:57:55.349508+00:00,60.006814,NIFTY|2026-09-22|23250|PE,732eecbaab4047b61c2d8167066b75eb427f8f764d005d55fde6faed56cd100f,8c3e52695b22e2721015cc37fec42d3595a8339e31e784af4c9cc47fd76543e6,-4.299999999999272,1.625,1.299999999999983,0.25,0.4000000000000057
2026-09-16,PE,2026-09-16T09:00:00+00:00,2026-09-16T08:58:50.380678+00:00,2026-09-16T08:59:55.346170+00:00,64.965492,NIFTY|2026-09-22|23250|PE,b540d8ccafd691e70173f5740b75b82d04d39ca66fd47fa1e1447439451507f9,d20fc2732fee445fda1d9baa3449f7390b7dd4875b0f524913aae12cdfb89d19,3.9500000000007276,-0.22499999999999432,-0.44999999999998863,0.25,0.30000000000001137
2026-09-16,PE,2026-09-16T09:01:00+00:00,2026-09-16T08:59:55.346170+00:00,2026-09-16T09:00:55.351138+00:00,60.004968,NIFTY|2026-09-22|23250|PE,d20fc2732fee445fda1d9baa3449f7390b7dd4875b0f524913aae12cdfb89d19,70591df65e3f4c00332cdef8baa0280d4aa04a161156d1416ad6e5765c52c732,-1.7999999999992724,2.0250000000000057,2.0500000000000114,0.30000000000001137,0.25
2026-09-16,PE,2026-09-16T09:02:00+00:00,2026-09-16T09:00:55.351138+00:00,2026-09-16T09:01:55.556680+00:00,60.205542,NIFTY|2026-09-22|23250|PE,70591df65e3f4c00332cdef8baa0280d4aa04a161156d1416ad6e5765c52c732,8490944416bca6a5f8d7d8d4311b95b08e52412d9beea4328c5543d7d0c69bac,-1.0999999999985448,0.9499999999999886,0.5999999999999943,0.25,0.44999999999998863
2026-09-16,PE,2026-09-16T09:04:00+00:00,2026-09-16T09:02:55.342174+00:00,2026-09-16T09:03:55.346653+00:00,60.004479,NIFTY|2026-09-22|23250|PE,e717c5a0a30f41ff3139ecf29946a299efc0d103eb7810cfdfbbe3224ff0bd33,93af3ab40625ad948a336f91d3a7264c5929b895d2bb7c7c4c34c27420eb7f1d,0.25,1.375,1.049999999999983,0.4000000000000057,0.3499999999999943
2026-09-16,PE,2026-09-16T09:05:00+00:00,2026-09-16T09:03:55.346653+00:00,2026-09-16T09:04:55.349635+00:00,60.002982,NIFTY|2026-09-22|23250|PE,93af3ab40625ad948a336f91d3a7264c5929b895d2bb7c7c4c34c27420eb7f1d,2bc18da68bf46b5d2dd2a3957b94eb52fd70f97720e2ffcee518bc483c64db24,-1.5,-0.2249999999999659,-0.29999999999998295,0.3499999999999943,0.4000000000000057
2026-09-16,PE,2026-09-16T09:07:00+00:00,2026-09-16T09:05:55.334533+00:00,2026-09-16T09:06:55.375472+00:00,60.040939,NIFTY|2026-09-22|23250|PE,0ac708b6010997fa53c07f15c315eaa1d13347dbb3b8b22babed0d750177d814,53c111945fd613000e78e8d2c78ccfb528539acdfc3d4be982be423255fade62,-1.7999999999992724,0.5500000000000114,0.19999999999998863,0.39999999999997726,0.20000000000001705
2026-09-16,PE,2026-09-16T09:12:00+00:00,2026-09-16T09:10:50.593667+00:00,2026-09-16T09:11:55.350114+00:00,64.756447,NIFTY|2026-09-22|23250|PE,fb5bfe56c0529ab90575cf52bd47096ca124495c2445cf6244e024f3ff5fdac2,b7d608c5e669c567636aa0721bbdebcbce6ca805afa151bbcab1e682ce43f02a,4.05000000000291,0.2750000000000341,0.25,0.4000000000000057,0.3499999999999943
2026-09-16,PE,2026-09-16T09:14:00+00:00,2026-09-16T09:12:50.343560+00:00,2026-09-16T09:13:55.342422+00:00,64.998862,NIFTY|2026-09-22|23250|PE,6f30b0a9a554e848740bfa6f9b703ec3ee1239eadf4e176a34b024f26190a5c8,59d9f43c4a537cb6b978a59288b7e8ae948e28f6b6d4d63cea72c7805f00ebac,3.099999999998545,-0.07499999999998863,0.25,0.4000000000000057,0.25
2026-09-16,PE,2026-09-16T09:15:00+00:00,2026-09-16T09:13:55.342422+00:00,2026-09-16T09:14:55.367000+00:00,60.024578,NIFTY|2026-09-22|23250|PE,59d9f43c4a537cb6b978a59288b7e8ae948e28f6b6d4d63cea72c7805f00ebac,4007d27a45e38ce71eaa1f19235472433bc0be09c58e31d7f3e71281654c42cf,3.2000000000007276,-2.0249999999999773,-2.0,0.25,0.29999999999998295
2026-09-16,PE,2026-09-16T09:16:00+00:00,2026-09-16T09:14:55.367000+00:00,2026-09-16T09:15:55.554586+00:00,60.187586,NIFTY|2026-09-22|23250|PE,4007d27a45e38ce71eaa1f19235472433bc0be09c58e31d7f3e71281654c42cf,01a01fbd3dadbf76d5d2643ee4338676932ea43e9d3cd82e56bad53c56f40a3d,2.9500000000007276,-2.4250000000000114,-2.3999999999999773,0.29999999999998295,0.35000000000002274
2026-09-16,PE,2026-09-16T09:18:00+00:00,2026-09-16T09:16:55.353391+00:00,2026-09-16T09:17:55.704459+00:00,60.351068,NIFTY|2026-09-22|23250|PE,c2e81526d298f062ff996dfa5f10f0de321fd43c008784d181d85dbb3f1dcaf0,9ad5912fe6e529ba46c56fc6cd180edd69bc820b0a70bc9ca59c224fd140a535,-0.049999999999272404,-0.5500000000000114,-0.799999999999983,0.4000000000000057,0.29999999999998295
2026-09-16,PE,2026-09-16T09:21:00+00:00,2026-09-16T09:19:55.344019+00:00,2026-09-16T09:20:55.366160+00:00,60.022141,NIFTY|2026-09-22|23250|PE,25968f0a6c3de6f9444c0b15e13ab22d92ef8a43749607f1130dbfada708a1f3,54633977fb546c499882e62465a8a2acd0071db4de952dd11246f9c7169660b9,3.7000000000007276,-1.5250000000000057,-1.5999999999999943,0.3499999999999943,0.30000000000001137
2026-09-16,PE,2026-09-16T09:22:00+00:00,2026-09-16T09:20:55.366160+00:00,2026-09-16T09:21:55.369874+00:00,60.003714,NIFTY|2026-09-22|23250|PE,54633977fb546c499882e62465a8a2acd0071db4de952dd11246f9c7169660b9,2558e7d39d65601bc451550152baf7d7a72208c5b41db50974f7e4cfe823d3da,-3.4500000000007276,3.2499999999999716,3.3499999999999943,0.30000000000001137,0.4000000000000057
2026-09-16,PE,2026-09-16T09:25:00+00:00,2026-09-16T09:23:55.348537+00:00,2026-09-16T09:24:55.348599+00:00,60.000062,NIFTY|2026-09-22|23250|PE,66b2771a64fc2e986b557abce4d3e22731789538be50b00c114a6d80122ae74b,21f52567b9c8b17fce954e421c413c221d3025e646bf27c026e276f2967d4ef5,-1.2000000000007276,1.0749999999999886,1.1999999999999886,0.30000000000001137,0.3499999999999943
2026-09-16,PE,2026-09-16T09:26:00+00:00,2026-09-16T09:24:55.348599+00:00,2026-09-16T09:25:55.350024+00:00,60.001425,NIFTY|2026-09-22|23250|PE,21f52567b9c8b17fce954e421c413c221d3025e646bf27c026e276f2967d4ef5,beed21b0ce800684ce65f14ef9c87b2fe860aea355a5739741a400fe54b473dc,4.299999999999272,-1.0999999999999943,-1.049999999999983,0.3499999999999943,0.25
2026-09-16,PE,2026-09-16T09:28:00+00:00,2026-09-16T09:26:55.343141+00:00,2026-09-16T09:27:55.347900+00:00,60.004759,NIFTY|2026-09-22|23250|PE,c8e0f1ed4fd926dfc25aa77439efa9a3c7e042682c724ffed7651da97381dab8,d45748ca77852e037f885db7c87abe3bcef0ff8b8eebfc5ddc4d562111ed5581,6.950000000000728,-2.474999999999966,-2.6999999999999886,0.3499999999999943,0.4000000000000057
2026-09-16,PE,2026-09-16T09:29:00+00:00,2026-09-16T09:27:55.347900+00:00,2026-09-16T09:28:55.353868+00:00,60.005968,NIFTY|2026-09-22|23250|PE,d45748ca77852e037f885db7c87abe3bcef0ff8b8eebfc5ddc4d562111ed5581,c764f6886425ade4a6549aa69d040d4f757aa88acfcc286e3110735a7e496595,-11.5,6.399999999999977,5.949999999999989,0.4000000000000057,0.39999999999997726
2026-09-16,PE,2026-09-16T09:33:00+00:00,2026-09-16T09:31:55.338816+00:00,2026-09-16T09:32:55.588948+00:00,60.250132,NIFTY|2026-09-22|23250|PE,45752605e4c3d9d17729468ec6070f6bede299f28a1a4a243db79b18aea1b673,7cc9c90900ab0aca37b5c76f4e4830fdc47825f9b3a5cde19ef07762e4ba10e5,2.400000000001455,-3.474999999999966,-3.4000000000000057,0.3499999999999943,0.4000000000000057
2026-09-16,PE,2026-09-16T09:35:00+00:00,2026-09-16T09:33:55.337573+00:00,2026-09-16T09:34:55.344330+00:00,60.006757,NIFTY|2026-09-22|23250|PE,bb7b5bb3da505042d708d8ffadec4cbcd21ffac4bee1a4e5dfb4e5faaab31ddc,10828338b743f9dd31f9060fd10ac1edfd90622e2b098f7f91e2a1a19474da2d,0.6000000000021828,0.25,0.25,0.39999999999997726,0.39999999999997726
2026-09-16,PE,2026-09-16T09:36:00+00:00,2026-09-16T09:34:55.344330+00:00,2026-09-16T09:35:55.345984+00:00,60.001654,NIFTY|2026-09-22|23250|PE,10828338b743f9dd31f9060fd10ac1edfd90622e2b098f7f91e2a1a19474da2d,8707d36ecda7f8d66b1137d5b62cc852e8703beb3949483ce14419a7e58c2654,-0.5500000000029104,1.625,1.6999999999999886,0.39999999999997726,0.14999999999997726
2026-09-16,PE,2026-09-16T09:39:00+00:00,2026-09-16T09:37:55.346892+00:00,2026-09-16T09:38:55.372356+00:00,60.025464,NIFTY|2026-09-22|23250|PE,81f44d8e7337a15dbb3db4cd38c5f60b151d8d570363981f7a2c6a6338c218ec,074dc5533731498ce93a8156a484059190b59499086f40e6e352fe09abe4d25c,-0.9000000000014552,1.8749999999999716,2.049999999999983,0.30000000000001137,0.3499999999999943
2026-09-16,PE,2026-09-16T09:41:00+00:00,2026-09-16T09:39:50.348054+00:00,2026-09-16T09:40:55.330891+00:00,64.982837,NIFTY|2026-09-22|23250|PE,e970b4de23e97015457a9d0f138d12cc5ad41a3aa66aa9a688c49eb81e51c8eb,bbf88d7bc02fade001ff9b1ec9441120ee36d606972f0c0c1ab1a9bd0b4b2de0,6.75,0.625,0.75,0.25,0.4000000000000057
2026-09-16,PE,2026-09-16T09:42:00+00:00,2026-09-16T09:40:55.330891+00:00,2026-09-16T09:41:55.354635+00:00,60.023744,NIFTY|2026-09-22|23250|PE,bbf88d7bc02fade001ff9b1ec9441120ee36d606972f0c0c1ab1a9bd0b4b2de0,cb8032a4e4dae2a2814264ff4d8bc14b8c54ff1ecb7457d5c736bc85ee0469ee,-1.7999999999992724,1.375,1.6500000000000057,0.4000000000000057,0.25
2026-09-16,PE,2026-09-16T09:47:00+00:00,2026-09-16T09:45:50.341508+00:00,2026-09-16T09:46:55.332929+00:00,64.991421,NIFTY|2026-09-22|23200|PE,6215ceec3403b053874c5f95d938e637f6bf3f6eb6eee8551b46a165d4e50f86,c8fa7729814cf69d632f711626cc836a103bffa319d3248e2d93dc228d3b69dc,0.0,0.799999999999983,0.5999999999999943,0.30000000000001137,0.09999999999999432
2026-09-16,PE,2026-09-16T09:48:00+00:00,2026-09-16T09:46:55.332929+00:00,2026-09-16T09:47:55.348438+00:00,60.015509,NIFTY|2026-09-22|23200|PE,c8fa7729814cf69d632f711626cc836a103bffa319d3248e2d93dc228d3b69dc,79055263134a1176ff9241e4cbf4128e04865d0ebb3dd565342aaf3457165f00,0.0,0.7750000000000341,0.75,0.09999999999999432,0.3499999999999943
2026-09-16,PE,2026-09-16T09:49:00+00:00,2026-09-16T09:47:55.348438+00:00,2026-09-16T09:48:55.496659+00:00,60.148221,NIFTY|2026-09-22|23200|PE,79055263134a1176ff9241e4cbf4128e04865d0ebb3dd565342aaf3457165f00,d2854a288347341aef6811923eb562faf287c69f2b9268e77b016df164e0f101,0.0,2.099999999999966,2.1500000000000057,0.3499999999999943,0.15000000000000568
2026-09-16,PE,2026-09-16T09:52:00+00:00,2026-09-16T09:50:55.339236+00:00,2026-09-16T09:51:55.366950+00:00,60.027714,NIFTY|2026-09-22|23200|PE,5aebfad759366eb04b2ce231a15225368a926bf4fc73449a0ebbdfb860852173,ddf1e7b8f6ec27f877e5beb60ac49b9c89664ebb67a3deb0330df956312cc1e9,0.0,0.29999999999998295,0.29999999999998295,0.25,0.25
2026-09-16,PE,2026-09-16T09:53:00+00:00,2026-09-16T09:51:55.366950+00:00,2026-09-16T09:52:55.394657+00:00,60.027707,NIFTY|2026-09-22|23200|PE,ddf1e7b8f6ec27f877e5beb60ac49b9c89664ebb67a3deb0330df956312cc1e9,ced122d37776a2cd355bb4818dd9896d9fbcbaa790b4f4c2cba30a5c5f664e88,0.0,-1.2249999999999943,-1.1999999999999886,0.25,0.30000000000001137
2026-09-16,PE,2026-09-16T09:55:00+00:00,2026-09-16T09:53:55.347957+00:00,2026-09-16T09:54:55.348011+00:00,60.000054,NIFTY|2026-09-22|23200|PE,1d70c8638518957a9bc5b0c5042c74153b60ab6f2e7ff90dea6d025aae20005b,6074eaee8c4dd70ebb0b12d2f2b2af8687e568e1bbf16a51d82b4b491e3feee3,0.0,0.7249999999999659,0.6999999999999886,0.09999999999999432,0.04999999999998295
2026-09-16,PE,2026-09-16T09:56:00+00:00,2026-09-16T09:54:55.348011+00:00,2026-09-16T09:55:55.352049+00:00,60.004038,NIFTY|2026-09-22|23200|PE,6074eaee8c4dd70ebb0b12d2f2b2af8687e568e1bbf16a51d82b4b491e3feee3,3ed3d760892f4c9da799dbc845f217c1da21101aa094257040b1dcccb300728e,0.0,0.6000000000000227,0.700000000000017,0.04999999999998295,0.25
2026-09-16,PE,2026-09-16T09:57:00+00:00,2026-09-16T09:55:55.352049+00:00,2026-09-16T09:56:55.587885+00:00,60.235836,NIFTY|2026-09-22|23200|PE,3ed3d760892f4c9da799dbc845f217c1da21101aa094257040b1dcccb300728e,dce92b792054069be1ac65b80d50bdb64ae075debb0342c4fa00dd5330202be7,0.0,0.17499999999998295,0.44999999999998863,0.25,0.30000000000001137
2026-09-16,PE,2026-09-16T09:59:00+00:00,2026-09-16T09:57:50.357008+00:00,2026-09-16T09:58:55.352091+00:00,64.995083,NIFTY|2026-09-22|23200|PE,7f03f8e9f0c263c7b59b093c3734d27483fce34f1622c608235275724b61cf2c,165f13de9778aae223b007d8b7ddf0b5a149fda2e6d0240b7fd30539c2fcb4bf,0.0,0.6500000000000057,0.39999999999997726,0.20000000000001705,0.30000000000001137
2026-09-17,CE,2026-09-17T03:50:00+00:00,2026-09-17T03:48:50.341011+00:00,2026-09-17T03:49:55.339562+00:00,64.998551,NIFTY|2026-09-22|23250|CE,c7aea4760beb83d2854100bc443ee57dd743927ea85aacf86bf3a3d41aeb87eb,6299be198bf5caf1a15b64adccd41583c8cc42955b9ee10e18161b969cd0cf32,0.049999999999272404,1.1499999999999773,0.8499999999999943,0.25,0.25
2026-09-17,CE,2026-09-17T03:51:00+00:00,2026-09-17T03:49:55.339562+00:00,2026-09-17T03:50:55.345315+00:00,60.005753,NIFTY|2026-09-22|23250|CE,6299be198bf5caf1a15b64adccd41583c8cc42955b9ee10e18161b969cd0cf32,3b54f8663da5ff0ed1664577b34ee2e9e306a45d3bf3bd6c84f54287207456ec,-2.4500000000007276,-2.5249999999999773,-2.25,0.25,0.4000000000000057
2026-09-17,CE,2026-09-17T03:52:00+00:00,2026-09-17T03:50:55.345315+00:00,2026-09-17T03:51:55.349067+00:00,60.003752,NIFTY|2026-09-22|23250|CE,3b54f8663da5ff0ed1664577b34ee2e9e306a45d3bf3bd6c84f54287207456ec,3e3a8a1dfed2ce31470d4dace146fe52efc1d1d811198867b0e3d9780a95d94d,-4.200000000000728,-2.700000000000017,-2.6999999999999886,0.4000000000000057,0.30000000000001137
2026-09-17,CE,2026-09-17T03:53:00+00:00,2026-09-17T03:51:55.349067+00:00,2026-09-17T03:52:55.386667+00:00,60.0376,NIFTY|2026-09-22|23250|CE,3e3a8a1dfed2ce31470d4dace146fe52efc1d1d811198867b0e3d9780a95d94d,5d314c014a368f03e456d639c6c5c3b9459c847667da263d44e8c996bee85c44,-10.69999999999709,-6.400000000000006,-6.650000000000006,0.30000000000001137,0.29999999999998295
2026-09-17,CE,2026-09-17T03:54:00+00:00,2026-09-17T03:52:55.386667+00:00,2026-09-17T03:53:55.550698+00:00,60.164031,NIFTY|2026-09-22|23250|CE,5d314c014a368f03e456d639c6c5c3b9459c847667da263d44e8c996bee85c44,d79fe71ffb369eaa0cbc9d835f9c2adc87411355bb436d5dc822ab98a385c147,-2.100000000002183,-1.6750000000000114,-1.4000000000000057,0.29999999999998295,0.3499999999999943
2026-09-17,CE,2026-09-17T03:56:00+00:00,2026-09-17T03:54:55.343743+00:00,2026-09-17T03:55:55.468871+00:00,60.125128,NIFTY|2026-09-22|23250|CE,087850b340fa8f04358d6109320fef5aac19880ad8a47e9ee6938359a2a7a72d,edf353b062db3a76419fe39f53452d365d4445859196921e2164c71a0fb3fe38,2.900000000001455,-0.625,-1.0500000000000114,0.30000000000001137,0.25
2026-09-17,CE,2026-09-17T04:00:00+00:00,2026-09-17T03:58:50.349799+00:00,2026-09-17T03:59:55.348311+00:00,64.998512,NIFTY|2026-09-22|23250|CE,ce8e8b0977b284d1e511e097e10d7115abb829386bd27070afd04cbcc8c6c8d1,c0c4dd50c13fe04462c3a8b5e4278563d8f9ff502d06cea8e4fdcb8e28e65381,-6.299999999999272,-5.949999999999989,-6.0,0.3499999999999943,0.15000000000000568
2026-09-17,CE,2026-09-17T04:01:00+00:00,2026-09-17T03:59:55.348311+00:00,2026-09-17T04:00:55.467400+00:00,60.119089,NIFTY|2026-09-22|23250|CE,c0c4dd50c13fe04462c3a8b5e4278563d8f9ff502d06cea8e4fdcb8e28e65381,a1ea88cf8e13954fdad1665c580e80d8e8659d91fa11139c1811130aea21d86f,13.400000000001455,5.324999999999989,6.0,0.15000000000000568,0.29999999999998295
2026-09-17,CE,2026-09-17T04:04:00+00:00,2026-09-17T04:02:50.496389+00:00,2026-09-17T04:03:55.347821+00:00,64.851432,NIFTY|2026-09-22|23300|CE,315e5bfa55cb73f2322714effb6ab88380dfdda25df79036bd230c26bdd67a80,a59b14254b22ba9139f2d7020bb58cd65397e020f1402090228e2c6429b15f8c,-0.5499999999992724,-5.25,-5.5,0.25,0.25
2026-09-17,CE,2026-09-17T04:05:00+00:00,2026-09-17T04:03:55.347821+00:00,2026-09-17T04:04:55.347863+00:00,60.000042,NIFTY|2026-09-22|23300|CE,a59b14254b22ba9139f2d7020bb58cd65397e020f1402090228e2c6429b15f8c,8d029c7acd125c1d6667f2c6f5f3289e6535812abeec630fa9fa7c8f1323bb95,3.7999999999992724,5.074999999999989,5.449999999999989,0.25,0.29999999999998295
2026-09-17,CE,2026-09-17T04:06:00+00:00,2026-09-17T04:04:55.347863+00:00,2026-09-17T04:05:55.351605+00:00,60.003742,NIFTY|2026-09-22|23300|CE,8d029c7acd125c1d6667f2c6f5f3289e6535812abeec630fa9fa7c8f1323bb95,c7fdcead15ca551ae52ee068e0168a81bc02d0dda4b1a7c74d30f665fd67e0a9,19.049999999999272,8.300000000000011,5.350000000000023,0.29999999999998295,0.30000000000001137
2026-09-17,CE,2026-09-17T04:07:00+00:00,2026-09-17T04:05:55.351605+00:00,2026-09-17T04:06:55.352858+00:00,60.001253,NIFTY|2026-09-22|23300|CE,c7fdcead15ca551ae52ee068e0168a81bc02d0dda4b1a7c74d30f665fd67e0a9,025c72e97e74e1cf5074bbbd224b2e555e036ed9267fb377778628e1cbd5422e,-7.899999999997817,-5.225000000000023,-2.3000000000000114,0.30000000000001137,0.3499999999999943
2026-09-17,CE,2026-09-17T04:09:00+00:00,2026-09-17T04:07:55.342635+00:00,2026-09-17T04:08:55.356364+00:00,60.013729,NIFTY|2026-09-22|23300|CE,0d7ca384b68bcae3d671be6fe2f00eae0532a8416985c6bf85c5c61facf623a5,1c1531f3e6d78e37f1f6f8349179cb2ce1af7b9adb880b804d862cc547bfb6b5,-9.44999999999709,-4.550000000000011,-4.349999999999994,0.3499999999999943,0.3499999999999943
2026-09-17,CE,2026-09-17T04:13:00+00:00,2026-09-17T04:11:55.348520+00:00,2026-09-17T04:12:55.352579+00:00,60.004059,NIFTY|2026-09-22|23250|CE,138cec5979f8db2e09adc3a48104126af06a6a40bafa72c0891723717136f4ba,d70f8be05a2d1fcd1437a466adeb46024257f8d7a6bc36b1af15280b2cb80151,-22.600000000002183,-11.575000000000017,-11.699999999999989,0.3499999999999943,0.19999999999998863
2026-09-17,CE,2026-09-17T04:14:00+00:00,2026-09-17T04:12:55.352579+00:00,2026-09-17T04:13:55.417200+00:00,60.064621,NIFTY|2026-09-22|23250|CE,d70f8be05a2d1fcd1437a466adeb46024257f8d7a6bc36b1af15280b2cb80151,b9553beb78963b4c8359b93a90c7e1784b772bd4d0dea9bbfd14f567f1d003c0,10.850000000002183,4.849999999999994,5.25,0.19999999999998863,0.29999999999998295
2026-09-17,CE,2026-09-17T04:16:00+00:00,2026-09-17T04:14:55.343636+00:00,2026-09-17T04:15:55.360675+00:00,60.017039,NIFTY|2026-09-22|23250|CE,78a449d107511d051fa561e15b9c0c0ebbd8ff57b6531c8e684554f162cff0a9,85ae86a606c4601ea837ca6245b5da28b441bbce7b5af651f8417680d0f73070,-4.25,-2.6750000000000114,-3.049999999999983,0.29999999999998295,0.35000000000002274
2026-09-17,CE,2026-09-17T04:18:00+00:00,2026-09-17T04:16:55.341066+00:00,2026-09-17T04:17:55.343614+00:00,60.002548,NIFTY|2026-09-22|23250|CE,2d17405fd9e217df961bacc347056129913c53186d9bdc1389c5c33bd816d789,8019d28d85fb33bf49f26dc8126b962d70c760416036e89181fde30ff1a0cbb2,6.299999999999272,3.1999999999999886,3.0999999999999943,0.20000000000001705,0.30000000000001137
2026-09-17,CE,2026-09-17T04:19:00+00:00,2026-09-17T04:17:55.343614+00:00,2026-09-17T04:18:55.364546+00:00,60.020932,NIFTY|2026-09-22|23250|CE,8019d28d85fb33bf49f26dc8126b962d70c760416036e89181fde30ff1a0cbb2,17722d917f1695477f2ff048606bb1831f9f6654c877185b389d9d18163b97ca,2.650000000001455,1.6750000000000114,1.75,0.30000000000001137,0.3499999999999943
2026-09-17,CE,2026-09-17T04:20:00+00:00,2026-09-17T04:18:55.364546+00:00,2026-09-17T04:19:55.457629+00:00,60.093083,NIFTY|2026-09-22|23250|CE,17722d917f1695477f2ff048606bb1831f9f6654c877185b389d9d18163b97ca,fa7cf275614c83f1d211c8b1ff0f6af0fd549c4e668c76a99c467acce5b27de4,9.200000000000728,2.4499999999999886,2.0999999999999943,0.3499999999999943,0.35000000000002274
2026-09-17,CE,2026-09-17T04:22:00+00:00,2026-09-17T04:20:55.360129+00:00,2026-09-17T04:21:55.399676+00:00,60.039547,NIFTY|2026-09-22|23250|CE,f8d3f1b5e134c3f17fb1a03372b5cf1641b00a009a761caa376d28e4cbe9c17b,95b77ef48937b69d3a40a9b72e43e88f87d01c276ad2cb7ad4c9d4d590b40551,7.799999999999272,1.525000000000034,1.5500000000000114,0.09999999999999432,0.15000000000000568
2026-09-17,CE,2026-09-17T04:24:00+00:00,2026-09-17T04:22:55.345738+00:00,2026-09-17T04:23:55.352374+00:00,60.006636,NIFTY|2026-09-22|23300|CE,ed9deccb88f11fc14214bcdbe32445621b4908c3d34af5a4223566c11dc01109,cd3654eafe4574cd6db19a7d3ec9a1522c9256c60b8c267b2fd1d9700dc9f9ae,-3.2999999999992724,-1.1750000000000114,-1.2000000000000028,0.20000000000000284,0.25
2026-09-17,CE,2026-09-17T04:25:00+00:00,2026-09-17T04:23:55.352374+00:00,2026-09-17T04:24:55.514029+00:00,60.161655,NIFTY|2026-09-22|23300|CE,cd3654eafe4574cd6db19a7d3ec9a1522c9256c60b8c267b2fd1d9700dc9f9ae,902c417035b1acd27930515154f6a91760dab9235a165cdfb7db7e9d0c8d4437,5.900000000001455,2.450000000000003,2.450000000000003,0.25,0.25
2026-09-17,CE,2026-09-17T04:29:00+00:00,2026-09-17T04:27:55.331964+00:00,2026-09-17T04:28:55.354884+00:00,60.02292,NIFTY|2026-09-22|23300|CE,0ce7013184f030d4443612555290cd5435812cae54d78c359fc4103025ac3e41,baf3cd1aabf9f69223ab6b98d94e6fc78745475f84e1f7285bb650443a28341a,2.600000000002183,-0.32499999999998863,-1.2000000000000028,0.25,0.20000000000000284
2026-09-17,CE,2026-09-17T04:31:00+00:00,2026-09-17T04:29:55.346914+00:00,2026-09-17T04:30:55.347322+00:00,60.000408,NIFTY|2026-09-22|23300|CE,cba8c8cf966f559375b46ec1553995335008ecbc91f5b8196ace87b88cfc2b74,00c4156613911c1ace4619ad43a510682c6d59601463abc0531dec0003f656fd,-3.599999999998545,-1.4749999999999943,-1.4000000000000057,0.25,0.29999999999999716
2026-09-17,CE,2026-09-17T04:33:00+00:00,2026-09-17T04:31:55.346195+00:00,2026-09-17T04:32:55.348008+00:00,60.001813,NIFTY|2026-09-22|23300|CE,7a7797e8f7cd6541feb551d673c4f672e1a0ab2f39345ca189bea9b851084de7,fc6caa91e1867735119aefd0fa517037b18742fb9ecab5dd094aa49780c4b48d,6.75,4.150000000000006,3.4000000000000057,0.29999999999999716,0.30000000000001137
2026-09-17,CE,2026-09-17T04:34:00+00:00,2026-09-17T04:32:55.348008+00:00,2026-09-17T04:33:55.435170+00:00,60.087162,NIFTY|2026-09-22|23300|CE,fc6caa91e1867735119aefd0fa517037b18742fb9ecab5dd094aa49780c4b48d,40e3a62f06b95390661ee44c0b9e435ebe5c95b4ea5281281b17f5a47a034fb8,-1.8000000000029104,-3.6500000000000057,-3.0,0.30000000000001137,0.29999999999999716
2026-09-17,CE,2026-09-17T04:37:00+00:00,2026-09-17T04:35:55.527653+00:00,2026-09-17T04:36:55.564999+00:00,60.037346,NIFTY|2026-09-22|23300|CE,9ef60a8955bc14a656e1451a327e41516dd0f1067b7c6d96b2724183ccedd8ed,7bbf4c7a748cdda4f3c686525b972b78e694765fe1dcce854aab15c6672da28b,2.0499999999992724,3.8500000000000227,2.3000000000000114,0.15000000000000568,0.3499999999999943
2026-09-17,CE,2026-09-17T04:39:00+00:00,2026-09-17T04:37:55.344694+00:00,2026-09-17T04:38:55.397085+00:00,60.052391,NIFTY|2026-09-22|23300|CE,c039b9cd2f10f2a31d42f991a62d17c6a6c20221d5c25218b7e9bdbdd3a94ad1,9baf3a95c15a074a5bf93e369e7c1e49aef24f2dc7255453a6cd09c4601d5e89,5.0,3.3000000000000114,2.5999999999999943,0.19999999999998863,0.30000000000001137
2026-09-17,CE,2026-09-17T04:40:00+00:00,2026-09-17T04:38:55.397085+00:00,2026-09-17T04:39:55.534844+00:00,60.137759,NIFTY|2026-09-22|23300|CE,9baf3a95c15a074a5bf93e369e7c1e49aef24f2dc7255453a6cd09c4601d5e89,12a75af7626765fbea3b79005d7301e476b3c54bea38fca47309e539552a3886,1.25,0.8249999999999886,0.8000000000000114,0.30000000000001137,0.25
2026-09-17,CE,2026-09-17T04:43:00+00:00,2026-09-17T04:41:55.373771+00:00,2026-09-17T04:42:55.671391+00:00,60.29762,NIFTY|2026-09-22|23300|CE,7e7df2641e37c3331563bb636eac7978169a5ee55382dbe4727b537148416e94,54ee2a397fba24aa3c8bba234886d97028322d49229cc7b478d43b55446034a6,-1.75,-0.5500000000000114,-0.44999999999998863,0.35000000000002274,0.3499999999999943
2026-09-17,CE,2026-09-17T04:45:00+00:00,2026-09-17T04:43:55.355907+00:00,2026-09-17T04:44:55.361910+00:00,60.006003,NIFTY|2026-09-22|23300|CE,2ddb3e6178e13ac2af854b94ad3f6308fdb8a2015c545ac4cb2bc492eab91bc8,b18d850d1bc9285991aaa2795f83b9a9747e3edea859f4b5501a661acd42f148,-5.150000000001455,-1.6750000000000114,-1.1999999999999886,0.25,0.19999999999998863
2026-09-17,CE,2026-09-17T04:46:00+00:00,2026-09-17T04:44:55.361910+00:00,2026-09-17T04:45:55.383387+00:00,60.021477,NIFTY|2026-09-22|23300|CE,b18d850d1bc9285991aaa2795f83b9a9747e3edea859f4b5501a661acd42f148,ee855078f713eddc85c12ece98c7354293ff8c7c281468925b6ca7523c5b9369,2.349999999998545,0.825000000000017,0.8499999999999943,0.19999999999998863,0.3499999999999943
2026-09-17,CE,2026-09-17T04:48:00+00:00,2026-09-17T04:46:55.359792+00:00,2026-09-17T04:47:55.520866+00:00,60.161074,NIFTY|2026-09-22|23300|CE,b1bdb081c49d99c68fedad4f2d27e45a57b18d6b7ec79dd723cd1cb1c0bd7255,d351605d86a8cd92c08f2f43a1ff8a83d988a6736744cae093a933a6e2edfd0c,-4.5,-2.700000000000017,-2.1500000000000057,0.30000000000001137,0.4000000000000057
2026-09-17,CE,2026-09-17T04:52:00+00:00,2026-09-17T04:50:55.349749+00:00,2026-09-17T04:51:55.594596+00:00,60.244847,NIFTY|2026-09-22|23300|CE,ad8a58adffb78c0d3c97dc010200c4af0fb400a39a002455fdbfa44a8ed2edb8,9e7f73aa55b0f64ffd0338b7e783e3c6712978510a8b08232dc509340e7bd5c8,1.25,1.1999999999999886,1.549999999999983,0.29999999999998295,0.30000000000001137
2026-09-17,CE,2026-09-17T04:54:00+00:00,2026-09-17T04:52:55.362699+00:00,2026-09-17T04:53:55.469325+00:00,60.106626,NIFTY|2026-09-22|23300|CE,81356e610f47118e9dd23e364ebaae827411dcb49d898de72b014ca4ddebade1,5a4ff748001d889d8a0dcb83ce64794c63beb0c3951555f307197f67b31e606f,-4.200000000000728,-2.875,-2.25,0.25,0.30000000000001137
2026-09-17,CE,2026-09-17T04:56:00+00:00,2026-09-17T04:54:55.341381+00:00,2026-09-17T04:55:55.611824+00:00,60.270443,NIFTY|2026-09-22|23300|CE,b25774f681a454d3fb9d2ee54e2071478721d035160961b17568796731bb31f4,03f41d2f8a777f99c4205f48f5b69a1cb3183efaaf0796f1609b31de2e7896f0,-6.849999999998545,-1.4499999999999886,-1.75,0.29999999999998295,0.30000000000001137
2026-09-17,CE,2026-09-17T04:57:00+00:00,2026-09-17T04:55:55.611824+00:00,2026-09-17T04:56:55.691393+00:00,60.079569,NIFTY|2026-09-22|23300|CE,03f41d2f8a777f99c4205f48f5b69a1cb3183efaaf0796f1609b31de2e7896f0,660f4f66b488263ae782d14f099af10605bfc2205184e3f0f1e5afd54bc57592,1.7999999999992724,-1.1749999999999972,-1.25,0.30000000000001137,0.3499999999999943
2026-09-17,CE,2026-09-17T04:59:00+00:00,2026-09-17T04:57:55.356294+00:00,2026-09-17T04:58:55.384718+00:00,60.028424,NIFTY|2026-09-22|23300|CE,540c69d5dde047edaa26362e5023429697270d0b8cece0d7197b8e7563b86d8a,d49dadc53ff31ca9b62513a395ee3d9291db97c612e10c66fd9ab6641f1cfbd6,-4.0,-1.0500000000000114,-1.5,0.30000000000001137,0.30000000000001137
2026-09-17,CE,2026-09-17T05:01:00+00:00,2026-09-17T04:59:55.346469+00:00,2026-09-17T05:00:55.349840+00:00,60.003371,NIFTY|2026-09-22|23300|CE,84047feb3c91efbad2da85d68e24fdfd2e9e92dd199cdf6b2fee1191e7234c93,747c41997e0d2336ec42c87c782aa50af39bf75e4a2ab50a5d0833d0d81f9d75,-3.75,-3.0250000000000057,-2.9000000000000057,0.25,0.30000000000001137
2026-09-17,CE,2026-09-17T05:02:00+00:00,2026-09-17T05:00:55.349840+00:00,2026-09-17T05:01:55.354533+00:00,60.004693,NIFTY|2026-09-22|23300|CE,747c41997e0d2336ec42c87c782aa50af39bf75e4a2ab50a5d0833d0d81f9d75,768a3d90d03e0ea8f5eee55c91c1b0f65aa194ebc59fa29320a356a2996e7e51,-12.600000000002183,-6.0249999999999915,-6.099999999999994,0.30000000000001137,0.25
2026-09-17,CE,2026-09-17T05:03:00+00:00,2026-09-17T05:01:55.354533+00:00,2026-09-17T05:02:55.467028+00:00,60.112495,NIFTY|2026-09-22|23300|CE,768a3d90d03e0ea8f5eee55c91c1b0f65aa194ebc59fa29320a356a2996e7e51,046dbb8929f831912d93741f81d53f1eda637c46391d892b5ec8b0d753bbb9e9,2.5499999999992724,1.75,1.75,0.25,0.15000000000000568
2026-09-17,CE,2026-09-17T05:09:00+00:00,2026-09-17T05:07:55.338963+00:00,2026-09-17T05:08:55.350438+00:00,60.011475,NIFTY|2026-09-22|23300|CE,4c9acf9e94e9766dc1d452f104756d8a025e1f52b2144fa9f6b69a312cfa55e5,83b7025b8fda418dcbc22b2b6082a096e2401bb2991b7d27445467a611760321,-8.25,-4.674999999999983,-4.400000000000006,0.3499999999999943,0.20000000000000284
2026-09-17,CE,2026-09-17T05:11:00+00:00,2026-09-17T05:09:50.350449+00:00,2026-09-17T05:10:55.345239+00:00,64.99479,NIFTY|2026-09-22|23300|CE,197a090d39c9cb9de3ce2d19c529f8637115ac0dbb3e3b7ac97635598bab30f1,a9e3529ac3caeca629006ff8bc5105ce4aa3cdd8e5955bb9e6eb8552fd338f04,-4.299999999999272,-2.125,-2.0,0.04999999999999716,0.29999999999999716
2026-09-17,CE,2026-09-17T05:15:00+00:00,2026-09-17T05:13:55.353944+00:00,2026-09-17T05:14:55.354076+00:00,60.000132,NIFTY|2026-09-22|23250|CE,602bcaef2caa3798f48931f7be5b10e54c5f783a7e5d8a0ca0b1fb4e9f730820,85fa21cf6d31a8ae9b770ac5c6a32cdb592afb9b6618dccbaa64bc7208236930,-3.0,-1.875,-2.1999999999999886,0.04999999999998295,0.29999999999998295
2026-09-17,CE,2026-09-17T05:22:00+00:00,2026-09-17T05:20:55.347102+00:00,2026-09-17T05:21:55.564942+00:00,60.21784,NIFTY|2026-09-22|23250|CE,b1f2c9a39c7260ea00e53d748696ed62d5739db5169de06707531ae665eab7c1,11385bd14f195617a91e6b22b90ddd8eb3f6f7107911865e999f488bcc55f77a,2.75,0.3499999999999659,0.45000000000001705,0.4000000000000057,0.4000000000000057
2026-09-17,CE,2026-09-17T05:24:00+00:00,2026-09-17T05:22:55.338782+00:00,2026-09-17T05:23:55.369532+00:00,60.03075,NIFTY|2026-09-22|23250|CE,879be5f947e0e7e39a697f3979c40f6e4a00565174e3810b7e2a39c885c79362,c6b193097d209857443106328028d2c77c19a27501cf1d590aff8fb3bf682e3e,0.3999999999978172,0.3750000000000284,0.09999999999999432,0.3499999999999943,0.19999999999998863
2026-09-17,CE,2026-09-17T05:31:00+00:00,2026-09-17T05:29:50.362561+00:00,2026-09-17T05:30:55.348493+00:00,64.985932,NIFTY|2026-09-22|23250|CE,88708a1b2c89e9ea26e0f8bc1a9cea7ebccc49aa192b416f42fbac350f964c25,c17011b33c1b26945c201f311027d8b47e6696cfaab61f58e13999f284b11cf2,-9.150000000001455,-5.549999999999983,-5.150000000000006,0.29999999999998295,0.30000000000001137
2026-09-17,CE,2026-09-17T05:32:00+00:00,2026-09-17T05:30:55.348493+00:00,2026-09-17T05:31:55.360662+00:00,60.012169,NIFTY|2026-09-22|23250|CE,c17011b33c1b26945c201f311027d8b47e6696cfaab61f58e13999f284b11cf2,93b264f53ac26c07a051d6ea06159d3cfbc245049df9875bc98b93e0fa5f9c5f,-4.700000000000728,-1.3499999999999943,-1.549999999999983,0.30000000000001137,0.20000000000001705
2026-09-17,CE,2026-09-17T05:33:00+00:00,2026-09-17T05:31:55.360662+00:00,2026-09-17T05:32:55.367644+00:00,60.006982,NIFTY|2026-09-22|23250|CE,93b264f53ac26c07a051d6ea06159d3cfbc245049df9875bc98b93e0fa5f9c5f,026f30bc6bd2dc35b08e64d4bad888d43f0ea540fc2ea5e0f98df549010388fc,2.150000000001455,0.2249999999999659,0.25,0.20000000000001705,0.3499999999999943
2026-09-17,CE,2026-09-17T05:35:00+00:00,2026-09-17T05:33:55.347504+00:00,2026-09-17T05:34:55.490353+00:00,60.142849,NIFTY|2026-09-22|23250|CE,8041788ac110e7078042f370103fd72206d98405430b87af63a985d4ab7121ee,21b6feb5033653ffcfe902fa028530442a3d498a1bde77087fa5d5a32315223e,1.8499999999985448,-1.375,-1.3999999999999915,0.25,0.20000000000000284
2026-09-17,CE,2026-09-17T05:39:00+00:00,2026-09-17T05:37:55.360275+00:00,2026-09-17T05:38:55.366683+00:00,60.006408,NIFTY|2026-09-22|23200|CE,344bb7121dff4187d8557298b212de4ca326e01457cb46360a03f894201176c3,1e3a9f45152bf1c03d28e6cca6890605308cee59d1a4df5d97efe56128f08260,-1.0999999999985448,-0.3250000000000455,-0.5999999999999943,0.3499999999999943,0.09999999999999432
2026-09-17,CE,2026-09-17T05:40:00+00:00,2026-09-17T05:38:55.366683+00:00,2026-09-17T05:39:56.099468+00:00,60.732785,NIFTY|2026-09-22|23200|CE,1e3a9f45152bf1c03d28e6cca6890605308cee59d1a4df5d97efe56128f08260,f4807617e044295d6dfcb75b66d043863cfe94554ecf49a7dad55c3ac6d34e31,-0.2000000000007276,2.0000000000000284,1.6999999999999886,0.09999999999999432,0.19999999999998863
2026-09-17,CE,2026-09-17T05:42:00+00:00,2026-09-17T05:40:55.398356+00:00,2026-09-17T05:41:55.516936+00:00,60.11858,NIFTY|2026-09-22|23200|CE,74b66fe546be100df3a3d7ca8e804e9fe0846511e88e5e73931a68e1de0cb4e7,ca0aded7933d172e19c76d1e12398afc08c4f366ead53382236c082a42d6b8e5,2.3000000000029104,-0.44999999999998863,-0.75,0.29999999999998295,0.30000000000001137
2026-09-17,CE,2026-09-17T05:50:00+00:00,2026-09-17T05:48:55.352480+00:00,2026-09-17T05:49:55.529448+00:00,60.176968,NIFTY|2026-09-22|23250|CE,8c224093c2b42d03af5c94f6521d2eac5bba4d3a7d56ce039195702068db7409,bfa3db5f869722f04c9cb95b563909d9af5ebd89e1ebb47eddcdc8aa7c8b8a7f,1.6499999999978172,1.7250000000000227,2.0,0.30000000000001137,0.3499999999999943
2026-09-17,CE,2026-09-17T05:52:00+00:00,2026-09-17T05:50:55.346219+00:00,2026-09-17T05:51:58.505649+00:00,63.15943,NIFTY|2026-09-22|23250|CE,4b5cd1d8170d1c2b2c9ea8efa9a658c8d1027b740dda4c289c71c3867bb873f5,cce417292699cf3005a9f7604c3bed5bd687aa29cb96b116ca3996da4db2cfc4,-0.7999999999992724,-2.4749999999999943,-2.5500000000000114,0.30000000000001137,0.25
2026-09-17,CE,2026-09-17T05:55:00+00:00,2026-09-17T05:53:50.363271+00:00,2026-09-17T05:54:55.352815+00:00,64.989544,NIFTY|2026-09-22|23250|CE,5c611b1e2b008b08c2d2910428169e2797f491fc51fc7f24158c2a5f36837052,360a343f4f8518f8143037ded0b4be172269ba918e068b17957561e3fe911b8f,3.349999999998545,0.4000000000000341,-0.30000000000001137,0.3499999999999943,0.3499999999999943
2026-09-17,CE,2026-09-17T05:56:00+00:00,2026-09-17T05:54:55.352815+00:00,2026-09-17T05:55:55.476261+00:00,60.123446,NIFTY|2026-09-22|23250|CE,360a343f4f8518f8143037ded0b4be172269ba918e068b17957561e3fe911b8f,3772bf37ba1f5151b003d71e25bb7793d3472abcff906695a279bac5aeb5d239,1.75,-0.07500000000001705,0.30000000000001137,0.3499999999999943,0.19999999999998863
2026-09-17,CE,2026-09-17T05:58:00+00:00,2026-09-17T05:56:50.365810+00:00,2026-09-17T05:57:55.338045+00:00,64.972235,NIFTY|2026-09-22|23250|CE,4c285da18c80a4880e15ad365eccfb4a343161e08803ce6dc245b04e3fea5444,6ea0f50b23e1b06262f6d8f3eb54a3fb9a08a7dd3c390a7b055b91a47baa623e,-8.950000000000728,-5.525000000000034,-4.799999999999983,0.4000000000000057,0.3499999999999943
2026-09-17,CE,2026-09-17T05:59:00+00:00,2026-09-17T05:57:55.338045+00:00,2026-09-17T05:58:55.348511+00:00,60.010466,NIFTY|2026-09-22|23250|CE,6ea0f50b23e1b06262f6d8f3eb54a3fb9a08a7dd3c390a7b055b91a47baa623e,b64b10180464dd0ee9ef2ae897ffc76b7db0e1170002843e987061893917031d,2.0,1.1750000000000114,1.6999999999999886,0.3499999999999943,0.19999999999998863
2026-09-17,CE,2026-09-17T06:00:00+00:00,2026-09-17T05:58:55.348511+00:00,2026-09-17T05:59:55.350421+00:00,60.00191,NIFTY|2026-09-22|23250|CE,b64b10180464dd0ee9ef2ae897ffc76b7db0e1170002843e987061893917031d,c422014bf0fbc8d7f98db882ca388d8a691c6c03ba075be2d7df28ad223cef41,2.600000000002183,0.5749999999999886,0.30000000000001137,0.19999999999998863,0.3499999999999943
2026-09-17,CE,2026-09-17T06:01:00+00:00,2026-09-17T05:59:55.350421+00:00,2026-09-17T06:00:55.362866+00:00,60.012445,NIFTY|2026-09-22|23250|CE,c422014bf0fbc8d7f98db882ca388d8a691c6c03ba075be2d7df28ad223cef41,09cfaaca74967c365569bf5402f3fac5edb7b28f2e18062f025a4fc27fc3eb22,-9.75,-3.125,-3.1000000000000085,0.3499999999999943,0.29999999999999716
2026-09-17,CE,2026-09-17T06:03:00+00:00,2026-09-17T06:01:55.345931+00:00,2026-09-17T06:02:55.363066+00:00,60.017135,NIFTY|2026-09-22|23250|CE,2fdfe7c232287719fb2ac8cda95c532b9f359ab748ccb98f12e540269a29bc4b,64c77d1195a57e49277f3856b939608643afdb943fde67e30b51ffd56110e22b,10.05000000000291,5.124999999999972,4.75,0.30000000000001137,0.3499999999999943
2026-09-17,CE,2026-09-17T06:05:00+00:00,2026-09-17T06:03:55.358815+00:00,2026-09-17T06:04:55.391545+00:00,60.03273,NIFTY|2026-09-22|23250|CE,c8a0eb625e3fbed7d73618e3a98c5eeddb7ea759417d7a77aa92e73b4aa65d23,1d35c5a0b34330ce3dde14b1334e89c672acd59de01b9e3f118b733d2cf5372e,3.0499999999992724,2.424999999999983,2.4499999999999886,0.30000000000001137,0.3499999999999943
2026-09-17,CE,2026-09-17T06:07:00+00:00,2026-09-17T06:05:55.345524+00:00,2026-09-17T06:06:55.376131+00:00,60.030607,NIFTY|2026-09-22|23250|CE,52b046e56384ed9e9f6ee370ce75027922eb0b49f4bb069dee583b827398f410,872039fd2b1963d77ae6d23a9d4d144f3802930652f9dac4a0c3a23389f2c65a,3.2999999999992724,1.9499999999999886,1.799999999999983,0.14999999999997726,0.3499999999999943
2026-09-17,CE,2026-09-17T06:09:00+00:00,2026-09-17T06:07:55.363118+00:00,2026-09-17T06:08:55.560334+00:00,60.197216,NIFTY|2026-09-22|23250|CE,600580fad60c5577fba01c9e41e251e3fa8b46d7bdda5b225c61e3e44a50a4ab,f791cf4f03d9617f2a634f2dc597f0ab652b1d842d0143ac832032edf2047d0e,2.399999999997817,-0.25,0.0,0.30000000000001137,0.30000000000001137
2026-09-17,CE,2026-09-17T06:11:00+00:00,2026-09-17T06:09:55.348761+00:00,2026-09-17T06:10:55.432428+00:00,60.083667,NIFTY|2026-09-22|23250|CE,5273fcfe888b0d0d7a0b197de2437a6e45989e9df77e80d538ef4886e863face,6410fde2206d11849e71bd12cb8851ad030b28b2518643d63717bd304724f182,3.5499999999992724,1.8249999999999886,2.0999999999999943,0.19999999999998863,0.3499999999999943
2026-09-17,CE,2026-09-17T06:12:00+00:00,2026-09-17T06:10:55.432428+00:00,2026-09-17T06:11:55.437080+00:00,60.004652,NIFTY|2026-09-22|23250|CE,6410fde2206d11849e71bd12cb8851ad030b28b2518643d63717bd304724f182,1879aea2bfea47b34299f38881c21eb4ae5cc7dd0acde2491db7261666b046c0,2.599999999998545,0.45000000000001705,0.4000000000000057,0.3499999999999943,0.25
2026-09-17,CE,2026-09-17T06:17:00+00:00,2026-09-17T06:15:55.356088+00:00,2026-09-17T06:16:55.472927+00:00,60.116839,NIFTY|2026-09-22|23250|CE,d0a08cbc7326aa6dee1573eb2e7777922f56d96e32d895f3027a9e5c5b46c036,d30919b212d5b4a587ae835107bb65b9ce4855124f55af88ba71dfbc2d082911,-5.350000000002183,-3.150000000000034,-3.0500000000000114,0.3499999999999943,0.15000000000000568
2026-09-17,CE,2026-09-17T06:23:00+00:00,2026-09-17T06:21:55.352417+00:00,2026-09-17T06:22:55.367335+00:00,60.014918,NIFTY|2026-09-22|23300|CE,2dd0ea0d094cdf26be4d6b8ba69c15a77bbc3b02df3fd7e61163629f096e773b,273d8abad736f9564f1420c07e2de6b2fed512bbd725a52ae483c3a4de795942,7.700000000000728,1.8499999999999943,1.9500000000000028,0.29999999999999716,0.29999999999999716
2026-09-17,CE,2026-09-17T06:25:00+00:00,2026-09-17T06:23:50.360223+00:00,2026-09-17T06:24:55.351462+00:00,64.991239,NIFTY|2026-09-22|23300|CE,65fe73c7f27cfea55285cdf227c1ad4fd965675adac3da0775c152caaa295223,90148a90acb12b7adfd9472f6c2c9e0148d18b86c2179a29afb348727b9e65c0,6.80000000000291,3.4499999999999886,3.450000000000003,0.29999999999999716,0.29999999999999716
2026-09-17,CE,2026-09-17T06:26:00+00:00,2026-09-17T06:24:55.351462+00:00,2026-09-17T06:25:55.355785+00:00,60.004323,NIFTY|2026-09-22|23300|CE,90148a90acb12b7adfd9472f6c2c9e0148d18b86c2179a29afb348727b9e65c0,817f257ce7d991160e8c0c90208eb4ca6ef379d012f6a5eb233f90916446e6c5,3.399999999997817,-0.25,-0.25,0.29999999999999716,0.29999999999999716
2026-09-17,CE,2026-09-17T06:27:00+00:00,2026-09-17T06:25:55.355785+00:00,2026-09-17T06:26:55.435210+00:00,60.079425,NIFTY|2026-09-22|23300|CE,817f257ce7d991160e8c0c90208eb4ca6ef379d012f6a5eb233f90916446e6c5,d21bf58fdd9fd93079a5d7115498607cb25a53c99ae7b1f6c7d410bfa6a44bb4,7.799999999999272,5.099999999999994,5.200000000000003,0.29999999999999716,0.09999999999999432
2026-09-17,CE,2026-09-17T06:29:00+00:00,2026-09-17T06:27:55.358775+00:00,2026-09-17T06:28:55.370240+00:00,60.011465,NIFTY|2026-09-22|23300|CE,58da7c38c0ca657c81e3d8b9ce653cf4587418b95c659e9d844de65111ef5bae,11084846172c775dd5759e71a24df09125b7019c97e19eb8858193677422751d,1.7999999999992724,-1.4750000000000227,-2.3000000000000114,0.29999999999998295,0.15000000000000568
2026-09-17,CE,2026-09-17T06:33:00+00:00,2026-09-17T06:31:55.345086+00:00,2026-09-17T06:32:55.349273+00:00,60.004187,NIFTY|2026-09-22|23300|CE,20d5495c79b86497ddf04a16b4846d941e0153f67aca5d09c8e707659245e50e,0a9f33c91d5a8c9fea6f35b6d8bffcc2ead43aeb8d5e8475ef755d809697115e,-0.3999999999978172,0.700000000000017,1.5,0.3499999999999943,0.25
2026-09-17,CE,2026-09-17T06:34:00+00:00,2026-09-17T06:32:55.349273+00:00,2026-09-17T06:33:55.353340+00:00,60.004067,NIFTY|2026-09-22|23300|CE,0a9f33c91d5a8c9fea6f35b6d8bffcc2ead43aeb8d5e8475ef755d809697115e,c6fbd8e2e05bbb9b1459fb0f54cbc2c0048bb8b66a730d029cdaff2d6fa7c24a,-7.049999999999272,-3.5250000000000057,-4.099999999999994,0.25,0.30000000000001137
2026-09-17,CE,2026-09-17T06:35:00+00:00,2026-09-17T06:33:55.353340+00:00,2026-09-17T06:34:55.354311+00:00,60.000971,NIFTY|2026-09-22|23300|CE,c6fbd8e2e05bbb9b1459fb0f54cbc2c0048bb8b66a730d029cdaff2d6fa7c24a,b006d395daefeceba587237d085a0f35336f7a36605d5a3cabcbaf473d561709,1.0,0.30000000000001137,0.8499999999999943,0.30000000000001137,0.20000000000001705
2026-09-17,CE,2026-09-17T06:37:00+00:00,2026-09-17T06:35:55.339793+00:00,2026-09-17T06:36:55.358549+00:00,60.018756,NIFTY|2026-09-22|23300|CE,437d2ac1ffe7f47d7b9e025b2c9b51a98c16ada168d74d5e7abe3e4bae93dec8,605482785fe7b0916399d82fb33836b4350b9a9990f6d5bf08656554595089fe,15.899999999997817,7.049999999999983,7.400000000000006,0.30000000000001137,0.4000000000000057
2026-09-17,CE,2026-09-17T06:39:00+00:00,2026-09-17T06:37:55.350243+00:00,2026-09-17T06:38:55.359480+00:00,60.009237,NIFTY|2026-09-22|23350|CE,6128f7fadc2a0294c56217701ec2caf764a8dadfc298b9ce25ebfbba0f982f50,6c44be1f08014273780c82a21ef52d34a06a388aa77a13d0b6e8ab5370abbb68,0.5500000000029104,-2.5000000000000284,-1.799999999999983,0.19999999999998863,0.4000000000000057
2026-09-17,CE,2026-09-17T06:41:00+00:00,2026-09-17T06:39:55.346431+00:00,2026-09-17T06:40:55.359551+00:00,60.01312,NIFTY|2026-09-22|23350|CE,b437bbaef7414eb30b8d5695595b343d558b7d7bef5e5e07ccbeda85c4008611,bad1a85f893e1870260511952256981fca3f2f225065456064f67f38b65c5255,1.25,1.2500000000000284,1.3500000000000085,0.29999999999999716,0.09999999999999432
2026-09-17,CE,2026-09-17T06:43:00+00:00,2026-09-17T06:41:55.357883+00:00,2026-09-17T06:42:55.365263+00:00,60.00738,NIFTY|2026-09-22|23350|CE,825f4b627c13b5d684a8cbb0af9734c2fea815956cadf9b3706083360700d4b4,20a47f7698f1718c70ddd5744cbbed51dc218bdcb0ae6f7a7dd40fa8d64b0464,-2.7000000000007276,-3.6499999999999773,-3.549999999999983,0.35000000000002274,0.3499999999999943
2026-09-17,CE,2026-09-17T06:44:00+00:00,2026-09-17T06:42:55.365263+00:00,2026-09-17T06:43:55.371264+00:00,60.006001,NIFTY|2026-09-22|23350|CE,20a47f7698f1718c70ddd5744cbbed51dc218bdcb0ae6f7a7dd40fa8d64b0464,2f6914f846906d4d341ce1fa84e0ada24505c436b9629f2a28d1372117fabc12,2.25,-1.150000000000034,-1.200000000000017,0.3499999999999943,0.25
2026-09-17,CE,2026-09-17T06:46:00+00:00,2026-09-17T06:44:55.366115+00:00,2026-09-17T06:45:55.396024+00:00,60.029909,NIFTY|2026-09-22|23350|CE,ebe90482c29392bfd4d4fc713008d27d3d096fbb473c79ca35adcdd98f17f7ae,53fd3180f0b82a9f899d764e9110d829e85e6df774b9e24210cc88edbdf7d852,-2.5,-2.0749999999999886,-2.25,0.29999999999998295,0.25
2026-09-17,CE,2026-09-17T06:50:00+00:00,2026-09-17T06:48:55.354850+00:00,2026-09-17T06:49:55.362523+00:00,60.007673,NIFTY|2026-09-22|23350|CE,abb07e0fe269c8f8b4ebc51820bb0169613ca351a677acaf96f75def44053e5e,f353a0f93e50f8300a954be3b1be6648178ece275bf1e9f616d371b2d4e93b85,-0.09999999999854481,-0.6249999999999716,-0.799999999999983,0.09999999999999432,0.25
2026-09-17,CE,2026-09-17T06:51:00+00:00,2026-09-17T06:49:55.362523+00:00,2026-09-17T06:50:55.378605+00:00,60.016082,NIFTY|2026-09-22|23350|CE,f353a0f93e50f8300a954be3b1be6648178ece275bf1e9f616d371b2d4e93b85,a98604fe49dbb0cb8866b4ee2b0ea0fb0ae09cb2e0ef56bfb576d67e687db4e8,-0.8000000000029104,-0.8499999999999943,-1.0,0.25,0.15000000000000568
2026-09-17,CE,2026-09-17T06:54:00+00:00,2026-09-17T06:52:50.363656+00:00,2026-09-17T06:53:55.346680+00:00,64.983024,NIFTY|2026-09-22|23350|CE,b0a786d88f31b8f8aa3244d19767687b9bae9893126f9bd3900c011f679175e2,54859980663ab3cdba60ca0d2ec66bb2999d6cf453a7aa9fb33420ae85e40236,7.799999999999272,1.6000000000000227,1.6000000000000227,0.39999999999997726,0.4000000000000057
2026-09-17,CE,2026-09-17T06:55:00+00:00,2026-09-17T06:53:55.346680+00:00,2026-09-17T06:54:55.368345+00:00,60.021665,NIFTY|2026-09-22|23350|CE,54859980663ab3cdba60ca0d2ec66bb2999d6cf453a7aa9fb33420ae85e40236,01a0b7442c0f6f887aa6e74e2aa60d02ecc21cf6de7d8bac097e4497ca3bad7c,-6.899999999997817,-3.6750000000000114,-3.75,0.4000000000000057,0.3499999999999943
2026-09-17,CE,2026-09-17T06:56:00+00:00,2026-09-17T06:54:55.368345+00:00,2026-09-17T06:55:55.504544+00:00,60.136199,NIFTY|2026-09-22|23350|CE,01a0b7442c0f6f887aa6e74e2aa60d02ecc21cf6de7d8bac097e4497ca3bad7c,1e028228cb5a65412c1a7519310446bf58a33b2898314c27fcfbfda5cd6842cd,-5.600000000002183,-4.150000000000006,-4.300000000000011,0.3499999999999943,0.25
2026-09-17,CE,2026-09-17T06:58:00+00:00,2026-09-17T06:56:55.354607+00:00,2026-09-17T06:57:55.370112+00:00,60.015505,NIFTY|2026-09-22|23350|CE,e7ec928218566aa611811b5a5af1217a0065063537f34d11ca8e6b64058340b7,5cf1176ac90fb7d38b565c76bdc9b472c00e05249395101e5d4f54d3081dfc5e,-2.400000000001455,1.125,0.9000000000000057,0.25,0.19999999999998863
2026-09-17,CE,2026-09-17T07:00:00+00:00,2026-09-17T06:58:50.585972+00:00,2026-09-17T06:59:55.355138+00:00,64.769166,NIFTY|2026-09-22|23350|CE,7a2c8ef710951fce8b087db29edc80f27e9de38815776544dfff882ff231fed9,89d93245027f7b91316f4dd5081e9efa94ede5ea25d6cf3fff2305f051a15da3,1.7999999999992724,-1.1500000000000057,-0.9499999999999886,0.30000000000001137,0.09999999999999432
2026-09-17,CE,2026-09-17T07:01:00+00:00,2026-09-17T06:59:55.355138+00:00,2026-09-17T07:00:55.718261+00:00,60.363123,NIFTY|2026-09-22|23350|CE,89d93245027f7b91316f4dd5081e9efa94ede5ea25d6cf3fff2305f051a15da3,0a11b989bf357bb1aa4fd2431d7ffcbb3c46439506a9ceb4182de747dc0a78d5,-1.5999999999985448,-3.3999999999999773,-3.6000000000000227,0.09999999999999432,0.09999999999999432
2026-09-17,CE,2026-09-17T07:03:00+00:00,2026-09-17T07:01:55.345529+00:00,2026-09-17T07:02:55.358901+00:00,60.013372,NIFTY|2026-09-22|23350|CE,c36be37ae184f5f22482c9a82e5b90968267e418de347d97ce48bba35bfebba5,527103fc0ef80159f69695cdd5e15051651bc4431032c206c3a41ae60aff29ed,3.150000000001455,0.799999999999983,0.75,0.30000000000001137,0.4000000000000057
2026-09-17,CE,2026-09-17T07:04:00+00:00,2026-09-17T07:02:55.358901+00:00,2026-09-17T07:03:55.366879+00:00,60.007978,NIFTY|2026-09-22|23350|CE,527103fc0ef80159f69695cdd5e15051651bc4431032c206c3a41ae60aff29ed,67e0a0b504c4d2b98fb5be9d1a252b6a37f69c7e15a000f2de7e7bc69b14c880,3.649999999997817,2.3500000000000227,2.4499999999999886,0.4000000000000057,0.30000000000001137
2026-09-17,CE,2026-09-17T07:05:00+00:00,2026-09-17T07:03:55.366879+00:00,2026-09-17T07:04:55.439064+00:00,60.072185,NIFTY|2026-09-22|23350|CE,67e0a0b504c4d2b98fb5be9d1a252b6a37f69c7e15a000f2de7e7bc69b14c880,4f13304954e2b846b17e5b17bb9e8fb4b002c7527986cb2bb03428f897baf777,-0.9500000000007276,-0.30000000000001137,-0.6500000000000057,0.30000000000001137,0.29999999999998295
2026-09-17,CE,2026-09-17T07:06:00+00:00,2026-09-17T07:04:55.439064+00:00,2026-09-17T07:05:55.455396+00:00,60.016332,NIFTY|2026-09-22|23350|CE,4f13304954e2b846b17e5b17bb9e8fb4b002c7527986cb2bb03428f897baf777,45ca330e34a70544fe2da5dc1fab8fa82565e665d5b4d2e0fa735f10aeec9dbd,2.100000000002183,1.025000000000034,1.0999999999999943,0.29999999999998295,0.3499999999999943
2026-09-17,CE,2026-09-17T07:09:00+00:00,2026-09-17T07:07:55.354601+00:00,2026-09-17T07:08:55.357558+00:00,60.002957,NIFTY|2026-09-22|23350|CE,48dc2d71133f122c4bb5986acbfca9305f044a34e837b9a4b0456fdeceba57f8,4975c8f65dad9d8b7ae623b21f549ecd14aea667ac255e46d3becd90e8a0ffbf,1.3499999999985448,2.0999999999999943,1.950000000000017,0.09999999999999432,0.30000000000001137
2026-09-17,CE,2026-09-17T07:10:00+00:00,2026-09-17T07:08:55.357558+00:00,2026-09-17T07:09:55.370591+00:00,60.013033,NIFTY|2026-09-22|23350|CE,4975c8f65dad9d8b7ae623b21f549ecd14aea667ac255e46d3becd90e8a0ffbf,1b81b17d7f76a4eba6c7d819a7dabe74edc6874ebc4da2950c239e7ee8b06bc0,-2.7999999999992724,-2.075000000000017,-1.75,0.30000000000001137,0.3499999999999943
2026-09-17,CE,2026-09-17T07:12:00+00:00,2026-09-17T07:10:55.350244+00:00,2026-09-17T07:11:55.370721+00:00,60.020477,NIFTY|2026-09-22|23350|CE,19100e9f22c3cf912ce10f702c049e22ad4be12c3fc5a0c994ebb2f898a46cf5,8e082cb27dc64ac5d37ea30ca3e63b477a43d361f7e77844a3c07308be6a7cba,0.3999999999978172,0.10000000000002274,-0.04999999999998295,0.05000000000001137,0.3499999999999943
2026-09-17,CE,2026-09-17T07:14:00+00:00,2026-09-17T07:12:55.352302+00:00,2026-09-17T07:13:55.361364+00:00,60.009062,NIFTY|2026-09-22|23350|CE,857e6767ea22e131312bc945e20d9ab7c110f42896fd90349bc6dd149a7516a3,bc6e01e56689c31e7c89492cf4d97322904a104a18212b410804be7d4613f714,-2.399999999997817,-4.375,-4.0,0.29999999999998295,0.3499999999999943
2026-09-17,CE,2026-09-17T07:16:00+00:00,2026-09-17T07:14:55.359122+00:00,2026-09-17T07:15:55.363719+00:00,60.004597,NIFTY|2026-09-22|23350|CE,f1547480c0efaa03c59d74fd7f4603a534cad9397cf1a9777504820badd5db5c,bce5304ba6c8251c2cc8eebadcf0fe0b38b1beacbd21d17684ae9cd89645eba9,1.1500000000014552,-0.5249999999999773,-0.700000000000017,0.20000000000001705,0.3499999999999943
2026-09-17,CE,2026-09-17T07:18:00+00:00,2026-09-17T07:16:55.360631+00:00,2026-09-17T07:17:55.361397+00:00,60.000766,NIFTY|2026-09-22|23350|CE,749b8e8ce67f5f3d8d32e0dfbe69f43aa8bc212a4311c6b51852ce5431d2c801,ec10f684823d2794c49d34d220b4eb41246d460bf570fdec03615a4ab864080c,-4.099999999998545,-4.625,-4.75,0.3499999999999943,0.29999999999999716
2026-09-17,CE,2026-09-17T07:20:00+00:00,2026-09-17T07:18:50.355104+00:00,2026-09-17T07:19:55.352692+00:00,64.997588,NIFTY|2026-09-22|23350|CE,01e7deeb77bd3bf673708e019e93d498c856d71d78a9e45a1706c655133cf210,3ebb4c96109198697a225bf1a91dddf212dc8e7541497be76aea41047193afed,-1.0,-3.0500000000000114,-3.5999999999999943,0.25,0.25
2026-09-17,CE,2026-09-17T07:21:00+00:00,2026-09-17T07:19:55.352692+00:00,2026-09-17T07:20:55.354791+00:00,60.002099,NIFTY|2026-09-22|23350|CE,3ebb4c96109198697a225bf1a91dddf212dc8e7541497be76aea41047193afed,c421403654b818ca69c97fe2c576016d460019dbe2ed6942e4f0ea5d65af1f45,-0.19999999999708962,2.4250000000000114,2.8499999999999943,0.25,0.20000000000000284
2026-09-17,CE,2026-09-17T07:22:00+00:00,2026-09-17T07:20:55.354791+00:00,2026-09-17T07:21:55.361848+00:00,60.007057,NIFTY|2026-09-22|23350|CE,c421403654b818ca69c97fe2c576016d460019dbe2ed6942e4f0ea5d65af1f45,44591598853f86d49b3291027eab14a9291f8c088097fff958657b1218918814,1.8499999999985448,-0.7750000000000057,-0.7999999999999972,0.20000000000000284,0.25
2026-09-17,CE,2026-09-17T07:24:00+00:00,2026-09-17T07:22:55.359250+00:00,2026-09-17T07:23:55.486472+00:00,60.127222,NIFTY|2026-09-22|23350|CE,9d02c467626ec3bf28fdfcc8d0d4332fd2983e777725fbf91a3f81ebb6c67521,a5b8aa44222debb28025553a72518ec53794aa6bafa4acfad9915a7ba948d11e,4.0,3.0,2.950000000000003,0.25,0.25
2026-09-17,CE,2026-09-17T07:26:00+00:00,2026-09-17T07:24:55.363402+00:00,2026-09-17T07:25:55.364219+00:00,60.000817,NIFTY|2026-09-22|23350|CE,1f600f8dacadfa249395cfb3ecc4e582f9abbf45468cf7a1b71969fafc83c0e4,bf15d2a607b7a93913c920c2880a49a8ca71a7457e3ec3e1696e7d1ae07fd81e,-5.0,-0.09999999999999432,0.20000000000000284,0.29999999999999716,0.29999999999999716
2026-09-17,CE,2026-09-17T07:28:00+00:00,2026-09-17T07:26:55.359924+00:00,2026-09-17T07:27:55.363963+00:00,60.004039,NIFTY|2026-09-22|23350|CE,dd3fa9f8210949e3643c991119eaf2dacaf7aaca483d28bf384936ec372da546,9f2a4e9d81a0b6a1912b596ee619671695504a458173971cce344c67f64c1e1b,0.05000000000291038,1.8749999999999858,1.8499999999999943,0.29999999999999716,0.3499999999999943
2026-09-17,CE,2026-09-17T07:30:00+00:00,2026-09-17T07:28:55.363861+00:00,2026-09-17T07:29:55.367560+00:00,60.003699,NIFTY|2026-09-22|23350|CE,cc7e7fb2272998f41b5ce0377e56f2237abfd0f3f33d20242b0cbade1b4ec5ae,62e0443e1a661cd1f8835a5d6f5dbfc8488949fe09f2558139b494f32d61fc59,-0.25,-0.7000000000000028,-0.5499999999999972,0.15000000000000568,0.3500000000000085
2026-09-17,CE,2026-09-17T07:31:00+00:00,2026-09-17T07:29:55.367560+00:00,2026-09-17T07:30:55.383656+00:00,60.016096,NIFTY|2026-09-22|23350|CE,62e0443e1a661cd1f8835a5d6f5dbfc8488949fe09f2558139b494f32d61fc59,87f8fd4fa1fe095d270b2b9815b7b65f462505891f1069723b4f0eb2699c1a78,3.9500000000007276,3.1500000000000057,2.75,0.3500000000000085,0.25
2026-09-17,CE,2026-09-17T07:32:00+00:00,2026-09-17T07:30:55.383656+00:00,2026-09-17T07:31:55.461906+00:00,60.07825,NIFTY|2026-09-22|23350|CE,87f8fd4fa1fe095d270b2b9815b7b65f462505891f1069723b4f0eb2699c1a78,5065740a696ad619a5deb215ef4fe9dd0444281c10ffde4672aecf2323f18bda,-6.200000000000728,-6.224999999999994,-5.650000000000006,0.25,0.20000000000000284
2026-09-17,CE,2026-09-17T07:34:00+00:00,2026-09-17T07:32:55.351508+00:00,2026-09-17T07:33:55.377264+00:00,60.025756,NIFTY|2026-09-22|23350|CE,11b592f5dd80e845dacf10902614d924fcfe299820101e1c3f96307354fe9f8e,685bce8111ebd03cc0d107a0ab51ba67797e04dd92c0a924e7d6d72cf1ab1e3b,-2.75,-2.374999999999986,-2.3999999999999915,0.25,0.29999999999999716
2026-09-17,CE,2026-09-17T07:36:00+00:00,2026-09-17T07:34:55.365575+00:00,2026-09-17T07:35:55.368035+00:00,60.00246,NIFTY|2026-09-22|23350|CE,14ba94a045c915146cec0fb218a98dd54d7ab0bd2a4cd6812acf930ad49870d7,d5e698bb37f33a66cc17341fe881039f3f384fbda3aa0a02d6766388461c3cee,2.4500000000007276,0.625,0.9500000000000028,0.25,0.20000000000000284
2026-09-17,CE,2026-09-17T07:39:00+00:00,2026-09-17T07:37:55.356186+00:00,2026-09-17T07:38:55.378195+00:00,60.022009,NIFTY|2026-09-22|23300|CE,f0e3bdcf527c7b652b91a540351d82cb09d14055c7a26ae9fc457aa6c01e9667,b67fe58fec6606aeb37c256226b5bd682642ad18b6ce8c1da6aa6efd529eb21d,2.900000000001455,0.9749999999999943,1.3999999999999773,0.25,0.19999999999998863
2026-09-17,CE,2026-09-17T07:47:00+00:00,2026-09-17T07:45:55.362275+00:00,2026-09-17T07:46:55.366272+00:00,60.003997,NIFTY|2026-09-22|23300|CE,c006959269d63f04b26369494c446fdd4509b49d90bf146ce0f2a56c7810c9eb,583b0854cfe6ddae91eba19fa96f21654685d873cdb34b5dbf27515617c922c1,4.349999999998545,5.5,5.75,0.3499999999999943,0.25
2026-09-17,CE,2026-09-17T07:48:00+00:00,2026-09-17T07:46:55.366272+00:00,2026-09-17T07:47:55.503115+00:00,60.136843,NIFTY|2026-09-22|23300|CE,583b0854cfe6ddae91eba19fa96f21654685d873cdb34b5dbf27515617c922c1,fd509834a6f2e3af54896c331c4384c54c546c04ce4872977734b5ff66dd76c6,-5.849999999998545,-3.8000000000000114,-4.0,0.25,0.3499999999999943
2026-09-17,CE,2026-09-17T07:51:00+00:00,2026-09-17T07:49:50.365786+00:00,2026-09-17T07:50:55.357223+00:00,64.991437,NIFTY|2026-09-22|23300|CE,6dff466c04cbc3c888af6c16297d5b2242657da7354e4cdcd24db166d7b45cc2,fa90d50b88c7baf9f8f15ab9e114dec23642976aba27cef6a7ee7571f9a5d4ea,0.75,-0.4749999999999943,0.25,0.30000000000001137,0.25
2026-09-17,CE,2026-09-17T07:52:00+00:00,2026-09-17T07:50:55.357223+00:00,2026-09-17T07:51:55.374355+00:00,60.017132,NIFTY|2026-09-22|23300|CE,fa90d50b88c7baf9f8f15ab9e114dec23642976aba27cef6a7ee7571f9a5d4ea,6bfca9c2bfb1114a8e943395c544601a5fd2c8a6b4ec30806856795801d46411,2.2999999999992724,0.6500000000000057,0.25,0.25,0.3499999999999943
2026-09-17,CE,2026-09-17T07:54:00+00:00,2026-09-17T07:52:55.356683+00:00,2026-09-17T07:53:55.361715+00:00,60.005032,NIFTY|2026-09-22|23300|CE,95cd2fda470b6933e28a0c9abdf7b2fcc6d1d5056a60f24173063c2e0ec05e7a,70b790915c660a67cd6de445e45b08eb6d267ae00123c63be86bac6076d467f2,-0.2000000000007276,0.5250000000000341,0.5,0.3499999999999943,0.29999999999998295
2026-09-17,CE,2026-09-17T07:56:00+00:00,2026-09-17T07:54:55.360292+00:00,2026-09-17T07:55:55.908307+00:00,60.548015,NIFTY|2026-09-22|23300|CE,a48d1f1eb4adea4c0326633663f998958998f2a9691cefd7d8f3a141221f947b,7f41e05224a002a3e5968cf6cfdf143ad6fabda0c129aa7acc0dcb0d5c4e2fbe,-12.450000000000728,-3.700000000000017,-3.5,0.3499999999999943,0.05000000000001137
2026-09-17,CE,2026-09-17T08:00:00+00:00,2026-09-17T07:58:50.358847+00:00,2026-09-17T07:59:55.349064+00:00,64.990217,NIFTY|2026-09-22|23250|CE,716477517346bf5026225704d8dac3632e7a05c0a98621534436d89be51b5e0b,0bd27b89e102ad333758a445b4d8f1a35ce69d31df1fdeb41a9544b9b8f7c290,-2.75,-1.924999999999983,-1.6500000000000057,0.3499999999999943,0.30000000000001137
2026-09-17,CE,2026-09-17T08:01:00+00:00,2026-09-17T07:59:55.349064+00:00,2026-09-17T08:00:55.367613+00:00,60.018549,NIFTY|2026-09-22|23250|CE,0bd27b89e102ad333758a445b4d8f1a35ce69d31df1fdeb41a9544b9b8f7c290,60dfaf419601d063cad8033fc03960fa83edd8a5648a8f8ea5a31c514ef499af,-14.0,-6.900000000000006,-6.849999999999994,0.30000000000001137,0.29999999999998295
2026-09-17,CE,2026-09-17T08:03:00+00:00,2026-09-17T08:01:55.357795+00:00,2026-09-17T08:02:55.608926+00:00,60.251131,NIFTY|2026-09-22|23250|CE,a97b7f2da116714fed5024da604e570fa4847a8a21ebfed46677f05f4fceb9cf,2d7768820a1d4a9b998443716c9294a35f037ed437f0bf41f7ae49b0db589bb5,6.599999999998545,2.4499999999999886,2.25,0.25,0.25
2026-09-17,CE,2026-09-17T08:05:00+00:00,2026-09-17T08:03:55.360550+00:00,2026-09-17T08:04:55.390083+00:00,60.029533,NIFTY|2026-09-22|23250|CE,0ad49caec304a462754de5c775a470665ddceb1575b2f8d3778a9991c5b55a3b,4c5fe0b0afcb54638cd76f2456564cce1b90e42c4d3113f26d8072f0e9800443,5.200000000000728,3.5749999999999886,3.4000000000000057,0.30000000000001137,0.15000000000000568
2026-09-17,CE,2026-09-17T08:07:00+00:00,2026-09-17T08:05:55.372445+00:00,2026-09-17T08:06:55.622959+00:00,60.250514,NIFTY|2026-09-22|23250|CE,492045326fbc27c5615d01fd8a8437545483f5f93c5566a3dc22ec36b5213654,3bcd07d3e6ff34a72cd3d5fc333c9b71c452ad59c7b2b8ec0261dce4c82aa23d,-4.5,-3.0500000000000114,-3.25,0.29999999999998295,0.30000000000001137
2026-09-17,CE,2026-09-17T08:10:00+00:00,2026-09-17T08:08:50.597618+00:00,2026-09-17T08:09:55.358753+00:00,64.761135,NIFTY|2026-09-22|23250|CE,185883652f3540e85412ee66b4ef51c411a758283f29ba9afc1924f5f28cfc41,023aa6cef854512700bf07f33e3b357cf877403d4435a996c5b68981ad84e973,4.25,-0.024999999999977263,-0.25,0.29999999999998295,0.25
2026-09-17,CE,2026-09-17T08:11:00+00:00,2026-09-17T08:09:55.358753+00:00,2026-09-17T08:10:55.375137+00:00,60.016384,NIFTY|2026-09-22|23250|CE,023aa6cef854512700bf07f33e3b357cf877403d4435a996c5b68981ad84e973,33f9e9377072754481a1cf7c78cb095dc645011902845e79bbc02151d989bbd3,9.350000000002183,3.6499999999999773,3.8999999999999773,0.25,0.25
2026-09-17,CE,2026-09-17T08:14:00+00:00,2026-09-17T08:12:55.367736+00:00,2026-09-17T08:13:55.372729+00:00,60.004993,NIFTY|2026-09-22|23250|CE,558faa8cf02b1f2aee43052a94788c48f94843faedfb9887d713caed80bfa54c,dced554cd53ea146d4c5a4d8e58711dbc81f9c14be3b337ab5047365fde405e9,0.8500000000021828,1.674999999999983,1.6500000000000057,0.30000000000001137,0.25
2026-09-17,CE,2026-09-17T08:16:00+00:00,2026-09-17T08:14:50.445527+00:00,2026-09-17T08:15:55.354816+00:00,64.909289,NIFTY|2026-09-22|23250|CE,9b92180a97fccd73619afe69390568e4fa2a9767f209b2120a40e22b7f0aee64,f98830f8dfeac35e1ee7422e89d4f01ddc0de51b1e51e3f7e3d0565b8023e517,1.1499999999978172,3.5500000000000114,4.0,0.25,0.3499999999999943
2026-09-17,CE,2026-09-17T08:17:00+00:00,2026-09-17T08:15:55.354816+00:00,2026-09-17T08:16:55.386616+00:00,60.0318,NIFTY|2026-09-22|23250|CE,f98830f8dfeac35e1ee7422e89d4f01ddc0de51b1e51e3f7e3d0565b8023e517,4da21c005a5cac9725ede85ca6d2b3913bcb7b85341fef84c0d6b8b99b71fb15,3.75,0.8999999999999773,0.9000000000000057,0.3499999999999943,0.3499999999999943
2026-09-17,CE,2026-09-17T08:18:00+00:00,2026-09-17T08:16:55.386616+00:00,2026-09-17T08:17:55.533204+00:00,60.146588,NIFTY|2026-09-22|23250|CE,4da21c005a5cac9725ede85ca6d2b3913bcb7b85341fef84c0d6b8b99b71fb15,75ec9af629593b08035d7444654f4c58139f48fb7782aa31e1926d47730826b9,4.049999999999272,0.0,-0.25,0.3499999999999943,0.15000000000000568
2026-09-17,CE,2026-09-17T08:19:00+00:00,2026-09-17T08:17:55.533204+00:00,2026-09-17T08:18:55.562079+00:00,60.028875,NIFTY|2026-09-22|23250|CE,75ec9af629593b08035d7444654f4c58139f48fb7782aa31e1926d47730826b9,bccf47841cd43166e9389809bc30c4c0c0e38e8b1d38e8789936ce71215e3228,-7.149999999997817,-4.050000000000011,-4.150000000000006,0.15000000000000568,0.3499999999999943
2026-09-17,CE,2026-09-17T08:21:00+00:00,2026-09-17T08:19:50.363576+00:00,2026-09-17T08:20:55.359090+00:00,64.995514,NIFTY|2026-09-22|23250|CE,a050b01dc9234a3f53684073b3060cee4275ae47d96ce541f32a10c6f7f37861,1c7b645bd4155bfa7a371f8257ea39cffde7cea8bcbed5cda3e9d541e0554253,0.9000000000014552,1.424999999999983,1.5,0.19999999999998863,0.3499999999999943
2026-09-17,CE,2026-09-17T08:22:00+00:00,2026-09-17T08:20:55.359090+00:00,2026-09-17T08:21:55.363113+00:00,60.004023,NIFTY|2026-09-22|23250|CE,1c7b645bd4155bfa7a371f8257ea39cffde7cea8bcbed5cda3e9d541e0554253,e04903de6e0723a5ce4bbd0f29394be666a30e2ce5acc6400d03b9d6f021b206,2.349999999998545,0.5750000000000455,0.4000000000000057,0.3499999999999943,0.4000000000000057
2026-09-17,CE,2026-09-17T08:24:00+00:00,2026-09-17T08:22:55.358366+00:00,2026-09-17T08:23:55.365943+00:00,60.007577,NIFTY|2026-09-22|23250|CE,24b86ce979c211a842fc5e51b9b58896ffdea9e2d569d1877b4fce89da7bc26b,9b9eb31868ac9c1461116a09d2172f3f3bcacb4b5ab3e60d118eeee0c59bae3a,-4.700000000000728,-2.125,-2.450000000000017,0.35000000000002274,0.30000000000001137
2026-09-17,CE,2026-09-17T08:26:00+00:00,2026-09-17T08:24:55.365725+00:00,2026-09-17T08:25:55.375254+00:00,60.009529,NIFTY|2026-09-22|23250|CE,df93ce9f9b791aee3756ffe1c0d53fa533b33c160fb7d9322095fe80b0c19157,a6cc569e4f5d8f669f11295de9261e0a6b3564188da37c487ee1368153d86adb,1.6999999999970896,1.7750000000000057,1.6000000000000227,0.19999999999998863,0.25
2026-09-17,CE,2026-09-17T08:27:00+00:00,2026-09-17T08:25:55.375254+00:00,2026-09-17T08:26:55.504261+00:00,60.129007,NIFTY|2026-09-22|23250|CE,a6cc569e4f5d8f669f11295de9261e0a6b3564188da37c487ee1368153d86adb,8d37bc011905bcca3307290cb8da160c7d086463c2fde7c41ad7dabc9775a461,-0.6499999999978172,-1.125,-1.0500000000000114,0.25,0.30000000000001137
2026-09-17,CE,2026-09-17T08:29:00+00:00,2026-09-17T08:27:55.361448+00:00,2026-09-17T08:28:55.366675+00:00,60.005227,NIFTY|2026-09-22|23250|CE,c3c91521205d7c8d0b039732fc0d2f96fe1be3ab8ba6aefe1cc0e2d06b384caa,e2f425f77233c8adb0d1d87a7f7f5afbb2fe41520276369bb420d0b9297e50bf,2.349999999998545,-0.44999999999998863,-0.6999999999999886,0.29999999999998295,0.30000000000001137
2026-09-17,CE,2026-09-17T08:30:00+00:00,2026-09-17T08:28:55.366675+00:00,2026-09-17T08:29:55.367747+00:00,60.001072,NIFTY|2026-09-22|23250|CE,e2f425f77233c8adb0d1d87a7f7f5afbb2fe41520276369bb420d0b9297e50bf,7c521711df40b9c0601e863e5806c5b56d05bb25a0b2c517d847e2d272502fd6,-7.399999999997817,-2.4250000000000114,-2.8000000000000114,0.30000000000001137,0.3499999999999943
2026-09-17,CE,2026-09-17T08:34:00+00:00,2026-09-17T08:32:55.362319+00:00,2026-09-17T08:33:55.366820+00:00,60.004501,NIFTY|2026-09-22|23250|CE,e4a5df45a352ce98e39d474f0710cb756c41a5929c83f546ed12b73c92962b93,114d6cd6d75322c4eafbe05eb4d4e397f95217363f990896154f4e707db52385,2.75,1.3000000000000114,1.5999999999999943,0.30000000000001137,0.29999999999998295
2026-09-17,CE,2026-09-17T08:40:00+00:00,2026-09-17T08:38:55.363546+00:00,2026-09-17T08:39:55.367090+00:00,60.003544,NIFTY|2026-09-22|23300|CE,27da196db149deec8a29ea0aeb544424ac979e60f6d9d807209b67d73bcaa7cf,19cfd55982982af89efc59f18f7f20fba8ae273b2740f39307792f45123e7ccb,2.8000000000029104,1.4000000000000057,1.3499999999999943,0.19999999999998863,0.29999999999999716
2026-09-17,CE,2026-09-17T08:41:00+00:00,2026-09-17T08:39:55.367090+00:00,2026-09-17T08:40:55.454661+00:00,60.087571,NIFTY|2026-09-22|23300|CE,19cfd55982982af89efc59f18f7f20fba8ae273b2740f39307792f45123e7ccb,8bc138f41c30e859e5cbdf2b104d9dfb34b136b69ecb67123bcc681246d9c59f,2.0,-0.8500000000000085,-0.6500000000000057,0.29999999999999716,0.09999999999999432
2026-09-17,CE,2026-09-17T08:43:00+00:00,2026-09-17T08:41:55.356401+00:00,2026-09-17T08:42:55.362635+00:00,60.006234,NIFTY|2026-09-22|23300|CE,d0be0ac5a087c500142563969d6d41390ac464a596c669d8a2cc490eebede575,7612834efe05efabf113a3fb29e30b939a91511802ec82172b14f8daae8a583c,0.10000000000218279,0.5,0.6000000000000085,0.25,0.25
2026-09-17,CE,2026-09-17T08:44:00+00:00,2026-09-17T08:42:55.362635+00:00,2026-09-17T08:43:55.378021+00:00,60.015386,NIFTY|2026-09-22|23300|CE,7612834efe05efabf113a3fb29e30b939a91511802ec82172b14f8daae8a583c,c8187d6e19674f2d45a670033c41127868efdf4d1ccafc59549f5c9d851774b7,1.7999999999992724,1.0999999999999943,0.8499999999999943,0.25,0.25
2026-09-17,CE,2026-09-17T08:46:00+00:00,2026-09-17T08:44:55.363935+00:00,2026-09-17T08:45:55.386089+00:00,60.022154,NIFTY|2026-09-22|23300|CE,f00555eb5f61f4f5913a574896314ed0c933cdb13a43c6bf3d1e922e832bc7a7,756cafff42dac59755f33a26d0da6c5249e38bcd317578e76fa927cc7b0fbc08,-2.0499999999992724,-0.5499999999999972,-0.7000000000000028,0.3499999999999943,0.25
2026-09-17,CE,2026-09-17T08:48:00+00:00,2026-09-17T08:46:55.366925+00:00,2026-09-17T08:47:55.461077+00:00,60.094152,NIFTY|2026-09-22|23250|CE,6239ed56ec2c859ad1aad828a1989620431ddbdf8dcc1216ddadbcddbf15f30a,a30bc057366d9f4df3e752597facd78ca11e83fa7806511370dedb515d01056e,2.25,3.0,2.4000000000000057,0.35000000000002274,0.25
2026-09-17,CE,2026-09-17T08:50:00+00:00,2026-09-17T08:48:55.369198+00:00,2026-09-17T08:49:55.369379+00:00,60.000181,NIFTY|2026-09-22|23300|CE,ece97fd64ff94f858fa940bb3104f0a2d976bea78aff1661c1b7d95d0398505c,305fa74b7f71f74bf398c3baaff325e58738170f6c8c04acd6afbdedee906fd5,0.4000000000014552,-1.5999999999999943,-1.4000000000000057,0.29999999999999716,0.30000000000001137
2026-09-17,CE,2026-09-17T08:51:00+00:00,2026-09-17T08:49:55.369379+00:00,2026-09-17T08:50:55.461767+00:00,60.092388,NIFTY|2026-09-22|23300|CE,305fa74b7f71f74bf398c3baaff325e58738170f6c8c04acd6afbdedee906fd5,46e3b16fe386d7e46f930f408a9884bd11a9ad06ae54f587f36e374b243662a6,-1.1500000000014552,1.7249999999999943,1.7999999999999972,0.30000000000001137,0.25
2026-09-17,CE,2026-09-17T08:53:00+00:00,2026-09-17T08:51:55.350770+00:00,2026-09-17T08:52:55.585765+00:00,60.234995,NIFTY|2026-09-22|23300|CE,73ee2be5001b8536000f4d3a5100fa50d7d5263c5289f9fa9a5e11bc2c734789,89619da415ea6905ce0ac2927ee3266b202ec0024cbb03c613b13884dc940fe5,0.3000000000029104,-1.3999999999999915,-1.4500000000000028,0.25,0.25
2026-09-17,CE,2026-09-17T08:56:00+00:00,2026-09-17T08:54:55.358093+00:00,2026-09-17T08:55:55.710140+00:00,60.352047,NIFTY|2026-09-22|23300|CE,e1c6f989d5e78d74e48f017aa44516bf0848816d5eb9d70e477d86a87234bc72,49424f6e611becdc394bf411de6f41f49450b64f7056432c7ecf01acb51e5b16,-8.450000000000728,-4.799999999999997,-4.950000000000003,0.25,0.04999999999999716
2026-09-17,CE,2026-09-17T09:01:00+00:00,2026-09-17T08:59:55.336884+00:00,2026-09-17T09:00:55.584509+00:00,60.247625,NIFTY|2026-09-22|23300|CE,3e6fc01434656b7c5633f77a4e7bdac7dc21f4993d3a5b9d4c460f2e7bfe2f82,4c9e110913201e2f85946807eb7b2041b9970b09e18d7d86a9bbc45119cee34f,-0.9500000000007276,-1.1749999999999972,-1.0499999999999972,0.09999999999999432,0.25
2026-09-17,CE,2026-09-17T09:03:00+00:00,2026-09-17T09:01:50.361446+00:00,2026-09-17T09:02:55.357329+00:00,64.995883,NIFTY|2026-09-22|23300|CE,77d3f121e999b0c02eb42940339291714bf09caf4462115e0b74c5f6a4b5710f,8f2882159ecec1e964b27ae8b86318463653ff951702d8a3ec3e2568b886b584,0.049999999999272404,-1.25,-1.0499999999999972,0.29999999999999716,0.29999999999999716
2026-09-17,CE,2026-09-17T09:08:00+00:00,2026-09-17T09:06:50.347587+00:00,2026-09-17T09:07:55.335311+00:00,64.987724,NIFTY|2026-09-22|23300|CE,e6896ab41f0c0dba62fba2810b608dc46191b1ddd0dd29f918d623722e841480,b417900080622eb13219903e41edf4f17ea266d3a09d5b63bc7d5e198f06def4,19.849999999998545,12.475000000000009,12.400000000000006,0.25,0.29999999999999716
2026-09-17,CE,2026-09-17T09:09:00+00:00,2026-09-17T09:07:55.335311+00:00,2026-09-17T09:08:55.347785+00:00,60.012474,NIFTY|2026-09-22|23300|CE,b417900080622eb13219903e41edf4f17ea266d3a09d5b63bc7d5e198f06def4,d3cbea377fc75c7f89d30f4bda83cf24537944f46d3b756344ce16c7e90a76c9,-11.349999999998545,-6.950000000000017,-7.0,0.29999999999999716,0.20000000000000284
2026-09-17,CE,2026-09-17T09:10:00+00:00,2026-09-17T09:08:55.347785+00:00,2026-09-17T09:09:55.359925+00:00,60.01214,NIFTY|2026-09-22|23300|CE,d3cbea377fc75c7f89d30f4bda83cf24537944f46d3b756344ce16c7e90a76c9,1079cdf01246f76e6af21b19a4db49966b743f0c42f88a228552ced19bf4ff34,9.75,5.200000000000017,5.25,0.20000000000000284,0.29999999999999716
2026-09-17,CE,2026-09-17T09:12:00+00:00,2026-09-17T09:10:55.346276+00:00,2026-09-17T09:11:55.347547+00:00,60.001271,NIFTY|2026-09-22|23300|CE,a514b70673b5893b099f13458ac446bd0eeb4d4f64701a3815a09771fedf35f5,416e55f3198bd67f53a30532b45d3ab73a7398e68b5d4f3aabda35ab579e4dc7,-0.09999999999854481,-1.75,-1.5499999999999972,0.29999999999999716,0.29999999999999716
2026-09-17,CE,2026-09-17T09:14:00+00:00,2026-09-17T09:12:55.329604+00:00,2026-09-17T09:13:55.456208+00:00,60.126604,NIFTY|2026-09-22|23300|CE,51b768f262b7c9a056d3ac29506a8af2fa2b065f863a09370740c4d4a2c2f1ae,166337b9826c86018a094c7af07080f3fdc3c5c9bc7845c1bde0ba05baf1009a,7.450000000000728,3.0999999999999943,3.200000000000003,0.25,0.14999999999999147
2026-09-17,CE,2026-09-17T09:17:00+00:00,2026-09-17T09:15:55.346341+00:00,2026-09-17T09:16:55.352138+00:00,60.005797,NIFTY|2026-09-22|23300|CE,be4a2c542fafc091d76f917384c290b4d49b072fb44a9ae228f87ec30905bae6,324783c422dfb0846cb9c18d80c49f4a6e65cf44602d099d2f876ca752f84c45,1.8500000000021828,2.625,2.6499999999999915,0.29999999999999716,0.25
2026-09-17,CE,2026-09-17T09:19:00+00:00,2026-09-17T09:17:55.340981+00:00,2026-09-17T09:18:55.350066+00:00,60.009085,NIFTY|2026-09-22|23300|CE,5183216ba3bb9850b083767cf860eee9ae54223d975a550d422adc6cc3c6f027,ca7cbf6598473f29427babf94d5186578294d083dd5f8cb0ce370372aa1da2f6,7.950000000000728,3.624999999999986,3.950000000000003,0.20000000000000284,0.3499999999999943
2026-09-17,CE,2026-09-17T09:21:00+00:00,2026-09-17T09:19:55.344239+00:00,2026-09-17T09:20:55.347702+00:00,60.003463,NIFTY|2026-09-22|23300|CE,05b1db683e5aea8860ed4c4a3224607aa09082a96170d0f0f2bad2535d6066d1,1bbd71c634410bb080200e659f4012ae8ced3c531bf1887b2eb3fd225b3dd637,1.9500000000007276,-0.25,-0.14999999999999147,0.15000000000000568,0.25
2026-09-17,CE,2026-09-17T09:22:00+00:00,2026-09-17T09:20:55.347702+00:00,2026-09-17T09:21:55.553430+00:00,60.205728,NIFTY|2026-09-22|23300|CE,1bbd71c634410bb080200e659f4012ae8ced3c531bf1887b2eb3fd225b3dd637,dedff2e6023ce2804e188854c970bed7f1c8641e0caed6d4a9b4ca2403392b9d,0.9500000000007276,-0.4000000000000057,-0.5499999999999972,0.25,0.3499999999999943
2026-09-17,CE,2026-09-17T09:25:00+00:00,2026-09-17T09:23:55.346341+00:00,2026-09-17T09:24:55.347817+00:00,60.001476,NIFTY|2026-09-22|23300|CE,cc42578a8ffa9537cc92183993efb1029de23f2dac6468c38c284831d83a901a,f04bb5f3ddfd42dd9c6ac16ada4da54ea588d371d02b735a3dc8cc1e954d1a2d,-1.8499999999985448,0.125,0.3499999999999943,0.04999999999999716,0.29999999999999716
2026-09-17,CE,2026-09-17T09:27:00+00:00,2026-09-17T09:25:55.337416+00:00,2026-09-17T09:26:55.351850+00:00,60.014434,NIFTY|2026-09-22|23300|CE,27c4977748eaff0e13dca2472a069fe8ca2b2bd340602c03fdfc07600e21d501,ed51d0c48d3b4821d0922e61ad921a9b74bb835c23023f010bc175e71096594f,-5.450000000000728,-1.75,-1.75,0.15000000000000568,0.15000000000000568
2026-09-17,CE,2026-09-17T09:29:00+00:00,2026-09-17T09:27:55.335572+00:00,2026-09-17T09:28:55.341099+00:00,60.005527,NIFTY|2026-09-22|23300|CE,0171fb6e134805d34a7e550039f11d08159f82703dace965109d68d39f6234c7,1a64c78720c7d1e0dc45cc4d3b04b4691844ab0d0fdd6a61bd852ab4046db0f2,-0.1500000000014552,-0.2750000000000057,-0.25,0.09999999999999432,0.25
2026-09-17,CE,2026-09-17T09:31:00+00:00,2026-09-17T09:29:55.339008+00:00,2026-09-17T09:30:55.370710+00:00,60.031702,NIFTY|2026-09-22|23300|CE,ecb49479c879d3eac3704ccd8f9d268554f96f668baa82339b07c0a1f33e83e2,7727d39bcec7070d94ba00edb22f1ffebbc3ed31bfc91807e50132486e84a503,3.2000000000007276,1.75,1.6500000000000057,0.20000000000000284,0.29999999999999716
2026-09-17,CE,2026-09-17T09:33:00+00:00,2026-09-17T09:31:55.341421+00:00,2026-09-17T09:32:55.347317+00:00,60.005896,NIFTY|2026-09-22|23300|CE,3ef5bec45202bac6a842acb2f359e2f3b38f714aa40eeadec38fa91726f3c06d,545584ddecc54d2766a8b9cb4c78083fce612200ec0b74f54b5ba5cf89cb4019,-0.4500000000007276,1.25,0.75,0.30000000000001137,0.30000000000001137
2026-09-17,CE,2026-09-17T09:34:00+00:00,2026-09-17T09:32:55.347317+00:00,2026-09-17T09:33:55.360935+00:00,60.013618,NIFTY|2026-09-22|23300|CE,545584ddecc54d2766a8b9cb4c78083fce612200ec0b74f54b5ba5cf89cb4019,b05647f5eac4a612e0429039b07fa13b0c349ce8ca0d8b80e548fe13328a6253,-3.0499999999992724,-0.4000000000000057,-0.25,0.30000000000001137,0.20000000000000284
2026-09-17,CE,2026-09-17T09:35:00+00:00,2026-09-17T09:33:55.360935+00:00,2026-09-17T09:34:55.368784+00:00,60.007849,NIFTY|2026-09-22|23300|CE,b05647f5eac4a612e0429039b07fa13b0c349ce8ca0d8b80e548fe13328a6253,709f930ce419d99d1394966b5ade84beafe763dae8714b76cb97818273b4c44f,0.3500000000021828,-2.125,-2.299999999999997,0.20000000000000284,0.25
2026-09-17,CE,2026-09-17T09:36:00+00:00,2026-09-17T09:34:55.368784+00:00,2026-09-17T09:35:55.439468+00:00,60.070684,NIFTY|2026-09-22|23300|CE,709f930ce419d99d1394966b5ade84beafe763dae8714b76cb97818273b4c44f,51743135d3e9564ec51a5ee2c8205c7fe5e2145a421a56e96866b13da457df37,0.4499999999970896,1.2000000000000028,1.3999999999999915,0.25,0.15000000000000568
2026-09-17,CE,2026-09-17T09:39:00+00:00,2026-09-17T09:37:55.341174+00:00,2026-09-17T09:38:55.367116+00:00,60.025942,NIFTY|2026-09-22|23300|CE,a4314c9e6dc4d9f95f96ebc02d814b475ba855b91b9ab61e1ba193bbd39cc43f,d48d8a6a3e867f65260feee80b751029720137ad518c5a1fa8782763b3c15ec7,-2.75,0.4000000000000057,0.7000000000000028,0.29999999999999716,0.29999999999999716
2026-09-17,CE,2026-09-17T09:40:00+00:00,2026-09-17T09:38:55.367116+00:00,2026-09-17T09:39:55.515759+00:00,60.148643,NIFTY|2026-09-22|23300|CE,d48d8a6a3e867f65260feee80b751029720137ad518c5a1fa8782763b3c15ec7,a05ead6063bcc91ecba00448e64b1cec3b2c8990918a82f67a3dd05158210833,-0.75,0.45000000000001705,0.29999999999999716,0.29999999999999716,0.20000000000000284
2026-09-17,CE,2026-09-17T09:42:00+00:00,2026-09-17T09:40:55.333492+00:00,2026-09-17T09:41:55.348275+00:00,60.014783,NIFTY|2026-09-22|23300|CE,d80c52b8e093f18ef2763bc89d68940a6c0c1ef4f7aab9976d1cd89f56326c4a,166d06e6a0069af088ef8387a335b7460e46d452a0f561393d61751decb1238e,-2.4499999999970896,-1.5,-1.5499999999999972,0.20000000000000284,0.29999999999999716
2026-09-17,CE,2026-09-17T09:44:00+00:00,2026-09-17T09:42:55.341377+00:00,2026-09-17T09:43:55.343244+00:00,60.001867,NIFTY|2026-09-22|23300|CE,6c80e23ab06486fe11d640187d847d92ff2006a3ee67e6d1e70502975f1bd86c,ae16b7f81a05659f770fce5d87d708f3a437c00812817b4dca73aee1693e9cd0,4.80000000000291,1.75,1.75,0.25,0.25
2026-09-17,CE,2026-09-17T09:45:00+00:00,2026-09-17T09:43:55.343244+00:00,2026-09-17T09:44:55.351984+00:00,60.00874,NIFTY|2026-09-22|23300|CE,ae16b7f81a05659f770fce5d87d708f3a437c00812817b4dca73aee1693e9cd0,78f2c119e31a601631b655aef91d613c42cd7ca5a8328639ae5db29776404390,1.8999999999978172,1.7249999999999943,1.9500000000000028,0.25,0.29999999999999716
2026-09-17,CE,2026-09-17T09:46:00+00:00,2026-09-17T09:44:55.351984+00:00,2026-09-17T09:45:55.353272+00:00,60.001288,NIFTY|2026-09-22|23300|CE,78f2c119e31a601631b655aef91d613c42cd7ca5a8328639ae5db29776404390,1fd420c57faaa5187bee7da038550bda5b707e503aad26bf133a23be51e020d1,2.0499999999992724,-0.75,-0.7000000000000028,0.29999999999999716,0.29999999999999716
2026-09-17,CE,2026-09-17T09:47:00+00:00,2026-09-17T09:45:55.353272+00:00,2026-09-17T09:46:55.367724+00:00,60.014452,NIFTY|2026-09-22|23300|CE,1fd420c57faaa5187bee7da038550bda5b707e503aad26bf133a23be51e020d1,cdd3828f09782f1ec6c5914722b290849ebdc71c23325ebde847b7160b44df7f,0.0,1.700000000000017,1.7000000000000028,0.29999999999999716,0.29999999999999716
2026-09-17,CE,2026-09-17T09:49:00+00:00,2026-09-17T09:47:50.343248+00:00,2026-09-17T09:48:55.330667+00:00,64.987419,NIFTY|2026-09-22|23300|CE,96dfb9197da6bf32e69946bbbffde709cedcf963645a5e88f4caeb02998cc1d5,8d629a0487b3afadf316bbce5e16c3bedfcf54bb27cc12b01d33a9e964f967fb,0.0,0.9499999999999886,0.75,0.3500000000000085,0.04999999999999716
2026-09-17,CE,2026-09-17T09:50:00+00:00,2026-09-17T09:48:55.330667+00:00,2026-09-17T09:49:55.343106+00:00,60.012439,NIFTY|2026-09-22|23300|CE,8d629a0487b3afadf316bbce5e16c3bedfcf54bb27cc12b01d33a9e964f967fb,51e0e305ddbd70693850034eb320b0e7a9ae8e75d13e2d52816ec2963217ea50,0.0,0.025000000000005684,0.14999999999999147,0.04999999999999716,0.30000000000001137
2026-09-17,CE,2026-09-17T09:51:00+00:00,2026-09-17T09:49:55.343106+00:00,2026-09-17T09:50:55.354280+00:00,60.011174,NIFTY|2026-09-22|23300|CE,51e0e305ddbd70693850034eb320b0e7a9ae8e75d13e2d52816ec2963217ea50,311477c17b2cd6bbd98da6df4cb5c94faeee13c2deea7ca6eeb379855b0cd065,0.0,-2.3499999999999943,-2.25,0.30000000000001137,0.20000000000000284
2026-09-17,CE,2026-09-17T09:52:00+00:00,2026-09-17T09:50:55.354280+00:00,2026-09-17T09:51:55.370000+00:00,60.01572,NIFTY|2026-09-22|23300|CE,311477c17b2cd6bbd98da6df4cb5c94faeee13c2deea7ca6eeb379855b0cd065,3829f288f7e4617b705b844900d07a0e89058ee877bb9ba6bbe7aada27b94723,0.0,0.32499999999998863,-0.14999999999999147,0.20000000000000284,0.3500000000000085
2026-09-17,CE,2026-09-17T09:54:00+00:00,2026-09-17T09:52:50.342721+00:00,2026-09-17T09:53:55.334535+00:00,64.991814,NIFTY|2026-09-22|23300|CE,54c679ed1bc2a3d3f76e3b3ec720db2ece320f7372fbcf9d6c24e9424821be8a,fb50979f57776483de4dbdc39b43af940192587d5c1435f40ca6b6c535cd37bc,0.0,-1.0500000000000114,-0.8999999999999915,0.30000000000001137,0.29999999999999716
2026-09-17,CE,2026-09-17T09:55:00+00:00,2026-09-17T09:53:55.334535+00:00,2026-09-17T09:54:55.338453+00:00,60.003918,NIFTY|2026-09-22|23300|CE,fb50979f57776483de4dbdc39b43af940192587d5c1435f40ca6b6c535cd37bc,5a10718a597d00144908c666e7ece70911b74346fe0f1670e3dfbce1c7ceedec,0.0,3.5500000000000114,3.3499999999999943,0.29999999999999716,0.30000000000001137
2026-09-17,CE,2026-09-17T09:56:00+00:00,2026-09-17T09:54:55.338453+00:00,2026-09-17T09:55:55.343619+00:00,60.005166,NIFTY|2026-09-22|23300|CE,5a10718a597d00144908c666e7ece70911b74346fe0f1670e3dfbce1c7ceedec,0237165d6431f72b3baf80cf9346ea2f48f8b411342e47c4435f541c67fdaf9e,0.0,-0.375,-0.25,0.30000000000001137,0.25
2026-09-17,CE,2026-09-17T09:57:00+00:00,2026-09-17T09:55:55.343619+00:00,2026-09-17T09:56:55.355454+00:00,60.011835,NIFTY|2026-09-22|23300|CE,0237165d6431f72b3baf80cf9346ea2f48f8b411342e47c4435f541c67fdaf9e,6ab4b837952d3db49b378fb07cb5a3e75dad8df3797a43532b6621c0be4aa127,0.0,-1.7750000000000057,-2.049999999999997,0.25,0.29999999999999716
2026-09-17,CE,2026-09-17T09:58:00+00:00,2026-09-17T09:56:55.355454+00:00,2026-09-17T09:57:55.443334+00:00,60.08788,NIFTY|2026-09-22|23300|CE,6ab4b837952d3db49b378fb07cb5a3e75dad8df3797a43532b6621c0be4aa127,8f21523feff20a0677d35ff10a01feece092a91fde9ea59c80e4ed34308e5b9b,0.0,0.09999999999999432,0.20000000000000284,0.29999999999999716,0.29999999999999716
2026-09-17,CE,2026-09-17T10:00:00+00:00,2026-09-17T09:58:55.350818+00:00,2026-09-17T09:59:55.386480+00:00,60.035662,NIFTY|2026-09-22|23250|CE,6f62f95bf61e7f1f149c2e9ce0d6669f1cb1b5d9eb74e1bde33a6e903539dca9,1ca5bca2ccb54d716e6186e6e487cf90e518a931ed48c2f7f9010eff65d78556,0.0,0.75,1.1999999999999886,0.25,0.44999999999998863
2026-09-17,PE,2026-09-17T03:50:00+00:00,2026-09-17T03:48:50.341011+00:00,2026-09-17T03:49:55.339562+00:00,64.998551,NIFTY|2026-09-22|23250|PE,c599836f59fb641d3c94813914702e2c6704ff3f6264a744e26e7940ace910e5,3d5188f59c24897f9c12a622a5be8d0e7a78f664fb9c88cce812ad1d5bbf695f,0.049999999999272404,-1.674999999999983,-1.6000000000000085,0.25,0.29999999999999716
2026-09-17,PE,2026-09-17T03:51:00+00:00,2026-09-17T03:49:55.339562+00:00,2026-09-17T03:50:55.345315+00:00,60.005753,NIFTY|2026-09-22|23250|PE,3d5188f59c24897f9c12a622a5be8d0e7a78f664fb9c88cce812ad1d5bbf695f,6cf4b39083604eed3ecdf881ebfffcd4a0a5c7e22d955e0e4472f6c637eb4a84,-2.4500000000007276,0.9499999999999886,0.9000000000000057,0.29999999999999716,0.30000000000001137
2026-09-17,PE,2026-09-17T03:52:00+00:00,2026-09-17T03:50:55.345315+00:00,2026-09-17T03:51:55.349067+00:00,60.003752,NIFTY|2026-09-22|23250|PE,6cf4b39083604eed3ecdf881ebfffcd4a0a5c7e22d955e0e4472f6c637eb4a84,5268df99aa9ecc778a73f9d2588f6266c8078cbd7bcae5685156c9827dfacbc6,-4.200000000000728,2.424999999999997,1.75,0.30000000000001137,0.3499999999999943
2026-09-17,PE,2026-09-17T03:53:00+00:00,2026-09-17T03:51:55.349067+00:00,2026-09-17T03:52:55.386667+00:00,60.0376,NIFTY|2026-09-22|23250|PE,5268df99aa9ecc778a73f9d2588f6266c8078cbd7bcae5685156c9827dfacbc6,540a7f33cc3d3bf99476624526442eb121ebc93ea5340127ef154368326cea31,-10.69999999999709,3.575000000000003,3.6999999999999886,0.3499999999999943,0.30000000000001137
2026-09-17,PE,2026-09-17T03:54:00+00:00,2026-09-17T03:52:55.386667+00:00,2026-09-17T03:53:55.550698+00:00,60.164031,NIFTY|2026-09-22|23250|PE,540a7f33cc3d3bf99476624526442eb121ebc93ea5340127ef154368326cea31,6d0acbef471e4fc62a6eb57da0a98e20b6d3347153026f638a825c1d6f5977c2,-2.100000000002183,1.9000000000000057,2.3500000000000227,0.30000000000001137,0.30000000000001137
2026-09-17,PE,2026-09-17T03:56:00+00:00,2026-09-17T03:54:55.343743+00:00,2026-09-17T03:55:55.468871+00:00,60.125128,NIFTY|2026-09-22|23250|PE,ca413d8997fc087f4349c345fa2b0649ad20b609d5d7882bfe6cd93f33a96be9,d9104798cc3f186527c471e59f7c629d7c53f6bd5b1028051e3c260870698e10,2.900000000001455,0.14999999999997726,0.6000000000000227,0.3499999999999943,0.35000000000002274
2026-09-17,PE,2026-09-17T04:00:00+00:00,2026-09-17T03:58:50.349799+00:00,2026-09-17T03:59:55.348311+00:00,64.998512,NIFTY|2026-09-22|23250|PE,817079fa7af56a494215f4abdba73be85574451011f716ba3bfbf0239fc1e5d1,9f6528d077eb1f010ff2303a41f0f7306eeb8d51131cdd8f99d18b68eb105676,-6.299999999999272,4.2749999999999915,4.5,0.29999999999999716,0.25
2026-09-17,PE,2026-09-17T04:01:00+00:00,2026-09-17T03:59:55.348311+00:00,2026-09-17T04:00:55.467400+00:00,60.119089,NIFTY|2026-09-22|23250|PE,9f6528d077eb1f010ff2303a41f0f7306eeb8d51131cdd8f99d18b68eb105676,b2ce439cec820b7be0a57cfb80c37c78cc150150bef1ecf165b1ae7712f42af1,13.400000000001455,-3.575000000000003,-4.450000000000003,0.25,0.19999999999998863
2026-09-17,PE,2026-09-17T04:04:00+00:00,2026-09-17T04:02:50.496389+00:00,2026-09-17T04:03:55.347821+00:00,64.851432,NIFTY|2026-09-22|23300|PE,d422bedd9b05e2af0d7448b4d7ce2dff47db4de42bbe7fee932831d2963491e4,734a79fdcb55e57e245db2312685f0548a175cdadefa3e375f667070ca9efc5f,-0.5499999999992724,2.0500000000000114,3.6500000000000057,0.3499999999999943,0.3499999999999943
2026-09-17,PE,2026-09-17T04:05:00+00:00,2026-09-17T04:03:55.347821+00:00,2026-09-17T04:04:55.347863+00:00,60.000042,NIFTY|2026-09-22|23300|PE,734a79fdcb55e57e245db2312685f0548a175cdadefa3e375f667070ca9efc5f,ae12e6340e717ada3795208cb774903d198cb0047b4063de5b1285549fcc41c7,3.7999999999992724,-1.8999999999999773,-2.9499999999999886,0.3499999999999943,0.3499999999999943
2026-09-17,PE,2026-09-17T04:06:00+00:00,2026-09-17T04:04:55.347863+00:00,2026-09-17T04:05:55.351605+00:00,60.003742,NIFTY|2026-09-22|23300|PE,ae12e6340e717ada3795208cb774903d198cb0047b4063de5b1285549fcc41c7,29625395835f31741591eb81655646bd7e60913b20295fc384f67086d7bd4850,19.049999999999272,-9.725000000000009,-8.000000000000014,0.3499999999999943,0.09999999999999432
2026-09-17,PE,2026-09-17T04:07:00+00:00,2026-09-17T04:05:55.351605+00:00,2026-09-17T04:06:55.352858+00:00,60.001253,NIFTY|2026-09-22|23300|PE,29625395835f31741591eb81655646bd7e60913b20295fc384f67086d7bd4850,acb7d3fe212db2bbaab4e57fbb34ba7a34d527c4f71a0635356ba79739dd6a2a,-7.899999999997817,5.799999999999997,3.8500000000000085,0.09999999999999432,0.30000000000001137
2026-09-17,PE,2026-09-17T04:09:00+00:00,2026-09-17T04:07:55.342635+00:00,2026-09-17T04:08:55.356364+00:00,60.013729,NIFTY|2026-09-22|23300|PE,32f1beab14da8f702e5add086943344d04c56fa3b179b88614b53c6d2106e7e5,51f335f74b41685b1aad4f34bc94b2dca7a5371763da56730a0a984366c2db70,-9.44999999999709,4.299999999999983,4.200000000000003,0.25,0.25
2026-09-17,PE,2026-09-17T04:13:00+00:00,2026-09-17T04:11:55.348520+00:00,2026-09-17T04:12:55.352579+00:00,60.004059,NIFTY|2026-09-22|23250|PE,4386bc981eb75999b4e785af835e9c6f0d37188ac02947e64f1aabf5689fb786,e2629ec38714e7ebd2d10225c16ec2465cc3d4248bc33a2f85349f0e7af4d359,-22.600000000002183,10.59999999999998,10.299999999999997,0.25,0.3499999999999943
2026-09-17,PE,2026-09-17T04:14:00+00:00,2026-09-17T04:12:55.352579+00:00,2026-09-17T04:13:55.417200+00:00,60.064621,NIFTY|2026-09-22|23250|PE,e2629ec38714e7ebd2d10225c16ec2465cc3d4248bc33a2f85349f0e7af4d359,340ac23ecfa33b070d8ece4e014bf3dfcc301eb59eb4d4c9ecef65d641f78355,10.850000000002183,-5.399999999999977,-5.199999999999989,0.3499999999999943,0.3499999999999943
2026-09-17,PE,2026-09-17T04:16:00+00:00,2026-09-17T04:14:55.343636+00:00,2026-09-17T04:15:55.360675+00:00,60.017039,NIFTY|2026-09-22|23250|PE,28eeba6cc5b622fedadbeabd899773c39006c17be6d26af43997630c2ddfb4e3,f5537ac234f8a15da9beecfe62ca105ba845e9929023814243f382dd4a4d6cba,-4.25,1.4500000000000028,1.7499999999999858,0.25,0.25
2026-09-17,PE,2026-09-17T04:18:00+00:00,2026-09-17T04:16:55.341066+00:00,2026-09-17T04:17:55.343614+00:00,60.002548,NIFTY|2026-09-22|23250|PE,3932a413c04ec77d098e5afc94c9a0d48e2cf450fa19b3ec0621616d0198a6db,4d2e6096017429b32e76fb7b480062c7aa0bc2c300bdf926d9e241d006e2472b,6.299999999999272,-3.8499999999999943,-4.200000000000003,0.25,0.25
2026-09-17,PE,2026-09-17T04:19:00+00:00,2026-09-17T04:17:55.343614+00:00,2026-09-17T04:18:55.364546+00:00,60.020932,NIFTY|2026-09-22|23250|PE,4d2e6096017429b32e76fb7b480062c7aa0bc2c300bdf926d9e241d006e2472b,8f188fdd37519df0d111a03fd69316639b6be939045f55376986a8d7d2aaad1d,2.650000000001455,-2.2250000000000085,-1.8999999999999915,0.25,0.20000000000000284
2026-09-17,PE,2026-09-17T04:20:00+00:00,2026-09-17T04:18:55.364546+00:00,2026-09-17T04:19:55.457629+00:00,60.093083,NIFTY|2026-09-22|23250|PE,8f188fdd37519df0d111a03fd69316639b6be939045f55376986a8d7d2aaad1d,0a1c5cccb805e589adc1c01205974be0c725e66bf8e799640457223c892f4ad5,9.200000000000728,-3.0,-2.700000000000003,0.20000000000000284,0.29999999999999716
2026-09-17,PE,2026-09-17T04:22:00+00:00,2026-09-17T04:20:55.360129+00:00,2026-09-17T04:21:55.399676+00:00,60.039547,NIFTY|2026-09-22|23250|PE,16fa2ed10fe654bc9c413453361141c290b5eeb45fc77cecd55dad9aba3d7682,0855dda8760b9e038b7dddb657d8efed91de38e0ab2247a3ab287c5d6f8f9d89,7.799999999999272,-3.4000000000000057,-3.549999999999997,0.29999999999999716,0.30000000000001137
2026-09-17,PE,2026-09-17T04:24:00+00:00,2026-09-17T04:22:55.345738+00:00,2026-09-17T04:23:55.352374+00:00,60.006636,NIFTY|2026-09-22|23300|PE,c8480d908d429f7bc53b93761b8ef7eba30a8c436d9d08ed78a6eaed633b75bc,72fdd9c936ae66c2a50df357796a4176030d783bc84f9566ef3cf4cb2e0c7d17,-3.2999999999992724,1.875,1.950000000000017,0.25,0.30000000000001137
2026-09-17,PE,2026-09-17T04:25:00+00:00,2026-09-17T04:23:55.352374+00:00,2026-09-17T04:24:55.514029+00:00,60.161655,NIFTY|2026-09-22|23300|PE,72fdd9c936ae66c2a50df357796a4176030d783bc84f9566ef3cf4cb2e0c7d17,113b820c747ed1e62e8914c25c099de7c791b71104bbeadacc23cbdea06f273b,5.900000000001455,-2.3499999999999943,-3.0,0.30000000000001137,0.30000000000001137
2026-09-17,PE,2026-09-17T04:29:00+00:00,2026-09-17T04:27:55.331964+00:00,2026-09-17T04:28:55.354884+00:00,60.02292,NIFTY|2026-09-22|23300|PE,2d5f5fd107ac240dd096ef02da57eb83a2d7f58348651f4a804efe8a54137651,822f006df77fbca1a2de4a4cbcdc0accea61d160cb6f50586ebe37a637089e74,2.600000000002183,0.75,2.1499999999999773,0.15000000000000568,0.15000000000000568
2026-09-17,PE,2026-09-17T04:31:00+00:00,2026-09-17T04:29:55.346914+00:00,2026-09-17T04:30:55.347322+00:00,60.000408,NIFTY|2026-09-22|23300|PE,97bea81f842b8cb0fd605a05c4856d90558ad1226fa33185fcce701ccbbde26e,8c365c34c6725b277fb136cebd140819595b047fa4677f0f6f3d70c734cbeb06,-3.599999999998545,0.6999999999999886,0.799999999999983,0.19999999999998863,0.29999999999998295
2026-09-17,PE,2026-09-17T04:33:00+00:00,2026-09-17T04:31:55.346195+00:00,2026-09-17T04:32:55.348008+00:00,60.001813,NIFTY|2026-09-22|23300|PE,1e31a3fa7016976e28ca916f75c9631e44465e10188acb6da8c883a95ea511d4,4d12c3c1b235acf6c3b733ad05b8244a6bc4bfeda09dc42018f3009a269a77c2,6.75,-3.5250000000000057,-2.9000000000000057,0.29999999999998295,0.04999999999999716
2026-09-17,PE,2026-09-17T04:34:00+00:00,2026-09-17T04:32:55.348008+00:00,2026-09-17T04:33:55.435170+00:00,60.087162,NIFTY|2026-09-22|23300|PE,4d12c3c1b235acf6c3b733ad05b8244a6bc4bfeda09dc42018f3009a269a77c2,04139559b1a68bab9d41d07f23d5956aed031cc151c9dd704b88c0ca4e2617d0,-1.8000000000029104,2.9000000000000057,2.299999999999997,0.04999999999999716,0.25
2026-09-17,PE,2026-09-17T04:37:00+00:00,2026-09-17T04:35:55.527653+00:00,2026-09-17T04:36:55.564999+00:00,60.037346,NIFTY|2026-09-22|23300|PE,7c443f579c2598a7aa5b30e744f090f9cf1dc025084abcf3a37cf2bd8c4a7d2b,ee29e551df6a715e6fe96dfd61ea9a13dc7ce4af393402d1db17fa96dfc601eb,2.0499999999992724,-3.5,-2.3499999999999943,0.29999999999999716,0.29999999999999716
2026-09-17,PE,2026-09-17T04:39:00+00:00,2026-09-17T04:37:55.344694+00:00,2026-09-17T04:38:55.397085+00:00,60.052391,NIFTY|2026-09-22|23300|PE,8d22b07a5e24ce03948960c83016ed3d7d2f06d00120aa750e9c2968ca98f779,abdf2f51b9422afd1cea95902dbafe70cd076365c1e6b697ad38eaac66baca43,5.0,-2.75,-1.7000000000000028,0.29999999999999716,0.20000000000000284
2026-09-17,PE,2026-09-17T04:40:00+00:00,2026-09-17T04:38:55.397085+00:00,2026-09-17T04:39:55.534844+00:00,60.137759,NIFTY|2026-09-22|23300|PE,abdf2f51b9422afd1cea95902dbafe70cd076365c1e6b697ad38eaac66baca43,4b98482ff26a3a7230d4d5750badb231e509d822d1f24cf8e5bfea1b0127d7ba,1.25,-0.25,-0.45000000000000284,0.20000000000000284,0.20000000000000284
2026-09-17,PE,2026-09-17T04:43:00+00:00,2026-09-17T04:41:55.373771+00:00,2026-09-17T04:42:55.671391+00:00,60.29762,NIFTY|2026-09-22|23300|PE,04ed0a58122038660814f9df82f5c7a9841f6b155c73c1223b105a0689af9c02,adb4b3cec89a3cc1ced6571c51bdc9081f57da78bbb67d879f355ac1eae36a15,-1.75,0.5249999999999915,0.7999999999999972,0.25,0.29999999999999716
2026-09-17,PE,2026-09-17T04:45:00+00:00,2026-09-17T04:43:55.355907+00:00,2026-09-17T04:44:55.361910+00:00,60.006003,NIFTY|2026-09-22|23300|PE,e95d5c64648fe9b8da4d33741d8407daeec660d182d1211b5256971a68e8b0cf,0df41e713c4187fa3eb7439f08bd7a132ce9ec2252a9136237ddead6ba27f9be,-5.150000000001455,1.1500000000000057,1.25,0.20000000000000284,0.20000000000000284
2026-09-17,PE,2026-09-17T04:46:00+00:00,2026-09-17T04:44:55.361910+00:00,2026-09-17T04:45:55.383387+00:00,60.021477,NIFTY|2026-09-22|23300|PE,0df41e713c4187fa3eb7439f08bd7a132ce9ec2252a9136237ddead6ba27f9be,3fc112f7e6aa0cb9cdee0fbad58311d5dad09bbf38a2269e231a634250adf130,2.349999999998545,0.14999999999997726,0.14999999999999147,0.20000000000000284,0.20000000000000284
2026-09-17,PE,2026-09-17T04:48:00+00:00,2026-09-17T04:46:55.359792+00:00,2026-09-17T04:47:55.520866+00:00,60.161074,NIFTY|2026-09-22|23300|PE,6370fa8dfc412a19fcdb315d674be833c830220711c04c08bb3ec337bf2f1a7f,4430f250df08dc14f1746d05cc2b6f0e16b21fe65a409e3a96eb1b144363299e,-4.5,1.0749999999999886,1.2999999999999972,0.20000000000000284,0.25
2026-09-17,PE,2026-09-17T04:52:00+00:00,2026-09-17T04:50:55.349749+00:00,2026-09-17T04:51:55.594596+00:00,60.244847,NIFTY|2026-09-22|23300|PE,111405976be942ef4ffe4e887c193646d7a455ac18cf812b6620d0f38d05ba71,1743c7e74999b6fb91182e4afc4fb35792b5f7469848486cd055763d399de591,1.25,-1.0999999999999943,-1.0999999999999943,0.29999999999999716,0.20000000000000284
2026-09-17,PE,2026-09-17T04:54:00+00:00,2026-09-17T04:52:55.362699+00:00,2026-09-17T04:53:55.469325+00:00,60.106626,NIFTY|2026-09-22|23300|PE,932692264295fc9da82e1da1717319da41ee9628b701807172534b577a4eb926,584fb92f0c23d7aa886d7274c629f3571a3ed8c44bf539d54fca893e923c692c,-4.200000000000728,2.75,2.8000000000000114,0.29999999999999716,0.20000000000000284
2026-09-17,PE,2026-09-17T04:56:00+00:00,2026-09-17T04:54:55.341381+00:00,2026-09-17T04:55:55.611824+00:00,60.270443,NIFTY|2026-09-22|23300|PE,62eed6a7d72bc18d2ae9b57a9f57624b426ae1dc28dd584dd97b09f51c4782d1,6018da143de80e57189f884f165b3cac3c6f1836db11dfde7c05d00453d09189,-6.849999999998545,0.75,0.8499999999999943,0.25,0.25
2026-09-17,PE,2026-09-17T04:57:00+00:00,2026-09-17T04:55:55.611824+00:00,2026-09-17T04:56:55.691393+00:00,60.079569,NIFTY|2026-09-22|23300|PE,6018da143de80e57189f884f165b3cac3c6f1836db11dfde7c05d00453d09189,9381aa14d5bdd00da9cd9a59f17453436a3935be6afed2d32e00cc6ef48afcce,1.7999999999992724,0.825000000000017,0.75,0.25,0.29999999999999716
2026-09-17,PE,2026-09-17T04:59:00+00:00,2026-09-17T04:57:55.356294+00:00,2026-09-17T04:58:55.384718+00:00,60.028424,NIFTY|2026-09-22|23300|PE,58680c9859eac9ea205144a121a58e0c6eb147652d482116927bfd3fb41d0ae4,d9cb9f3d95419170439ff11f5e093f698d2f1756c0f19c811e3721c32871353d,-4.0,0.9749999999999943,0.8999999999999915,0.25,0.29999999999999716
2026-09-17,PE,2026-09-17T05:01:00+00:00,2026-09-17T04:59:55.346469+00:00,2026-09-17T05:00:55.349840+00:00,60.003371,NIFTY|2026-09-22|23300|PE,8b8cd76a19cfc007b81d29280bbc1edd586d087cf8e82d94e617ce711687ffcd,9a59b0449f5782cae2c7f15e3ccdd61d84895fd7bf89831bfde441332e4a49b7,-3.75,2.7250000000000085,2.700000000000003,0.29999999999999716,0.25
2026-09-17,PE,2026-09-17T05:02:00+00:00,2026-09-17T05:00:55.349840+00:00,2026-09-17T05:01:55.354533+00:00,60.004693,NIFTY|2026-09-22|23300|PE,9a59b0449f5782cae2c7f15e3ccdd61d84895fd7bf89831bfde441332e4a49b7,3d256fb9b6bb5c4d030bd7d41b1eb567a8081c22ab1ea9f418520ceb74097dcd,-12.600000000002183,4.25,4.3999999999999915,0.25,0.3499999999999943
2026-09-17,PE,2026-09-17T05:03:00+00:00,2026-09-17T05:01:55.354533+00:00,2026-09-17T05:02:55.467028+00:00,60.112495,NIFTY|2026-09-22|23300|PE,3d256fb9b6bb5c4d030bd7d41b1eb567a8081c22ab1ea9f418520ceb74097dcd,b80f0c77a0488de6f2235e7e526187da26a3ddbabc0be99ac895bc3b8d3173c0,2.5499999999992724,-1.3250000000000028,-1.3499999999999943,0.3499999999999943,0.20000000000000284
2026-09-17,PE,2026-09-17T05:09:00+00:00,2026-09-17T05:07:55.338963+00:00,2026-09-17T05:08:55.350438+00:00,60.011475,NIFTY|2026-09-22|23300|PE,e60a81b05c80735f206fe86b333b6713ff01825ca3bdc4ca0acae92d9d513a28,7b0e1bcdefb309846ba64938130742d7486f28f04082596987eda01375bbddac,-8.25,4.625,4.599999999999994,0.29999999999999716,0.3499999999999943
2026-09-17,PE,2026-09-17T05:11:00+00:00,2026-09-17T05:09:50.350449+00:00,2026-09-17T05:10:55.345239+00:00,64.99479,NIFTY|2026-09-22|23300|PE,c83c2bb881a9c16b85b3a2569f3d2a839bec53ac6bc02fb47b3d8fa607abd6c7,71e0e1e0d969c763ce059074d482fcd9c87a3969c481b1713587efc058d297b4,-4.299999999999272,1.950000000000017,2.3499999999999943,0.30000000000001137,0.29999999999998295
2026-09-17,PE,2026-09-17T05:15:00+00:00,2026-09-17T05:13:55.353944+00:00,2026-09-17T05:14:55.354076+00:00,60.000132,NIFTY|2026-09-22|23250|PE,1532bec23a5c5fe75366c99fbab20fa19834d0a799499fb3bc616084817bc1c4,10e806553f410a6f657556ee1eb7916e16adf17d62374133c2da0f46f61e4c7d,-3.0,1.4000000000000057,1.25,0.20000000000000284,0.19999999999998863
2026-09-17,PE,2026-09-17T05:22:00+00:00,2026-09-17T05:20:55.347102+00:00,2026-09-17T05:21:55.564942+00:00,60.21784,NIFTY|2026-09-22|23250|PE,e4c027415e95be7ae22138e69b8894f3d0ad39d1fcc7ea98bbc6d77af6fa994e,6c5ce9b9ae7b6f2d9419d5008bb45fcd369296f05160b0432e77852cc11eab86,2.75,0.0,-0.25,0.20000000000000284,0.29999999999999716
2026-09-17,PE,2026-09-17T05:24:00+00:00,2026-09-17T05:22:55.338782+00:00,2026-09-17T05:23:55.369532+00:00,60.03075,NIFTY|2026-09-22|23250|PE,79f2234e53feee0e18fa782b8c7be0c65247f19004c553d21c37fd852749a60b,22d7369470e7f1263484f6ef5ea62f1dacef2fe6c2a187fe51a2f5650b9a1007,0.3999999999978172,-0.700000000000017,-0.6499999999999915,0.29999999999999716,0.20000000000000284
2026-09-17,PE,2026-09-17T05:31:00+00:00,2026-09-17T05:29:50.362561+00:00,2026-09-17T05:30:55.348493+00:00,64.985932,NIFTY|2026-09-22|23250|PE,a7d34730f1514f49cd5d2c7a459f83857d0cc7bedc93036fc510ff7b67c443d9,f399ee90cc1fff49e914fd255f4f35ff08adf717e75ba98166f5d67b98bbb6f0,-9.150000000001455,5.124999999999986,5.099999999999994,0.29999999999999716,0.25
2026-09-17,PE,2026-09-17T05:32:00+00:00,2026-09-17T05:30:55.348493+00:00,2026-09-17T05:31:55.360662+00:00,60.012169,NIFTY|2026-09-22|23250|PE,f399ee90cc1fff49e914fd255f4f35ff08adf717e75ba98166f5d67b98bbb6f0,98cdb7d5c4c6b1081562ca001b54ec3c7e801c0427609c5b98328b74cb1b9c4a,-4.700000000000728,1.0249999999999915,0.7999999999999972,0.25,0.20000000000000284
2026-09-17,PE,2026-09-17T05:33:00+00:00,2026-09-17T05:31:55.360662+00:00,2026-09-17T05:32:55.367644+00:00,60.006982,NIFTY|2026-09-22|23250|PE,98cdb7d5c4c6b1081562ca001b54ec3c7e801c0427609c5b98328b74cb1b9c4a,8356693534196c22fb23aadfb7c8b6a7a88eb68aca38ce97d68fcb8720f381b6,2.150000000001455,1.200000000000017,1.3000000000000114,0.20000000000000284,0.29999999999999716
2026-09-17,PE,2026-09-17T05:35:00+00:00,2026-09-17T05:33:55.347504+00:00,2026-09-17T05:34:55.490353+00:00,60.142849,NIFTY|2026-09-22|23250|PE,b4b8782022bfe2c3903d04b3bf7bdfade66343ef8aca7bf36342b328864bcf3a,9e67e482f92e09e8ceacda050577f3fae06d4caec232793ef4dae56b60367b35,1.8499999999985448,0.07499999999998863,0.6500000000000057,0.3499999999999943,0.4000000000000057
2026-09-17,PE,2026-09-17T05:39:00+00:00,2026-09-17T05:37:55.360275+00:00,2026-09-17T05:38:55.366683+00:00,60.006408,NIFTY|2026-09-22|23200|PE,914152503202027dc85788b5cfa21aefd34f23385f89d334396f9d2f707bfb24,93da8d5d694d0875b015023644be5369a8bd8bc5580e437514eb15d2efae3c79,-1.0999999999985448,0.09999999999999432,0.4000000000000057,0.29999999999999716,0.29999999999999716
2026-09-17,PE,2026-09-17T05:40:00+00:00,2026-09-17T05:38:55.366683+00:00,2026-09-17T05:39:56.099468+00:00,60.732785,NIFTY|2026-09-22|23200|PE,93da8d5d694d0875b015023644be5369a8bd8bc5580e437514eb15d2efae3c79,c24e57a878468d80dae99e9c5b6dfa5ab127e44d9beaf7e66683152f6df731e3,-0.2000000000007276,-1.5750000000000028,-1.25,0.29999999999999716,0.25
2026-09-17,PE,2026-09-17T05:42:00+00:00,2026-09-17T05:40:55.398356+00:00,2026-09-17T05:41:55.516936+00:00,60.11858,NIFTY|2026-09-22|23200|PE,19c22e00efc4a56140bb5ea37a4d5066837a68179cc10e47c86fbb887d9f30eb,b80ab38034df126ed9fc31516b4a2f2a5eec5246958d42dd2ebc4cd922719639,2.3000000000029104,-0.7000000000000028,-1.0,0.25,0.3499999999999943
2026-09-17,PE,2026-09-17T05:50:00+00:00,2026-09-17T05:48:55.352480+00:00,2026-09-17T05:49:55.529448+00:00,60.176968,NIFTY|2026-09-22|23250|PE,f7dc5294fdb57ce6c8a07e9ffe75794dc7e52d420c376e3fe3dda3897124e9bf,e6d153741dbed81ad1e82831d82024b1a23073b8925cd0161cf20fa8d93ce5e0,1.6499999999978172,-1.5749999999999886,-1.5,0.29999999999999716,0.3499999999999943
2026-09-17,PE,2026-09-17T05:52:00+00:00,2026-09-17T05:50:55.346219+00:00,2026-09-17T05:51:58.505649+00:00,63.15943,NIFTY|2026-09-22|23250|PE,272d036f593d424a4325ffc930eabbc1a2f760f08a01647d956e30c137c31121,f95a15d43fe2895782d8555fdd1f0a657cd3c99b663728450a049bff4278008c,-0.7999999999992724,1.875,1.5,0.25,0.30000000000001137
2026-09-17,PE,2026-09-17T05:55:00+00:00,2026-09-17T05:53:50.363271+00:00,2026-09-17T05:54:55.352815+00:00,64.989544,NIFTY|2026-09-22|23250|PE,7bc116fe8c4015e7397bcb76e301b3c2ec2d3ef180a75cb1acd72e3f27b49b17,0e3a465b5d9cdea2fd1d1dd288d7a4d8126cd05c3bb179f51d1728be7ff49cf9,3.349999999998545,-0.5999999999999943,-0.29999999999999716,0.29999999999999716,0.30000000000001137
2026-09-17,PE,2026-09-17T05:56:00+00:00,2026-09-17T05:54:55.352815+00:00,2026-09-17T05:55:55.476261+00:00,60.123446,NIFTY|2026-09-22|23250|PE,0e3a465b5d9cdea2fd1d1dd288d7a4d8126cd05c3bb179f51d1728be7ff49cf9,e87f8c3c12c64d0c4b2999169c97b2f7d5762b50967f01cd50825f611cce1ca1,1.75,-0.5500000000000114,-0.9500000000000028,0.30000000000001137,0.29999999999999716
2026-09-17,PE,2026-09-17T05:58:00+00:00,2026-09-17T05:56:50.365810+00:00,2026-09-17T05:57:55.338045+00:00,64.972235,NIFTY|2026-09-22|23250|PE,2cc9e5166dc859aea6247bc4c0590a7d9c73144cdb6cfb0bdaf67dc3adc96ba0,11bbaec363463537966ccb2d0c21838ad97c3ddd6c46308240593a12fd17ed78,-8.950000000000728,6.575000000000017,5.400000000000006,0.29999999999999716,0.3500000000000085
2026-09-17,PE,2026-09-17T05:59:00+00:00,2026-09-17T05:57:55.338045+00:00,2026-09-17T05:58:55.348511+00:00,60.010466,NIFTY|2026-09-22|23250|PE,11bbaec363463537966ccb2d0c21838ad97c3ddd6c46308240593a12fd17ed78,7b784202698a174b6177bacb253c1671f8e07960ab8c7ff74841c847be3a3bdf,2.0,-1.2249999999999943,-1.5,0.3500000000000085,0.20000000000000284
2026-09-17,PE,2026-09-17T06:00:00+00:00,2026-09-17T05:58:55.348511+00:00,2026-09-17T05:59:55.350421+00:00,60.00191,NIFTY|2026-09-22|23250|PE,7b784202698a174b6177bacb253c1671f8e07960ab8c7ff74841c847be3a3bdf,9d33c7595cede912e6bdd209f2f389a0e04a7643a81331f64cbeec9fa2cb216c,2.600000000002183,-1.2750000000000057,-1.0,0.20000000000000284,0.3500000000000085
2026-09-17,PE,2026-09-17T06:01:00+00:00,2026-09-17T05:59:55.350421+00:00,2026-09-17T06:00:55.362866+00:00,60.012445,NIFTY|2026-09-22|23250|PE,9d33c7595cede912e6bdd209f2f389a0e04a7643a81331f64cbeec9fa2cb216c,49fe462bc606cc0418458ded278c97936988176af61618f227fa86e368fe4ffb,-9.75,3.2249999999999943,3.25,0.3500000000000085,0.30000000000001137
2026-09-17,PE,2026-09-17T06:03:00+00:00,2026-09-17T06:01:55.345931+00:00,2026-09-17T06:02:55.363066+00:00,60.017135,NIFTY|2026-09-22|23250|PE,acce039b2b8a45afbdd0285586b7f5dd3d93c8abfd7bcd5692862021c0d39a61,20d8d9c5089482a2df4284a1f630e9653368efd5915cbeadfb4347fec846c679,10.05000000000291,-6.200000000000003,-5.900000000000006,0.25,0.3499999999999943
2026-09-17,PE,2026-09-17T06:05:00+00:00,2026-09-17T06:03:55.358815+00:00,2026-09-17T06:04:55.391545+00:00,60.03273,NIFTY|2026-09-22|23250|PE,238209e6e6018a7964fa7aedaf99e0741592bc9de12db80a35c888a45cf2ab30,082c93658f643c038e418bda9ca65da8edcda256ae4f3e7803153a51eec21c01,3.0499999999992724,-2.0999999999999943,-2.6500000000000057,0.29999999999999716,0.20000000000000284
2026-09-17,PE,2026-09-17T06:07:00+00:00,2026-09-17T06:05:55.345524+00:00,2026-09-17T06:06:55.376131+00:00,60.030607,NIFTY|2026-09-22|23250|PE,f9726f25bcc1751cfbd70acfaa2dc9f3997e6b195bb856cbe24006bc154cafbf,62942a912ed2834f2847cf068f0c1d878b82b8a85884259bb833d7e003ffeda7,3.2999999999992724,-1.9749999999999943,-1.9000000000000057,0.10000000000000853,0.25
2026-09-17,PE,2026-09-17T06:09:00+00:00,2026-09-17T06:07:55.363118+00:00,2026-09-17T06:08:55.560334+00:00,60.197216,NIFTY|2026-09-22|23250|PE,bba7361855619c8848147e208450ffa09f89b72b4059f9005a84c66c1ea9619e,82e90a7edda531fc67ee635a699ad38cbd07fc5e95a51e75379a45e5d9711e35,2.399999999997817,-0.04999999999999716,-0.29999999999999716,0.19999999999998863,0.09999999999999432
2026-09-17,PE,2026-09-17T06:11:00+00:00,2026-09-17T06:09:55.348761+00:00,2026-09-17T06:10:55.432428+00:00,60.083667,NIFTY|2026-09-22|23250|PE,205c34d0fe6bc3acc9eb007fb578c218e064c3cdbbdb446ca43f05f3daba8d8f,1a1d7d2cf687012e4e87c3e7e7e9e37e42ccf13e50bcb4265d9e7df476d69ee1,3.5499999999992724,-2.1999999999999886,-2.5,0.30000000000001137,0.29999999999999716
2026-09-17,PE,2026-09-17T06:12:00+00:00,2026-09-17T06:10:55.432428+00:00,2026-09-17T06:11:55.437080+00:00,60.004652,NIFTY|2026-09-22|23250|PE,1a1d7d2cf687012e4e87c3e7e7e9e37e42ccf13e50bcb4265d9e7df476d69ee1,016e4b894a928b9d7482f1bfe113c7645f2a9c8df5170bd6c61e28dce071a2e3,2.599999999998545,-0.7250000000000085,-0.9000000000000057,0.29999999999999716,0.25
2026-09-17,PE,2026-09-17T06:17:00+00:00,2026-09-17T06:15:55.356088+00:00,2026-09-17T06:16:55.472927+00:00,60.116839,NIFTY|2026-09-22|23250|PE,0aa35b83b00f7a1b0f4253899be88edc05133810ddbefd1c3f1fbfaead144200,b24a40aef173d38bd330854fffd1cadc3f39090541f47328d1a5ea96f83f2f54,-5.350000000002183,2.3249999999999886,2.5500000000000114,0.29999999999999716,0.25
2026-09-17,PE,2026-09-17T06:23:00+00:00,2026-09-17T06:21:55.352417+00:00,2026-09-17T06:22:55.367335+00:00,60.014918,NIFTY|2026-09-22|23300|PE,0eeb22aee773d9eb30d4d70fd0efeb2be37e3b7eaeede59e5d3b532df34f1e41,177d218700e85be9b6c9acd9f28387b632a22514464a0920c0d47316b2cb7a32,7.700000000000728,-1.8000000000000114,-1.75,0.20000000000000284,0.09999999999999432
2026-09-17,PE,2026-09-17T06:25:00+00:00,2026-09-17T06:23:50.360223+00:00,2026-09-17T06:24:55.351462+00:00,64.991239,NIFTY|2026-09-22|23300|PE,4c47d6e51d1b4846332bf75590f796047495d40a8fd43ddcb24de1716bbf9702,c45dcf41ac06e5905e833483cff9478038caa76d44128a84a45f077877549c73,6.80000000000291,-3.825000000000003,-4.150000000000006,0.19999999999998863,0.25
2026-09-17,PE,2026-09-17T06:26:00+00:00,2026-09-17T06:24:55.351462+00:00,2026-09-17T06:25:55.355785+00:00,60.004323,NIFTY|2026-09-22|23300|PE,c45dcf41ac06e5905e833483cff9478038caa76d44128a84a45f077877549c73,9c365ebbe4d3f5c97509cff581c1fb0014dafb530ad09be493781f42162de098,3.399999999997817,-0.07500000000000284,0.10000000000000853,0.25,0.20000000000000284
2026-09-17,PE,2026-09-17T06:27:00+00:00,2026-09-17T06:25:55.355785+00:00,2026-09-17T06:26:55.435210+00:00,60.079425,NIFTY|2026-09-22|23300|PE,9c365ebbe4d3f5c97509cff581c1fb0014dafb530ad09be493781f42162de098,1d41fa0801296b107545a44eebbf060fffa6e0f0360bbd5c2ed770774130045b,7.799999999999272,-4.449999999999989,-4.450000000000003,0.20000000000000284,0.20000000000000284
2026-09-17,PE,2026-09-17T06:29:00+00:00,2026-09-17T06:27:55.358775+00:00,2026-09-17T06:28:55.370240+00:00,60.011465,NIFTY|2026-09-22|23300|PE,c32cd5ab8af18eb6bb4c4f1ae32b368ce705239913ecf5327e6ede8ca1cf34e6,636c82a0f375a288ce62fe4a82ba60fc1e045875c59a8d04d2fe75e2ae1280f5,1.7999999999992724,-0.375,0.44999999999998863,0.3500000000000085,0.20000000000000284
2026-09-17,PE,2026-09-17T06:33:00+00:00,2026-09-17T06:31:55.345086+00:00,2026-09-17T06:32:55.349273+00:00,60.004187,NIFTY|2026-09-22|23300|PE,1a62652c386f96d4778aa63cbde32fb45ec1a96f159601f5ac6dc3c65904195c,8fb623944d82dd6d7cdf860eac990f67dcebab8362c9a36e9a64a048589377ef,-0.3999999999978172,-0.2750000000000057,-0.3499999999999943,0.29999999999999716,0.25
2026-09-17,PE,2026-09-17T06:34:00+00:00,2026-09-17T06:32:55.349273+00:00,2026-09-17T06:33:55.353340+00:00,60.004067,NIFTY|2026-09-22|23300|PE,8fb623944d82dd6d7cdf860eac990f67dcebab8362c9a36e9a64a048589377ef,154836687d32b303266b1698eb2e2a984709e05c8d2f513fb92766ebecbcb826,-7.049999999999272,1.924999999999983,2.049999999999997,0.25,0.29999999999999716
2026-09-17,PE,2026-09-17T06:35:00+00:00,2026-09-17T06:33:55.353340+00:00,2026-09-17T06:34:55.354311+00:00,60.000971,NIFTY|2026-09-22|23300|PE,154836687d32b303266b1698eb2e2a984709e05c8d2f513fb92766ebecbcb826,89d470e9715fc36f3742d299fe5b5f2344746db409dc58c7909230b6143995df,1.0,-1.1999999999999886,-1.4500000000000028,0.29999999999999716,0.19999999999998863
2026-09-17,PE,2026-09-17T06:37:00+00:00,2026-09-17T06:35:55.339793+00:00,2026-09-17T06:36:55.358549+00:00,60.018756,NIFTY|2026-09-22|23300|PE,59c3802e1b67697df8b5622caaf893334ebc6ad971b1d9a0be6a225e95878589,906d20d2c852335aa13907da31cb6147edec0a2ac86add0860d4114bfb68a042,15.899999999997817,-5.125,-5.200000000000003,0.19999999999998863,0.25
2026-09-17,PE,2026-09-17T06:39:00+00:00,2026-09-17T06:37:55.350243+00:00,2026-09-17T06:38:55.359480+00:00,60.009237,NIFTY|2026-09-22|23350|PE,29793fbf635da03d4482652f2ff765d3927ea55e4e34139a4a256ad03e2ce2e1,a4f64764429a0ab73d8a71a492d80e3e173b19661338fce2c12444ae215df846,0.5500000000029104,0.20000000000000284,0.09999999999999432,0.15000000000000568,0.25
2026-09-17,PE,2026-09-17T06:41:00+00:00,2026-09-17T06:39:55.346431+00:00,2026-09-17T06:40:55.359551+00:00,60.01312,NIFTY|2026-09-22|23350|PE,1ac41fcfe15f2d62c0318c2e1563ed49bc6a07b440e15bc7dfced91743d32662,fabaa22a0e53b9b2f6af74dc9a9d949f305cbd7fe32d4327b67289060578c1ae,1.25,-1.6750000000000114,-1.8499999999999943,0.25,0.20000000000000284
2026-09-17,PE,2026-09-17T06:43:00+00:00,2026-09-17T06:41:55.357883+00:00,2026-09-17T06:42:55.365263+00:00,60.00738,NIFTY|2026-09-22|23350|PE,9ceb6c683372ab60be9f991371854a46a269ee201a0c8ceee9d32e5a219cfbf7,63adbba2d02a8b443efa9353397d07bc3cae7a1442c5a4680e628c6c838e6eb5,-2.7000000000007276,2.0250000000000057,1.9000000000000057,0.29999999999999716,0.3500000000000085
2026-09-17,PE,2026-09-17T06:44:00+00:00,2026-09-17T06:42:55.365263+00:00,2026-09-17T06:43:55.371264+00:00,60.006001,NIFTY|2026-09-22|23350|PE,63adbba2d02a8b443efa9353397d07bc3cae7a1442c5a4680e628c6c838e6eb5,3d3b794ebcab295ab8b38147cea3f57bee0c4423f82bb7dbe6a8d40c61836ec2,2.25,-0.22499999999999432,-0.09999999999999432,0.3500000000000085,0.30000000000001137
2026-09-17,PE,2026-09-17T06:46:00+00:00,2026-09-17T06:44:55.366115+00:00,2026-09-17T06:45:55.396024+00:00,60.029909,NIFTY|2026-09-22|23350|PE,3e649d89e3c79e6b9d9959108c44e135da06a6ca2922a6384fbab9b6f344f5e1,fa365522c3d09e2f7e992b85485e1072e90d3c8025da5ef6a7c172b0c84ecf7a,-2.5,0.3500000000000085,0.45000000000000284,0.25,0.25
2026-09-17,PE,2026-09-17T06:50:00+00:00,2026-09-17T06:48:55.354850+00:00,2026-09-17T06:49:55.362523+00:00,60.007673,NIFTY|2026-09-22|23350|PE,2e7fd02f7ffb21c3df82603e9b0535711ad4409c8001dc5b3f51de6a2f086338,d56c7eb11f4dff426900e86e115e40ee24f6b206dcec02a1be4dd2ccbdd44eb1,-0.09999999999854481,-0.024999999999991473,0.10000000000000853,0.25,0.20000000000000284
2026-09-17,PE,2026-09-17T06:51:00+00:00,2026-09-17T06:49:55.362523+00:00,2026-09-17T06:50:55.378605+00:00,60.016082,NIFTY|2026-09-22|23350|PE,d56c7eb11f4dff426900e86e115e40ee24f6b206dcec02a1be4dd2ccbdd44eb1,713b414158fa976484eb6492089bd879e4c5cc0ae7fcb0b7c584f4cfb0a5f894,-0.8000000000029104,-0.05000000000001137,-0.04999999999999716,0.20000000000000284,0.29999999999999716
2026-09-17,PE,2026-09-17T06:54:00+00:00,2026-09-17T06:52:50.363656+00:00,2026-09-17T06:53:55.346680+00:00,64.983024,NIFTY|2026-09-22|23350|PE,acf25c1e66fdacf4990f4361173a66945844abb0c73f5639efa195f533aa0f19,cec28d351698b788a855170ca7749a7a6ee25305f92f008f6bf900f93b001c7c,7.799999999999272,-1.75,-1.75,0.25,0.15000000000000568
2026-09-17,PE,2026-09-17T06:55:00+00:00,2026-09-17T06:53:55.346680+00:00,2026-09-17T06:54:55.368345+00:00,60.021665,NIFTY|2026-09-22|23350|PE,cec28d351698b788a855170ca7749a7a6ee25305f92f008f6bf900f93b001c7c,ae149cddea0d90433f708f6bce110d387720de241dbaf92a35b90a59b01b421a,-6.899999999997817,3.200000000000003,3.3499999999999943,0.15000000000000568,0.25
2026-09-17,PE,2026-09-17T06:56:00+00:00,2026-09-17T06:54:55.368345+00:00,2026-09-17T06:55:55.504544+00:00,60.136199,NIFTY|2026-09-22|23350|PE,ae149cddea0d90433f708f6bce110d387720de241dbaf92a35b90a59b01b421a,9761af258bc59683b6b3bc11d92df2aec6d2cfc213ca469a58f50d52eca6a6f1,-5.600000000002183,1.8999999999999915,1.9500000000000028,0.25,0.25
2026-09-17,PE,2026-09-17T06:58:00+00:00,2026-09-17T06:56:55.354607+00:00,2026-09-17T06:57:55.370112+00:00,60.015505,NIFTY|2026-09-22|23350|PE,fedfbac3147672b89e7a2e8599aed18124287e3818543183c79a2a1611f1c10e,8c7005581918d020b5eb36fdc7ed5ec9c6a71965c24a222defd74e2f226d3d54,-2.400000000001455,-0.3499999999999943,-0.09999999999999432,0.3499999999999943,0.14999999999999147
2026-09-17,PE,2026-09-17T07:00:00+00:00,2026-09-17T06:58:50.585972+00:00,2026-09-17T06:59:55.355138+00:00,64.769166,NIFTY|2026-09-22|23350|PE,fba7c0f8c53224a22f1d823b047b4f8db0ae8f1bbed2d8b5f6b1e865b40e85cb,e9ff6f4e5f594a789b611045902d7c80f327941eeb8b63a121e8a6881bcf22a2,1.7999999999992724,0.7750000000000057,0.8499999999999943,0.25,0.29999999999999716
2026-09-17,PE,2026-09-17T07:01:00+00:00,2026-09-17T06:59:55.355138+00:00,2026-09-17T07:00:55.718261+00:00,60.363123,NIFTY|2026-09-22|23350|PE,e9ff6f4e5f594a789b611045902d7c80f327941eeb8b63a121e8a6881bcf22a2,0ea61add4c82bc0dfcd44d8662273de507df8bb98b117c48bd5033985d174995,-1.5999999999985448,2.5999999999999943,2.6500000000000057,0.29999999999999716,0.10000000000000853
2026-09-17,PE,2026-09-17T07:03:00+00:00,2026-09-17T07:01:55.345529+00:00,2026-09-17T07:02:55.358901+00:00,60.013372,NIFTY|2026-09-22|23350|PE,cc7bac93effcf1d0f83019fde5453a2d8763795d5390bf90e64d2771164bd5b4,8a087753292ecf6856dc824f4e874eed9cbaeb6ec320a7b762e538cbe1094c63,3.150000000001455,-1.4500000000000028,-1.2000000000000028,0.25,0.3499999999999943
2026-09-17,PE,2026-09-17T07:04:00+00:00,2026-09-17T07:02:55.358901+00:00,2026-09-17T07:03:55.366879+00:00,60.007978,NIFTY|2026-09-22|23350|PE,8a087753292ecf6856dc824f4e874eed9cbaeb6ec320a7b762e538cbe1094c63,7f4af8daa857b1c44ca3991d4d8a223a5de7d0f40f053594451aa1060aab1cf6,3.649999999997817,-2.125000000000014,-2.299999999999997,0.3499999999999943,0.29999999999999716
2026-09-17,PE,2026-09-17T07:05:00+00:00,2026-09-17T07:03:55.366879+00:00,2026-09-17T07:04:55.439064+00:00,60.072185,NIFTY|2026-09-22|23350|PE,7f4af8daa857b1c44ca3991d4d8a223a5de7d0f40f053594451aa1060aab1cf6,fec2960bb026410bfe5658c7ecfece8402d3748fa783b4dddc7d6f1507763160,-0.9500000000007276,1.200000000000017,1.4500000000000028,0.29999999999999716,0.10000000000000853
2026-09-17,PE,2026-09-17T07:06:00+00:00,2026-09-17T07:04:55.439064+00:00,2026-09-17T07:05:55.455396+00:00,60.016332,NIFTY|2026-09-22|23350|PE,fec2960bb026410bfe5658c7ecfece8402d3748fa783b4dddc7d6f1507763160,cb0f2ec651de41a76be4a7a72384221ccf79f1094b453be9ce067c1b2dd2419f,2.100000000002183,-1.3000000000000114,-1.0999999999999943,0.10000000000000853,0.29999999999999716
2026-09-17,PE,2026-09-17T07:09:00+00:00,2026-09-17T07:07:55.354601+00:00,2026-09-17T07:08:55.357558+00:00,60.002957,NIFTY|2026-09-22|23350|PE,2f7cb04a15ecdfd1b787803f003490b0a0acc0005921480550f53a219511fe5c,4a441cd74eb350cc710020a14781559372b8f88cf7cfeb2a13f6886c049d2596,1.3499999999985448,-0.6749999999999972,-0.8500000000000085,0.29999999999999716,0.25
2026-09-17,PE,2026-09-17T07:10:00+00:00,2026-09-17T07:08:55.357558+00:00,2026-09-17T07:09:55.370591+00:00,60.013033,NIFTY|2026-09-22|23350|PE,4a441cd74eb350cc710020a14781559372b8f88cf7cfeb2a13f6886c049d2596,daf303e9ff766ed965651c9d29b5922b7077d8feb7ddd73856d472e45f41cd39,-2.7999999999992724,1.4249999999999972,1.7000000000000028,0.25,0.29999999999999716
2026-09-17,PE,2026-09-17T07:12:00+00:00,2026-09-17T07:10:55.350244+00:00,2026-09-17T07:11:55.370721+00:00,60.020477,NIFTY|2026-09-22|23350|PE,c2fb87fe197eaf8b0e692b26eb95c09d414fbb8f0a5fc106347e0f520ef332d1,73b591df1e471e9fddd4ae403b4a67e669e556c519e5ea378e88d3caeb17a96c,0.3999999999978172,-0.44999999999998863,-0.6000000000000085,0.25,0.25
2026-09-17,PE,2026-09-17T07:14:00+00:00,2026-09-17T07:12:55.352302+00:00,2026-09-17T07:13:55.361364+00:00,60.009062,NIFTY|2026-09-22|23350|PE,f6039dd9ae344b67546c28f67340e71b184dbdae70b5ae98c4ab288e032be951,69100bd6c97f2e729780e39205d9fdb64108d012c50c7b086f37bb6738e869a0,-2.399999999997817,1.8999999999999915,1.6999999999999886,0.09999999999999432,0.10000000000000853
2026-09-17,PE,2026-09-17T07:16:00+00:00,2026-09-17T07:14:55.359122+00:00,2026-09-17T07:15:55.363719+00:00,60.004597,NIFTY|2026-09-22|23350|PE,6851239d2a5e267afc7c151dc7e43d32e2e6b938d6a6eacab77242cde0d67294,988f456b47409109eb7710295f53f7d299432fb448ad275e165bd5b6e2618bf0,1.1500000000014552,0.4750000000000085,0.5,0.29999999999999716,0.3499999999999943
2026-09-17,PE,2026-09-17T07:18:00+00:00,2026-09-17T07:16:55.360631+00:00,2026-09-17T07:17:55.361397+00:00,60.000766,NIFTY|2026-09-22|23350|PE,67e94c6b7eb7cfd0e458fbe5534a3bb0723335c87763b1cf8f4ab1379073147a,630293f576252ab4c1e1421bc583c76374c8b9f06c381cfb0454438c70049348,-4.099999999998545,2.8499999999999943,2.75,0.29999999999999716,0.30000000000001137
2026-09-17,PE,2026-09-17T07:20:00+00:00,2026-09-17T07:18:50.355104+00:00,2026-09-17T07:19:55.352692+00:00,64.997588,NIFTY|2026-09-22|23350|PE,62b5b999a8542dafbecd2177d66a74894677f40c81241cc033b9b0b844935dcb,22ff81c31d866b935c935663cd8634ebf567639f6393ab4589b4f50ce8741ad8,-1.0,1.9000000000000057,2.450000000000003,0.25,0.3499999999999943
2026-09-17,PE,2026-09-17T07:21:00+00:00,2026-09-17T07:19:55.352692+00:00,2026-09-17T07:20:55.354791+00:00,60.002099,NIFTY|2026-09-22|23350|PE,22ff81c31d866b935c935663cd8634ebf567639f6393ab4589b4f50ce8741ad8,61cb8a3c841bc92d112177322b698c3bd1f54813ba636bcf8e43de071b951dd1,-0.19999999999708962,-1.9750000000000085,-2.1500000000000057,0.3499999999999943,0.29999999999999716
2026-09-17,PE,2026-09-17T07:22:00+00:00,2026-09-17T07:20:55.354791+00:00,2026-09-17T07:21:55.361848+00:00,60.007057,NIFTY|2026-09-22|23350|PE,61cb8a3c841bc92d112177322b698c3bd1f54813ba636bcf8e43de071b951dd1,b0e30ba4b7d40a11bd5c0c019d221d2fe1c922af8995446402493558e25a88cc,1.8499999999985448,0.6500000000000057,0.5999999999999943,0.29999999999999716,0.30000000000001137
2026-09-17,PE,2026-09-17T07:24:00+00:00,2026-09-17T07:22:55.359250+00:00,2026-09-17T07:23:55.486472+00:00,60.127222,NIFTY|2026-09-22|23350|PE,ab349a642a75cc5f59449bf46d9725f2c75a2d9984b9db5c6be9399759c14c8f,924e0211304ab0e6834fae0b9e53471665c30911bd05404021eb3cbec375c244,4.0,-2.7750000000000057,-3.0,0.25,0.19999999999998863
2026-09-17,PE,2026-09-17T07:26:00+00:00,2026-09-17T07:24:55.363402+00:00,2026-09-17T07:25:55.364219+00:00,60.000817,NIFTY|2026-09-22|23350|PE,544765e6e0dd605a966b2e63e14f7cf56bd3e5ac524d680687d299ca657e91bd,41b958d56153ce92d1d842fcb4de8ad83a97ec99c66f631f2bd2dff0129ba468,-5.0,0.09999999999999432,0.09999999999999432,0.25,0.25
2026-09-17,PE,2026-09-17T07:28:00+00:00,2026-09-17T07:26:55.359924+00:00,2026-09-17T07:27:55.363963+00:00,60.004039,NIFTY|2026-09-22|23350|PE,46316b4b1cbe5d070292dfd2e4063d50fd74ce382c4b2cc69128c54c1f36906b,34740a7edb88f29d2ada69fdd6852c95d8aca0219b77f97b1dee836f71709d35,0.05000000000291038,-1.5499999999999972,-1.3499999999999943,0.3499999999999943,0.3499999999999943
2026-09-17,PE,2026-09-17T07:30:00+00:00,2026-09-17T07:28:55.363861+00:00,2026-09-17T07:29:55.367560+00:00,60.003699,NIFTY|2026-09-22|23350|PE,89c0d52fe77174f5dee23e0dfbea3175d162684ae54cab96632174cca03a002f,db27fdfa2592b447c2d39bcb6f920853eba2e106e15885a7e698379983166292,-0.25,0.9500000000000028,0.8500000000000085,0.25,0.15000000000000568
2026-09-17,PE,2026-09-17T07:31:00+00:00,2026-09-17T07:29:55.367560+00:00,2026-09-17T07:30:55.383656+00:00,60.016096,NIFTY|2026-09-22|23350|PE,db27fdfa2592b447c2d39bcb6f920853eba2e106e15885a7e698379983166292,a05003bb2a15bcde909094aece29dd833f3400f0b4b01128eeb343686d91922a,3.9500000000007276,-3.0,-2.8500000000000085,0.15000000000000568,0.25
2026-09-17,PE,2026-09-17T07:32:00+00:00,2026-09-17T07:30:55.383656+00:00,2026-09-17T07:31:55.461906+00:00,60.07825,NIFTY|2026-09-22|23350|PE,a05003bb2a15bcde909094aece29dd833f3400f0b4b01128eeb343686d91922a,6cf178a706fb3170a0ff2868bf893b1e179e30b870fd18923e665a2fdd32b91a,-6.200000000000728,4.474999999999994,4.400000000000006,0.25,0.29999999999999716
2026-09-17,PE,2026-09-17T07:34:00+00:00,2026-09-17T07:32:55.351508+00:00,2026-09-17T07:33:55.377264+00:00,60.025756,NIFTY|2026-09-22|23350|PE,84379a6d13e6f463ce25ef95b52626553b1df0bd1d874be9cd264dacf8ff30b5,1c4a14f44373ab7fc45cf2d2fc89ea7ac7be9b83bd8ff007350363c8598ace13,-2.75,1.7749999999999915,2.0,0.29999999999999716,0.15000000000000568
2026-09-17,PE,2026-09-17T07:36:00+00:00,2026-09-17T07:34:55.365575+00:00,2026-09-17T07:35:55.368035+00:00,60.00246,NIFTY|2026-09-22|23350|PE,906e7fecc30ab670530eabd47902cbe8bfb0b17beea7638533467aefbdf0fb79,c719ba259ecc5393af8bd0879f743d4e5efaf02f380496b2996021bbb9170f00,2.4500000000007276,-0.5,-0.5999999999999943,0.25,0.14999999999999147
2026-09-17,PE,2026-09-17T07:39:00+00:00,2026-09-17T07:37:55.356186+00:00,2026-09-17T07:38:55.378195+00:00,60.022009,NIFTY|2026-09-22|23300|PE,e8ddd76664fd569543d9a38e88bbe8d232b68d309bacf82c63bba8ad3a85eb9c,37f971a7873c9c4855967a237a23dea7846a2e5d9d1138a3a4513e278c0a9c5f,2.900000000001455,-0.8999999999999773,-0.6999999999999886,0.20000000000000284,0.20000000000000284
2026-09-17,PE,2026-09-17T07:47:00+00:00,2026-09-17T07:45:55.362275+00:00,2026-09-17T07:46:55.366272+00:00,60.003997,NIFTY|2026-09-22|23300|PE,fccfdf89f905894c56a2c6f7c0be2690db1429d8518d82390cc7540c764991d3,7a69f21d4a8100971e2515a69f458528ead4b7a9deaf164b9c7d051293ba80cd,4.349999999998545,-3.625,-4.0,0.20000000000000284,0.25
2026-09-17,PE,2026-09-17T07:48:00+00:00,2026-09-17T07:46:55.366272+00:00,2026-09-17T07:47:55.503115+00:00,60.136843,NIFTY|2026-09-22|23300|PE,7a69f21d4a8100971e2515a69f458528ead4b7a9deaf164b9c7d051293ba80cd,1aa11fcb404d910d7ff77f739cac967202d17bb9a8215177e29018b2cc9e24c8,-5.849999999998545,2.875,2.8999999999999915,0.25,0.29999999999999716
2026-09-17,PE,2026-09-17T07:51:00+00:00,2026-09-17T07:49:50.365786+00:00,2026-09-17T07:50:55.357223+00:00,64.991437,NIFTY|2026-09-22|23300|PE,298d69433e7e589066f87ce691bd4355ad802af9fddc2272e9614f4c570e55a2,0ae170775d6cf8be0c78f43c81f4d97f982e7b90aa6d32c116fd997c9cc0fc03,0.75,-0.025000000000005684,0.0,0.25,0.20000000000000284
2026-09-17,PE,2026-09-17T07:52:00+00:00,2026-09-17T07:50:55.357223+00:00,2026-09-17T07:51:55.374355+00:00,60.017132,NIFTY|2026-09-22|23300|PE,0ae170775d6cf8be0c78f43c81f4d97f982e7b90aa6d32c116fd997c9cc0fc03,7e68e46847c5d464b33da9e62354608c385111cd5e1484f4160f5f92991f384d,2.2999999999992724,-0.3499999999999943,-0.3500000000000085,0.20000000000000284,0.10000000000000853
2026-09-17,PE,2026-09-17T07:54:00+00:00,2026-09-17T07:52:55.356683+00:00,2026-09-17T07:53:55.361715+00:00,60.005032,NIFTY|2026-09-22|23300|PE,6162cc9207d67cbf878a2c56cd665e79ac3db58bc26a55224d7268fce6e68be6,2eadd97c1cb5831c11f7fb2081ab268714a2f9bd29b1ab2e288a3838d8b051c4,-0.2000000000007276,-0.6500000000000057,-0.7000000000000028,0.29999999999999716,0.20000000000000284
2026-09-17,PE,2026-09-17T07:56:00+00:00,2026-09-17T07:54:55.360292+00:00,2026-09-17T07:55:55.908307+00:00,60.548015,NIFTY|2026-09-22|23300|PE,7359b52f99a26126808ed1ccab3a5f84755324575ecda4203d190432e2f668e3,0e90e6c4c4d7366c93b2df36f1b6e35e6936bf76ebde655fd5631a3c1fede7c1,-12.450000000000728,4.300000000000011,3.6500000000000057,0.29999999999999716,0.10000000000000853
2026-09-17,PE,2026-09-17T08:00:00+00:00,2026-09-17T07:58:50.358847+00:00,2026-09-17T07:59:55.349064+00:00,64.990217,NIFTY|2026-09-22|23250|PE,8b4b9f0f43bbde0d272f92f8307c4278a16fad96c510069b3b104391fe7f2bad,e672aa5972a62548e8002e024fd53aca3b845aae50d0e17d78d89477d983a6bd,-2.75,1.3499999999999943,1.5,0.15000000000000568,0.25
2026-09-17,PE,2026-09-17T08:01:00+00:00,2026-09-17T07:59:55.349064+00:00,2026-09-17T08:00:55.367613+00:00,60.018549,NIFTY|2026-09-22|23250|PE,e672aa5972a62548e8002e024fd53aca3b845aae50d0e17d78d89477d983a6bd,727cccbb93170e79eeba22732f05a6c735a07f4a5546440bf538d20a2334b773,-14.0,7.5,6.450000000000003,0.25,0.04999999999999716
2026-09-17,PE,2026-09-17T08:03:00+00:00,2026-09-17T08:01:55.357795+00:00,2026-09-17T08:02:55.608926+00:00,60.251131,NIFTY|2026-09-22|23250|PE,ec0f5d04225c6e8acda06c5f320d3d1c79f1fe8faedce6a9713285111b4e7b69,c2ba2600622780d1db594002d9efe7319d5375843c7482e74edf4c7ab591a4cf,6.599999999998545,-2.7249999999999943,-2.5,0.20000000000000284,0.25
2026-09-17,PE,2026-09-17T08:05:00+00:00,2026-09-17T08:03:55.360550+00:00,2026-09-17T08:04:55.390083+00:00,60.029533,NIFTY|2026-09-22|23250|PE,58a19b806de41e01bda4415e5cdd77843b6f6c36883ab842160ae7b02068fed6,3086b8b352b4dd586a062388b651590be314bd1c5b2d8a248a9892c78ea1e3e3,5.200000000000728,-3.5,-3.299999999999997,0.29999999999999716,0.20000000000000284
2026-09-17,PE,2026-09-17T08:07:00+00:00,2026-09-17T08:05:55.372445+00:00,2026-09-17T08:06:55.622959+00:00,60.250514,NIFTY|2026-09-22|23250|PE,66c3ac959c9abc38268af325fd880bf468ae12a63196841a354326ec4bd62ea6,9e8bdb9ee170f0c1ae19d95ed05cd0553c61bae4720d512a96aa38451a17c344,-4.5,2.624999999999986,2.5999999999999943,0.20000000000000284,0.25
2026-09-17,PE,2026-09-17T08:10:00+00:00,2026-09-17T08:08:50.597618+00:00,2026-09-17T08:09:55.358753+00:00,64.761135,NIFTY|2026-09-22|23250|PE,e253923fa3ad4194f6ec9131b1e2e4f7313b925d7945bc7f8839ed41c4787f0b,dbda8abf7e6a7c00670befcd080bd249b7a4f326c7f5c9fb4d0d2c6583e09ffa,4.25,-0.5250000000000057,-0.8499999999999943,0.25,0.29999999999999716
2026-09-17,PE,2026-09-17T08:11:00+00:00,2026-09-17T08:09:55.358753+00:00,2026-09-17T08:10:55.375137+00:00,60.016384,NIFTY|2026-09-22|23250|PE,dbda8abf7e6a7c00670befcd080bd249b7a4f326c7f5c9fb4d0d2c6583e09ffa,a568a9d16a5aa3efa425bae3f871934414d66de80d266ea308d2fb9c5455b48e,9.350000000002183,-4.349999999999994,-4.25,0.29999999999999716,0.30000000000001137
2026-09-17,PE,2026-09-17T08:14:00+00:00,2026-09-17T08:12:55.367736+00:00,2026-09-17T08:13:55.372729+00:00,60.004993,NIFTY|2026-09-22|23250|PE,c86de48a5bf8a96111a57dbe9e6a65a4d9bd3d4dcca48d7d114f5e72e41de878,bed9fac0fef07d96c1049b438274f13cfd8a9f1af4f992643e22209d3d0c46c3,0.8500000000021828,-1.2999999999999972,-1.5,0.25,0.25
2026-09-17,PE,2026-09-17T08:16:00+00:00,2026-09-17T08:14:50.445527+00:00,2026-09-17T08:15:55.354816+00:00,64.909289,NIFTY|2026-09-22|23250|PE,6464691ace0f9e6f433a7843dc72589758331e6dc304f1f40f86a2e91523c538,27ea1299723262512a5f40f37fc2d6e680b57587b81bd699c1181c68484d7935,1.1499999999978172,-4.0249999999999915,-4.299999999999997,0.20000000000000284,0.25
2026-09-17,PE,2026-09-17T08:17:00+00:00,2026-09-17T08:15:55.354816+00:00,2026-09-17T08:16:55.386616+00:00,60.0318,NIFTY|2026-09-22|23250|PE,27ea1299723262512a5f40f37fc2d6e680b57587b81bd699c1181c68484d7935,a924afeb1e5210df5583ded23f309e2ef9b687759e154c1fd0e76be12508beac,3.75,-0.9750000000000085,-1.0,0.25,0.29999999999999716
2026-09-17,PE,2026-09-17T08:18:00+00:00,2026-09-17T08:16:55.386616+00:00,2026-09-17T08:17:55.533204+00:00,60.146588,NIFTY|2026-09-22|23250|PE,a924afeb1e5210df5583ded23f309e2ef9b687759e154c1fd0e76be12508beac,2438b147b1d312c4d88e56f9a7b930f45e8d1bfd748cb51933ea4360d505cd05,4.049999999999272,0.5,0.8499999999999943,0.29999999999999716,0.29999999999999716
2026-09-17,PE,2026-09-17T08:19:00+00:00,2026-09-17T08:17:55.533204+00:00,2026-09-17T08:18:55.562079+00:00,60.028875,NIFTY|2026-09-22|23250|PE,2438b147b1d312c4d88e56f9a7b930f45e8d1bfd748cb51933ea4360d505cd05,c5e26ff9ef065fa4abca425b79b6e69ce77ab3c12103b72ea2913e66cff218bf,-7.149999999997817,3.8499999999999943,3.4000000000000057,0.29999999999999716,0.29999999999999716
2026-09-17,PE,2026-09-17T08:21:00+00:00,2026-09-17T08:19:50.363576+00:00,2026-09-17T08:20:55.359090+00:00,64.995514,NIFTY|2026-09-22|23250|PE,aaa2a230b2907dc103cd2a266e5ac43bf178fdd534091695d053548e2fb13203,c61b62e3ff8c3e096383420c045d262c0e70564857f1cf1cf74937d4ac902027,0.9000000000014552,-1.3999999999999915,-1.3499999999999943,0.25,0.15000000000000568
2026-09-17,PE,2026-09-17T08:22:00+00:00,2026-09-17T08:20:55.359090+00:00,2026-09-17T08:21:55.363113+00:00,60.004023,NIFTY|2026-09-22|23250|PE,c61b62e3ff8c3e096383420c045d262c0e70564857f1cf1cf74937d4ac902027,f489113051c43b435270aebf0d6c02e404722b0c1cb8cabeae9c613efe017d0b,2.349999999998545,-0.7250000000000085,-0.5,0.15000000000000568,0.29999999999999716
2026-09-17,PE,2026-09-17T08:24:00+00:00,2026-09-17T08:22:55.358366+00:00,2026-09-17T08:23:55.365943+00:00,60.007577,NIFTY|2026-09-22|23250|PE,0297028621dc924908ba761675b7be6af336191fd1119e70d361ea5c6cbecdc0,6dd19ed4753588f2a67b305c04c78b9bbfbcb14f41e766a4c07dc2f28c660537,-4.700000000000728,1.9500000000000028,1.7999999999999972,0.14999999999999147,0.25
2026-09-17,PE,2026-09-17T08:26:00+00:00,2026-09-17T08:24:55.365725+00:00,2026-09-17T08:25:55.375254+00:00,60.009529,NIFTY|2026-09-22|23250|PE,1cae0898dc4edf2e56398190d6c71dec7305ae83d8a6d956e9ebe15c4e5b8b17,5d9d32488e7fb99a37998f16b1761bbb8f46552fa55ee381b5d278947e202d16,1.6999999999970896,-1.4500000000000028,-1.5,0.25,0.25
2026-09-17,PE,2026-09-17T08:27:00+00:00,2026-09-17T08:25:55.375254+00:00,2026-09-17T08:26:55.504261+00:00,60.129007,NIFTY|2026-09-22|23250|PE,5d9d32488e7fb99a37998f16b1761bbb8f46552fa55ee381b5d278947e202d16,4d678444643168bb1ad43e4b893cceb5a2ab9be4ae67a104ce8314ab99f3a66d,-0.6499999999978172,0.9750000000000085,1.2999999999999972,0.25,0.29999999999999716
2026-09-17,PE,2026-09-17T08:29:00+00:00,2026-09-17T08:27:55.361448+00:00,2026-09-17T08:28:55.366675+00:00,60.005227,NIFTY|2026-09-22|23250|PE,61deffb276161892206232932b05b704b548dabd1041b78f5cca880dca441e8e,5357ec181f6a937612190a2cc2e2cdca1789fac33332c83a30443d90fff76c01,2.349999999998545,0.024999999999991473,0.0,0.29999999999999716,0.15000000000000568
2026-09-17,PE,2026-09-17T08:30:00+00:00,2026-09-17T08:28:55.366675+00:00,2026-09-17T08:29:55.367747+00:00,60.001072,NIFTY|2026-09-22|23250|PE,5357ec181f6a937612190a2cc2e2cdca1789fac33332c83a30443d90fff76c01,913adc08a63bf3d5a5cb29489d6727f1c80069cfca38342be6a2c1d812ddebd1,-7.399999999997817,2.4000000000000057,2.5,0.15000000000000568,0.25
2026-09-17,PE,2026-09-17T08:34:00+00:00,2026-09-17T08:32:55.362319+00:00,2026-09-17T08:33:55.366820+00:00,60.004501,NIFTY|2026-09-22|23250|PE,23b3697dd149081650ad835a45ae3fa42267692944745db07993c5db0c90ebd8,1c152dbb985c007d52557269865031d2d893eafe606e34722d96082a46e8309d,2.75,-1.125,-1.4000000000000057,0.3500000000000085,0.29999999999999716
2026-09-17,PE,2026-09-17T08:40:00+00:00,2026-09-17T08:38:55.363546+00:00,2026-09-17T08:39:55.367090+00:00,60.003544,NIFTY|2026-09-22|23300|PE,f4c1f91fe997ad761a325689b10ea01777f915535d232e4a41baf68d0eb437df,6c467e95f82048f4b22101146530d52bd6310327e80cb90964a522f4156c0d49,2.8000000000029104,-1.3250000000000028,-1.1500000000000057,0.25,0.30000000000001137
2026-09-17,PE,2026-09-17T08:41:00+00:00,2026-09-17T08:39:55.367090+00:00,2026-09-17T08:40:55.454661+00:00,60.087571,NIFTY|2026-09-22|23300|PE,6c467e95f82048f4b22101146530d52bd6310327e80cb90964a522f4156c0d49,aacfb4e9228f08250418fc76910f7559b0c1d3b615ffbd5087ee6173e25c1fe8,2.0,1.6500000000000057,1.5,0.30000000000001137,0.20000000000000284
2026-09-17,PE,2026-09-17T08:43:00+00:00,2026-09-17T08:41:55.356401+00:00,2026-09-17T08:42:55.362635+00:00,60.006234,NIFTY|2026-09-22|23300|PE,3f9be9cea48df499a04eaddeaa461fd8c0b424c13fbffcf71e4c3cd4becbcc3f,bf501ff23901383f93c799484854c94dab36b649967bf774116600fd28b31fd6,0.10000000000218279,-1.0,-0.8499999999999943,0.29999999999998295,0.20000000000000284
2026-09-17,PE,2026-09-17T08:44:00+00:00,2026-09-17T08:42:55.362635+00:00,2026-09-17T08:43:55.378021+00:00,60.015386,NIFTY|2026-09-22|23300|PE,bf501ff23901383f93c799484854c94dab36b649967bf774116600fd28b31fd6,d89d82e049b7e4087a768875739cda52ae4ba017e721cc8970da6078f8161580,1.7999999999992724,-0.6999999999999886,-0.9499999999999886,0.20000000000000284,0.30000000000001137
2026-09-17,PE,2026-09-17T08:46:00+00:00,2026-09-17T08:44:55.363935+00:00,2026-09-17T08:45:55.386089+00:00,60.022154,NIFTY|2026-09-22|23300|PE,dd09c25f2ce83434e5d718e18099b1164f9bdaa941b489953c0190049379f40d,2dc4711d1b00100fc4ea5e45150f96f584b61464d0c2cf1a3fc794c4dad7f34c,-2.0499999999992724,0.5999999999999943,0.6500000000000057,0.29999999999999716,0.29999999999999716
2026-09-17,PE,2026-09-17T08:48:00+00:00,2026-09-17T08:46:55.366925+00:00,2026-09-17T08:47:55.461077+00:00,60.094152,NIFTY|2026-09-22|23250|PE,1d11ffdef03fecc19b97370d8241cfc1c7b0b1865843551d2e277ca4847b8b3b,964df7941ccc8ca5c24889961c8950df525cbe561ba1945c5296052bb8d5937f,2.25,-2.25,-1.7000000000000028,0.29999999999999716,0.20000000000000284
2026-09-17,PE,2026-09-17T08:50:00+00:00,2026-09-17T08:48:55.369198+00:00,2026-09-17T08:49:55.369379+00:00,60.000181,NIFTY|2026-09-22|23300|PE,c5336044e3c00f8807512548986bf2e8130a1d57bf3298939686e7d9d6b1aeca,4f2397a2a17b4bbf15f472c793f7551a9ffb9365514029c33e592f75e0749439,0.4000000000014552,0.9499999999999886,0.7999999999999972,0.29999999999999716,0.29999999999999716
2026-09-17,PE,2026-09-17T08:51:00+00:00,2026-09-17T08:49:55.369379+00:00,2026-09-17T08:50:55.461767+00:00,60.092388,NIFTY|2026-09-22|23300|PE,4f2397a2a17b4bbf15f472c793f7551a9ffb9365514029c33e592f75e0749439,a4bea2ebf15a148b46fda758c995acccb9bc6605c96b23e4358fe05f2eefd03f,-1.1500000000014552,-1.8249999999999886,-2.1000000000000085,0.29999999999999716,0.25
2026-09-17,PE,2026-09-17T08:53:00+00:00,2026-09-17T08:51:55.350770+00:00,2026-09-17T08:52:55.585765+00:00,60.234995,NIFTY|2026-09-22|23300|PE,0d34009254b3bb102294b1aba95ffb9f0994874720f74141d3f5e2392db8f7d9,3c19f7178398900b34b77a033e8931d295e3b9d50d3c3a73ed09a744f476c154,0.3000000000029104,1.4749999999999943,1.3499999999999943,0.25,0.20000000000000284
2026-09-17,PE,2026-09-17T08:56:00+00:00,2026-09-17T08:54:55.358093+00:00,2026-09-17T08:55:55.710140+00:00,60.352047,NIFTY|2026-09-22|23300|PE,051a0dd7204863024476d481257a8e5f43d880a56a65ae00d9a7f670463d92d3,ac05dd994664757b215c2fe88fa7c9efcea885ecab03870c6a04903de8715000,-8.450000000000728,5.25,5.3500000000000085,0.29999999999999716,0.29999999999999716
2026-09-17,PE,2026-09-17T09:01:00+00:00,2026-09-17T08:59:55.336884+00:00,2026-09-17T09:00:55.584509+00:00,60.247625,NIFTY|2026-09-22|23300|PE,2da461e9e62b19bcc01ff835847246bfc223dac9236154ccf13cad806f2549cf,bc7bb171a9d1c054247d4bbc41336026b6faae1439d132593066d219efeac04a,-0.9500000000007276,1.9750000000000085,1.6500000000000057,0.29999999999999716,0.25
2026-09-17,PE,2026-09-17T09:03:00+00:00,2026-09-17T09:01:50.361446+00:00,2026-09-17T09:02:55.357329+00:00,64.995883,NIFTY|2026-09-22|23300|PE,dbe0e9128758ab6241b12118dd0cb082a85ee5738bcc09611b4332b28e9a15df,5dfab06b7698dc657778bf3ee59e342cc6984f7baa6b65d7e599d9d96186b5ef,0.049999999999272404,1.4000000000000057,0.8499999999999943,0.19999999999998863,0.29999999999999716
2026-09-17,PE,2026-09-17T09:08:00+00:00,2026-09-17T09:06:50.347587+00:00,2026-09-17T09:07:55.335311+00:00,64.987724,NIFTY|2026-09-22|23300|PE,23cbbd68af5ad4af0ce1f18356b6c4567b838123ddcb0980ded5b24925c2388f,05eb8a39bd70207ad75a31a9195c1f8ab8f1b1e8e64d619ddee466b6db7d7007,19.849999999998545,-11.075000000000017,-10.900000000000006,0.25,0.29999999999999716
2026-09-17,PE,2026-09-17T09:09:00+00:00,2026-09-17T09:07:55.335311+00:00,2026-09-17T09:08:55.347785+00:00,60.012474,NIFTY|2026-09-22|23300|PE,05eb8a39bd70207ad75a31a9195c1f8ab8f1b1e8e64d619ddee466b6db7d7007,5bb992ca619de42202c529a677daa832ed19278aca79165d76280e2c96ed729d,-11.349999999998545,6.075000000000017,6.0,0.29999999999999716,0.14999999999999147
2026-09-17,PE,2026-09-17T09:10:00+00:00,2026-09-17T09:08:55.347785+00:00,2026-09-17T09:09:55.359925+00:00,60.01214,NIFTY|2026-09-22|23300|PE,5bb992ca619de42202c529a677daa832ed19278aca79165d76280e2c96ed729d,f0ae2de32e67fc2ef48b0b057186cd0f4c6429c13327c5c052c0cc7c3f4687ff,9.75,-5.150000000000006,-5.25,0.14999999999999147,0.25
2026-09-17,PE,2026-09-17T09:12:00+00:00,2026-09-17T09:10:55.346276+00:00,2026-09-17T09:11:55.347547+00:00,60.001271,NIFTY|2026-09-22|23300|PE,10afce00933de97790ac777f200c964f92429ee312693e2ea74d2fb788b79ee2,98f47b224b83d9cf542aae39729431aaa26624eb96de41f49bdca686a08790c4,-0.09999999999854481,1.7749999999999915,1.8499999999999943,0.29999999999999716,0.15000000000000568
2026-09-17,PE,2026-09-17T09:14:00+00:00,2026-09-17T09:12:55.329604+00:00,2026-09-17T09:13:55.456208+00:00,60.126604,NIFTY|2026-09-22|23300|PE,906f630780149b6a74b5e69dc69d45fd92489561e99d483027aa9f43f71f57c0,900918e30da6c902798ed30701d01c12bf39630bf698471e86e6f7b16a201597,7.450000000000728,-2.750000000000014,-2.9000000000000057,0.09999999999999432,0.29999999999999716
2026-09-17,PE,2026-09-17T09:17:00+00:00,2026-09-17T09:15:55.346341+00:00,2026-09-17T09:16:55.352138+00:00,60.005797,NIFTY|2026-09-22|23300|PE,23bcc6f626438467c006f982896acbb923db53d6bb3d47a07b67b87a62e6113b,4bfbcf236d7315a8ae359a6373cf0344fff0a2341b7260c443cde9a3f6dc67e6,1.8500000000021828,-2.200000000000017,-2.200000000000003,0.20000000000000284,0.20000000000000284
2026-09-17,PE,2026-09-17T09:19:00+00:00,2026-09-17T09:17:55.340981+00:00,2026-09-17T09:18:55.350066+00:00,60.009085,NIFTY|2026-09-22|23300|PE,06f38ce0fe034165df772da921f7a98a1e72f01f8051aa610cf16c20e4d5d9cd,5201421df8f154989e79d38d8b7964bd7824ae43b76e5f9a61f9fbefb2b0ca9a,7.950000000000728,-3.825000000000003,-4.150000000000006,0.25,0.20000000000000284
2026-09-17,PE,2026-09-17T09:21:00+00:00,2026-09-17T09:19:55.344239+00:00,2026-09-17T09:20:55.347702+00:00,60.003463,NIFTY|2026-09-22|23300|PE,67f5dd9175df7ff355abd9ec92b7e4c8625adbf49961bebc467a35039fed38ae,ea3967973adcb123be28f57ccc1571c04b619d4c01971b05cdf4fd9df7f3ecab,1.9500000000007276,0.5750000000000028,0.29999999999999716,0.25,0.29999999999999716
2026-09-17,PE,2026-09-17T09:22:00+00:00,2026-09-17T09:20:55.347702+00:00,2026-09-17T09:21:55.553430+00:00,60.205728,NIFTY|2026-09-22|23300|PE,ea3967973adcb123be28f57ccc1571c04b619d4c01971b05cdf4fd9df7f3ecab,373c637085cf87030b22cee640b5ec214c5d500b621e15b282ca84cd0aa1b2a4,0.9500000000007276,0.04999999999998295,0.4000000000000057,0.29999999999999716,0.20000000000000284
2026-09-17,PE,2026-09-17T09:25:00+00:00,2026-09-17T09:23:55.346341+00:00,2026-09-17T09:24:55.347817+00:00,60.001476,NIFTY|2026-09-22|23300|PE,d7f1b7ca8e330444cda6f7005a4621aa22760fa09e8d66357e7d43439971b671,0992d1d3639b83228b0b15c64f40e1d894468abe698ef1de6b2bb62f3423e7ef,-1.8499999999985448,0.15000000000000568,0.04999999999999716,0.14999999999999147,0.25
2026-09-17,PE,2026-09-17T09:27:00+00:00,2026-09-17T09:25:55.337416+00:00,2026-09-17T09:26:55.351850+00:00,60.014434,NIFTY|2026-09-22|23300|PE,59725999ccf258e9f38524c832f5e6ad736db68ce3b5fae3dcac5f2cfc7730cf,93fe3a603d11fbb005fc8297b34fa73dd651bbb6e4656eb40a138fa9330079a9,-5.450000000000728,3.125,2.75,0.20000000000000284,0.25
2026-09-17,PE,2026-09-17T09:29:00+00:00,2026-09-17T09:27:55.335572+00:00,2026-09-17T09:28:55.341099+00:00,60.005527,NIFTY|2026-09-22|23300|PE,ee496e62ea2a7829efe8b955c2b832a5538a3c1d7c5025f410ac82f333330951,6b90f3aec46c02a3ba5c877d81d93f31ddcf41096364906d3b75fbe1cbfcb0f5,-0.1500000000014552,0.025000000000005684,-0.15000000000000568,0.19999999999998863,0.14999999999999147
2026-09-17,PE,2026-09-17T09:31:00+00:00,2026-09-17T09:29:55.339008+00:00,2026-09-17T09:30:55.370710+00:00,60.031702,NIFTY|2026-09-22|23300|PE,9dc74ec1ed7b5821d56327f2192b14ffd54da1b7cbd27646299522c4dfda41c1,f610233f32892a006d27a4fd35a66989cf82e8f1c1c84aadf71db471c4dfe1df,3.2000000000007276,-2.5999999999999943,-2.1499999999999915,0.14999999999999147,0.25
2026-09-17,PE,2026-09-17T09:33:00+00:00,2026-09-17T09:31:55.341421+00:00,2026-09-17T09:32:55.347317+00:00,60.005896,NIFTY|2026-09-22|23300|PE,4c5d5462ec2ba68888eaf67b2dc6ba3f2ae3aa75238533c7d71036c476b55f01,a69fc31a0a53b6d08558863c6ea7dc118a590f0f0dea95f3ac6b5b98329ebaf1,-0.4500000000007276,-2.5250000000000057,-2.299999999999997,0.04999999999999716,0.30000000000001137
2026-09-17,PE,2026-09-17T09:34:00+00:00,2026-09-17T09:32:55.347317+00:00,2026-09-17T09:33:55.360935+00:00,60.013618,NIFTY|2026-09-22|23300|PE,a69fc31a0a53b6d08558863c6ea7dc118a590f0f0dea95f3ac6b5b98329ebaf1,2ef8c0645159d153e48494299964db074cc955241ed6ccc255ba770071a18db4,-3.0499999999992724,0.9000000000000057,0.5999999999999943,0.30000000000001137,0.20000000000000284
2026-09-17,PE,2026-09-17T09:35:00+00:00,2026-09-17T09:33:55.360935+00:00,2026-09-17T09:34:55.368784+00:00,60.007849,NIFTY|2026-09-22|23300|PE,2ef8c0645159d153e48494299964db074cc955241ed6ccc255ba770071a18db4,9d673d967d89d79d4378395b841e531519150fa63cf2f6eaac203bfc7207dd0c,0.3500000000021828,1.4499999999999886,1.5500000000000114,0.20000000000000284,0.29999999999999716
2026-09-17,PE,2026-09-17T09:36:00+00:00,2026-09-17T09:34:55.368784+00:00,2026-09-17T09:35:55.439468+00:00,60.070684,NIFTY|2026-09-22|23300|PE,9d673d967d89d79d4378395b841e531519150fa63cf2f6eaac203bfc7207dd0c,68d071d88188f878b17a8638d57113b4c3b18e7ab86aee91a3ee431811aa52a3,0.4499999999970896,-2.375,-2.25,0.29999999999999716,0.25
2026-09-17,PE,2026-09-17T09:39:00+00:00,2026-09-17T09:37:55.341174+00:00,2026-09-17T09:38:55.367116+00:00,60.025942,NIFTY|2026-09-22|23300|PE,21935b994390d6179f61c8b39f4259f37858d8126d827773ab7dee360a652f43,a3fd0b10895b74c3dfed19d8b1efc6f56963d853b8cff220470c2a0148364a32,-2.75,-1.1000000000000085,-1.1500000000000057,0.25,0.25
2026-09-17,PE,2026-09-17T09:40:00+00:00,2026-09-17T09:38:55.367116+00:00,2026-09-17T09:39:55.515759+00:00,60.148643,NIFTY|2026-09-22|23300|PE,a3fd0b10895b74c3dfed19d8b1efc6f56963d853b8cff220470c2a0148364a32,d8bec30e92b6aa8d58540f57a571216e8c9886502d9aad89db5d177522773fc3,-0.75,1.2999999999999972,1.1000000000000085,0.25,0.14999999999999147
2026-09-17,PE,2026-09-17T09:42:00+00:00,2026-09-17T09:40:55.333492+00:00,2026-09-17T09:41:55.348275+00:00,60.014783,NIFTY|2026-09-22|23300|PE,30aaf09050be7c209ebf3f5005cc1829594a07ce1261274ccb63d1ff51567c98,2723824837aa618c73f7dfcfece7c5d15f481cdbbe1326c981f0451b9f9663df,-2.4499999999970896,1.5499999999999972,1.7999999999999972,0.15000000000000568,0.25
2026-09-17,PE,2026-09-17T09:44:00+00:00,2026-09-17T09:42:55.341377+00:00,2026-09-17T09:43:55.343244+00:00,60.001867,NIFTY|2026-09-22|23300|PE,85476d4ac11fbd9613d3bfbb1283a6c6b53c4b9029a5669ba0ab7b47aa6cbd55,3fa3216e55baedd6faa8492a02d6496e2246c9a5dac11b75dfbaa909fec5ac6f,4.80000000000291,-2.299999999999997,-1.9500000000000028,0.25,0.3499999999999943
2026-09-17,PE,2026-09-17T09:45:00+00:00,2026-09-17T09:43:55.343244+00:00,2026-09-17T09:44:55.351984+00:00,60.00874,NIFTY|2026-09-22|23300|PE,3fa3216e55baedd6faa8492a02d6496e2246c9a5dac11b75dfbaa909fec5ac6f,d8ae4d0e4153953c9a77440245b9094a423c3f1eab77c35113e6c06a57bc9c37,1.8999999999978172,-2.7250000000000085,-3.0,0.3499999999999943,0.20000000000000284
2026-09-17,PE,2026-09-17T09:46:00+00:00,2026-09-17T09:44:55.351984+00:00,2026-09-17T09:45:55.353272+00:00,60.001288,NIFTY|2026-09-22|23300|PE,d8ae4d0e4153953c9a77440245b9094a423c3f1eab77c35113e6c06a57bc9c37,faeed45415e0205e68df9822d7aa78162683b01e4d748476ba2d2c05e90687fd,2.0499999999992724,-1.3999999999999915,-1.25,0.20000000000000284,0.09999999999999432
2026-09-17,PE,2026-09-17T09:47:00+00:00,2026-09-17T09:45:55.353272+00:00,2026-09-17T09:46:55.367724+00:00,60.014452,NIFTY|2026-09-22|23300|PE,faeed45415e0205e68df9822d7aa78162683b01e4d748476ba2d2c05e90687fd,47c28c6bf909a92978b805fdd12f533cf46a677d8f2c07996b2a8fe2e1dd06dc,0.0,-3.1499999999999915,-3.200000000000003,0.09999999999999432,0.20000000000000284
2026-09-17,PE,2026-09-17T09:49:00+00:00,2026-09-17T09:47:50.343248+00:00,2026-09-17T09:48:55.330667+00:00,64.987419,NIFTY|2026-09-22|23300|PE,ba3f22f2cc73879627a24b5549a70aaa6ce6685e8e25564e012c48a9dd337e60,8aba50dc8693dc36469c814783cd221f81cdf1ce9f93e8ab55175ece1e45aebe,0.0,0.44999999999998863,0.5499999999999972,0.29999999999999716,0.29999999999999716
2026-09-17,PE,2026-09-17T09:50:00+00:00,2026-09-17T09:48:55.330667+00:00,2026-09-17T09:49:55.343106+00:00,60.012439,NIFTY|2026-09-22|23300|PE,8aba50dc8693dc36469c814783cd221f81cdf1ce9f93e8ab55175ece1e45aebe,4ea8ff8c9ef17cda175a64dc158a5f066cd71b687d0b0bc0202f5a6e06008e34,0.0,0.15000000000000568,0.20000000000000284,0.29999999999999716,0.30000000000001137
2026-09-17,PE,2026-09-17T09:51:00+00:00,2026-09-17T09:49:55.343106+00:00,2026-09-17T09:50:55.354280+00:00,60.011174,NIFTY|2026-09-22|23300|PE,4ea8ff8c9ef17cda175a64dc158a5f066cd71b687d0b0bc0202f5a6e06008e34,aa75a789ee7e90409d59fdefcc0cfe28e3781892233e1176ef95e4f2542c63e8,0.0,-1.75,-1.4500000000000028,0.30000000000001137,0.09999999999999432
2026-09-17,PE,2026-09-17T09:52:00+00:00,2026-09-17T09:50:55.354280+00:00,2026-09-17T09:51:55.370000+00:00,60.01572,NIFTY|2026-09-22|23300|PE,aa75a789ee7e90409d59fdefcc0cfe28e3781892233e1176ef95e4f2542c63e8,53390d124791812338e5d73f8543e50111779e50e32b32302f21b6272de9c2e1,0.0,0.15000000000000568,-0.15000000000000568,0.09999999999999432,0.20000000000000284
2026-09-17,PE,2026-09-17T09:54:00+00:00,2026-09-17T09:52:50.342721+00:00,2026-09-17T09:53:55.334535+00:00,64.991814,NIFTY|2026-09-22|23300|PE,3cca1a28278c4a8c20b468cf98cd36db8a9976e449d3eb05dcbccbb25c600063,26baea7147304312700e7a0d04bc3d15acd9dea6d247b9dce182df67c6ff68e2,0.0,2.0999999999999943,2.299999999999997,0.25,0.3499999999999943
2026-09-17,PE,2026-09-17T09:55:00+00:00,2026-09-17T09:53:55.334535+00:00,2026-09-17T09:54:55.338453+00:00,60.003918,NIFTY|2026-09-22|23300|PE,26baea7147304312700e7a0d04bc3d15acd9dea6d247b9dce182df67c6ff68e2,f4efc220a7a5029e997144d5b361a1f4c612da7a319a06e2b1c797d69de99e52,0.0,-5.0249999999999915,-5.0,0.3499999999999943,0.29999999999999716
2026-09-17,PE,2026-09-17T09:56:00+00:00,2026-09-17T09:54:55.338453+00:00,2026-09-17T09:55:55.343619+00:00,60.005166,NIFTY|2026-09-22|23300|PE,f4efc220a7a5029e997144d5b361a1f4c612da7a319a06e2b1c797d69de99e52,758cbb4ac76ae4514b9377131b7d74970dbc6c112987de731987a26f00424a51,0.0,0.5999999999999943,0.4000000000000057,0.29999999999999716,0.19999999999998863
2026-09-17,PE,2026-09-17T09:57:00+00:00,2026-09-17T09:55:55.343619+00:00,2026-09-17T09:56:55.355454+00:00,60.011835,NIFTY|2026-09-22|23300|PE,758cbb4ac76ae4514b9377131b7d74970dbc6c112987de731987a26f00424a51,7d2036691eee082acb57bd1b9afc2de889175d4107248af39cbb36b42f0e85b6,0.0,1.875,1.8499999999999943,0.19999999999998863,0.25
2026-09-17,PE,2026-09-17T09:58:00+00:00,2026-09-17T09:56:55.355454+00:00,2026-09-17T09:57:55.443334+00:00,60.08788,NIFTY|2026-09-22|23300|PE,7d2036691eee082acb57bd1b9afc2de889175d4107248af39cbb36b42f0e85b6,5b674b70c032a37b4341d1ae7b4f556b95b57658dd30fbabb83f379ae608c5c6,0.0,-0.45000000000000284,-0.3999999999999915,0.25,0.25
2026-09-17,PE,2026-09-17T10:00:00+00:00,2026-09-17T09:58:55.350818+00:00,2026-09-17T09:59:55.386480+00:00,60.035662,NIFTY|2026-09-22|23250|PE,a0a2339de54496e66919da5639ba772cace22be8ae04a5f721997712bcbf4cc5,865e3e720a2373c0568626502d71cf70f90a227bce17b493d78e0ee0a762d821,0.0,0.12499999999998579,-0.15000000000000568,0.25,0.29999999999999716
2026-09-18,CE,2026-09-18T03:48:00+00:00,2026-09-18T03:46:55.353411+00:00,2026-09-18T03:47:55.356311+00:00,60.0029,NIFTY|2026-09-22|23350|CE,febdc73ac91c147a127a8c02b409e35cad746fbcfaa39d4e33b92b3f11b19321,bfe9ce7420a11eb92e7bd6a85f4204152af58ecd307b11ead42fb389f13fdbdd,2.399999999997817,0.8999999999999773,0.45000000000000284,0.29999999999999716,0.20000000000000284
2026-09-18,CE,2026-09-18T03:50:00+00:00,2026-09-18T03:48:55.389761+00:00,2026-09-18T03:49:55.428122+00:00,60.038361,NIFTY|2026-09-22|23300|CE,d886b79a2c5e8ca661919447166e41e9a3c0fa85367b49f44dcd1d86b969937b,59556bd8ad216915b7a6ea0b4bf9bab2d259689ca3ace9b384ac40b8b3e0879e,0.75,2.375,2.549999999999997,0.25,0.29999999999999716
2026-09-18,CE,2026-09-18T03:52:00+00:00,2026-09-18T03:50:55.335117+00:00,2026-09-18T03:51:55.362804+00:00,60.027687,NIFTY|2026-09-22|23300|CE,64bff9a15ac97635e73fbb976c4c7eb46a7fde1bfa481d7cd76ca8a32dc0d057,ebecb2c599830d644c747799550be3bd0118110e8f84018095ef0525ab3dcc31,3.0499999999992724,0.25,1.4000000000000057,0.29999999999999716,0.20000000000000284
2026-09-18,CE,2026-09-18T03:54:00+00:00,2026-09-18T03:52:55.350676+00:00,2026-09-18T03:53:55.355900+00:00,60.005224,NIFTY|2026-09-22|23300|CE,0d1867c0a61c478daa8beaa1031af6cc2092b8298a34444d380d8169e1f407d5,7a29dee769803f40254a30f8ebf72c8668b174e5dac7efd6ef2a60b526ef1138,10.0,5.350000000000023,5.900000000000006,0.25,0.3499999999999943
2026-09-18,CE,2026-09-18T03:57:00+00:00,2026-09-18T03:55:55.345929+00:00,2026-09-18T03:56:55.362471+00:00,60.016542,NIFTY|2026-09-22|23300|CE,837b45c84b1c12600b8b9d864e78e8f1a43203beee5f89cca71c8d08c4c38eec,bcd2aa3070f2a04d87687ba61beec843322f2e33725aef2be978bb8edf4edc6f,-7.44999999999709,-2.0500000000000114,-2.450000000000003,0.29999999999999716,0.30000000000001137
2026-09-18,CE,2026-09-18T03:58:00+00:00,2026-09-18T03:56:55.362471+00:00,2026-09-18T03:57:55.365587+00:00,60.003116,NIFTY|2026-09-22|23300|CE,bcd2aa3070f2a04d87687ba61beec843322f2e33725aef2be978bb8edf4edc6f,87e2150b530e65eae4c64afa0594d3a16ed17b6641c0e91b24f29f3c165fd3de,-12.450000000000728,-2.25,-2.0999999999999943,0.30000000000001137,0.30000000000001137
2026-09-18,CE,2026-09-18T03:59:00+00:00,2026-09-18T03:57:55.365587+00:00,2026-09-18T03:58:55.369167+00:00,60.00358,NIFTY|2026-09-22|23300|CE,87e2150b530e65eae4c64afa0594d3a16ed17b6641c0e91b24f29f3c165fd3de,9aabba59e1c03675410dce2938a6fcd42710323ba6dfb179c34f96de46450ad8,-3.5,-1.3499999999999943,-1.3499999999999943,0.30000000000001137,0.20000000000000284
2026-09-18,CE,2026-09-18T04:01:00+00:00,2026-09-18T03:59:50.465130+00:00,2026-09-18T04:00:55.355892+00:00,64.890762,NIFTY|2026-09-22|23300|CE,1d012c9178d78f85015d22a803e351524acb4b3c50b3393ba5b7edb9751c4862,f60318b74b3e475865e32c6b4154305e7e0053bad02c582662983a47edab3084,-3.1999999999970896,-3.674999999999983,-3.8000000000000114,0.3500000000000085,0.20000000000000284
2026-09-18,CE,2026-09-18T04:02:00+00:00,2026-09-18T04:00:55.355892+00:00,2026-09-18T04:01:55.429048+00:00,60.073156,NIFTY|2026-09-22|23300|CE,f60318b74b3e475865e32c6b4154305e7e0053bad02c582662983a47edab3084,8486eb1ff65a1a30a0cb1c286fda7ab642c80d9a7e905a7a70eff34e32e97537,0.4499999999970896,-2.1750000000000114,-2.299999999999997,0.20000000000000284,0.25
2026-09-18,CE,2026-09-18T04:04:00+00:00,2026-09-18T04:02:55.352433+00:00,2026-09-18T04:03:55.364444+00:00,60.012011,NIFTY|2026-09-22|23300|CE,50c42dbc3751ca9e1ea1e7fcf9c1375412a9afaae6bd92e0804ff63dfb0aa694,fc3fb65d9e4ec37124e737fd72fd96cc6262fa5b815c3caba80a812443e27fd7,-4.600000000002183,-1.875,-1.25,0.14999999999999147,0.29999999999999716
2026-09-18,CE,2026-09-18T04:05:00+00:00,2026-09-18T04:03:55.364444+00:00,2026-09-18T04:04:55.367632+00:00,60.003188,NIFTY|2026-09-22|23300|CE,fc3fb65d9e4ec37124e737fd72fd96cc6262fa5b815c3caba80a812443e27fd7,4e9bf06044db8e2429341e1a0ec474ebddee7865829a8129c0002282eb0c5d0f,-3.149999999997817,-0.30000000000001137,-0.75,0.29999999999999716,0.29999999999999716
2026-09-18,CE,2026-09-18T04:08:00+00:00,2026-09-18T04:06:50.661506+00:00,2026-09-18T04:07:55.348956+00:00,64.68745,NIFTY|2026-09-22|23300|CE,eec4b55d8e3bef2ab98a052d687d6b3588c530baa12af3e24710d4a56c77d789,70ccc81a9adaa356d27adbd35b902491983b9974dc2d027da7dcc2c017b9b469,-9.649999999997817,-4.075000000000017,-3.75,0.3500000000000085,0.29999999999999716
2026-09-18,CE,2026-09-18T04:09:00+00:00,2026-09-18T04:07:55.348956+00:00,2026-09-18T04:08:55.382435+00:00,60.033479,NIFTY|2026-09-22|23300|CE,70ccc81a9adaa356d27adbd35b902491983b9974dc2d027da7dcc2c017b9b469,74e3c6587563fc2039c603ce3deea14f526a2ce7932c7ce32a3691b211401e39,3.899999999997817,-0.09999999999999432,-0.09999999999999432,0.29999999999999716,0.29999999999999716
2026-09-18,CE,2026-09-18T04:11:00+00:00,2026-09-18T04:09:50.510600+00:00,2026-09-18T04:10:55.346011+00:00,64.835411,NIFTY|2026-09-22|23300|CE,5a712cabfa4300d67f5fd4cc650524889041ee14d85311af62d77dfc7c516ab7,a543bf613a7a3e395cd8ded0311c7f23894bd0f4b6a31d263a3ae14d93cfd4da,-0.75,0.025000000000005684,0.25,0.25,0.10000000000000853
2026-09-18,CE,2026-09-18T04:12:00+00:00,2026-09-18T04:10:55.346011+00:00,2026-09-18T04:11:55.348802+00:00,60.002791,NIFTY|2026-09-22|23300|CE,a543bf613a7a3e395cd8ded0311c7f23894bd0f4b6a31d263a3ae14d93cfd4da,e19b136b337474b2362c1cf3962b5721290d895c529acc3b03d463772ebe1c43,-0.75,-0.75,-0.9000000000000057,0.10000000000000853,0.29999999999999716
2026-09-18,CE,2026-09-18T04:13:00+00:00,2026-09-18T04:11:55.348802+00:00,2026-09-18T04:12:55.352996+00:00,60.004194,NIFTY|2026-09-22|23300|CE,e19b136b337474b2362c1cf3962b5721290d895c529acc3b03d463772ebe1c43,e75eee443c6cbbe881d505174d3c45744098663ff34bdd6b9534d6979f5d1114,3.75,1.3249999999999886,1.25,0.29999999999999716,0.3500000000000085
2026-09-18,CE,2026-09-18T04:15:00+00:00,2026-09-18T04:13:55.344835+00:00,2026-09-18T04:14:55.356923+00:00,60.012088,NIFTY|2026-09-22|23300|CE,a34f93e365b6b4881e2502a936e48403a2859d115f402dc5b386c0a042eeba08,7ac12553c44bbdaaba80d09ec62eac317928331240b9eb810b8c92455b214eb6,3.399999999997817,2.75,2.700000000000003,0.25,0.25
2026-09-18,CE,2026-09-18T04:16:00+00:00,2026-09-18T04:14:55.356923+00:00,2026-09-18T04:15:55.358258+00:00,60.001335,NIFTY|2026-09-22|23300|CE,7ac12553c44bbdaaba80d09ec62eac317928331240b9eb810b8c92455b214eb6,732afa934742d4c35749d8ddba8e3ef544447b6c831758291e84d71c57a77c37,-3.25,-2.9250000000000114,-3.0,0.25,0.20000000000000284
2026-09-18,CE,2026-09-18T04:18:00+00:00,2026-09-18T04:16:55.354083+00:00,2026-09-18T04:17:55.356949+00:00,60.002866,NIFTY|2026-09-22|23300|CE,c4ca8a9a38e938107bf7b08dc45bb9cad4efeb0c663507c0cdca085571ff03c7,f4745b711f7964d61c7a12f4a78782b3c790d2efe875d6bb95267ec5c591a0a8,3.0499999999992724,0.875,1.2000000000000028,0.29999999999999716,0.3500000000000085
2026-09-18,CE,2026-09-18T04:20:00+00:00,2026-09-18T04:18:55.340971+00:00,2026-09-18T04:19:55.362721+00:00,60.02175,NIFTY|2026-09-22|23300|CE,9efb8bbcd5a45b53b3505f70f03c41e4dce79f377f183608952be788df2f413a,f10b6e50917250691e830bbaf2d4333615ca7f465255c6f445442911acaaeae2,-8.799999999999272,-5.449999999999989,-5.549999999999997,0.20000000000000284,0.30000000000001137
2026-09-18,CE,2026-09-18T04:23:00+00:00,2026-09-18T04:21:55.348065+00:00,2026-09-18T04:22:55.458275+00:00,60.11021,NIFTY|2026-09-22|23300|CE,025e2aa0b0a07b804d1db7cc59f1e4dd201d0d83d7ec6e6ef59acb4b4a12ed43,60818d51c37ed45b9f0c145253713e11f566d3d72a573e40d9763989c73d60f9,4.799999999999272,4.299999999999997,4.25,0.25,0.25
2026-09-18,CE,2026-09-18T04:27:00+00:00,2026-09-18T04:25:55.334789+00:00,2026-09-18T04:26:55.491058+00:00,60.156269,NIFTY|2026-09-22|23300|CE,aae2e5eadf6452c5ff7870e4468604cdce2f8e4c08f82909e96dc4a95e509e36,db5d4953b2c3c3687d1ab9364e8ca70b67e41094b11be4e2ed09b5df67c8524f,-1.5500000000029104,1.125,1.6000000000000085,0.20000000000000284,0.25
2026-09-18,CE,2026-09-18T04:29:00+00:00,2026-09-18T04:27:55.341342+00:00,2026-09-18T04:28:55.341683+00:00,60.000341,NIFTY|2026-09-22|23350|CE,9fc581c76d42505e9ad873c8f1fcf4c4bdafdd91782402f8a385f76c482631e4,64d47d6763f6a58168c91141d35af3091da064fb3f6f854696d8b76ca99c53cf,-2.5499999999992724,-0.9250000000000114,-0.9000000000000057,0.25,0.20000000000000284
2026-09-18,CE,2026-09-18T04:31:00+00:00,2026-09-18T04:29:55.341425+00:00,2026-09-18T04:30:55.344542+00:00,60.003117,NIFTY|2026-09-22|23350|CE,22e7b779bb0eb1bdca63c6bc77c7dbe31889f5d073603c6dd800df4c867ed7de,6120de4dd4fa64264e9de507321f46ba94abb5e26add0ec56ae83d06ce0bbbce,1.5,1.0499999999999972,1.0999999999999943,0.14999999999999147,0.25
2026-09-18,CE,2026-09-18T04:32:00+00:00,2026-09-18T04:30:55.344542+00:00,2026-09-18T04:31:55.349668+00:00,60.005126,NIFTY|2026-09-22|23350|CE,6120de4dd4fa64264e9de507321f46ba94abb5e26add0ec56ae83d06ce0bbbce,01d797046a9d8c354fa211922c0a7a1a883b3d1b36e5da1a1cb6195d829bf908,-0.4000000000014552,-0.7750000000000057,-0.75,0.25,0.09999999999999432
2026-09-18,CE,2026-09-18T04:33:00+00:00,2026-09-18T04:31:55.349668+00:00,2026-09-18T04:32:55.361461+00:00,60.011793,NIFTY|2026-09-22|23350|CE,01d797046a9d8c354fa211922c0a7a1a883b3d1b36e5da1a1cb6195d829bf908,98b3d944496e82932c34a3e2c3c193fbd39c459b38f67cf17860eec431b5083f,-2.5,-1.5750000000000028,-1.7999999999999972,0.09999999999999432,0.14999999999999147
2026-09-18,CE,2026-09-18T04:35:00+00:00,2026-09-18T04:33:50.346214+00:00,2026-09-18T04:34:55.341113+00:00,64.994899,NIFTY|2026-09-22|23300|CE,7d18e1d5bc633459ff3ec566e470fedb6ea7d520206ad6fd971d48c19bd46900,0f6bce0881f776d78b402626ac1bb74867e7149e16d213633e9c6d194b5f6b92,-0.1499999999978172,0.2749999999999915,0.5999999999999943,0.3499999999999943,0.20000000000000284
2026-09-18,CE,2026-09-18T04:42:00+00:00,2026-09-18T04:40:55.347307+00:00,2026-09-18T04:41:55.386223+00:00,60.038916,NIFTY|2026-09-22|23350|CE,544da5771211e8577f26a345089035564a1cd96874de2db49deb6cb9ddc9efac,a786470b4887edc4a8489fa73b36d7580dc84de54a39f94ed4c7b614c27ac213,0.8499999999985448,1.4499999999999886,1.3999999999999915,0.14999999999999147,0.25
2026-09-18,CE,2026-09-18T04:45:00+00:00,2026-09-18T04:43:55.347949+00:00,2026-09-18T04:44:55.356073+00:00,60.008124,NIFTY|2026-09-22|23350|CE,3675e10eafa1412585bc317eb7de4c7a94374ad277db503ac764dd3cef4fc422,155e511e98378f770780ad6cfbf53bac5f0a39174539bb69c31c63ca194eab91,-2.75,-2.575000000000003,-2.4000000000000057,0.20000000000000284,0.25
2026-09-18,CE,2026-09-18T04:51:00+00:00,2026-09-18T04:49:50.354986+00:00,2026-09-18T04:50:55.344700+00:00,64.989714,NIFTY|2026-09-22|23300|CE,c5e4bd446a44d5205d7fa99e68cdb6b1a0592b74324e3430d850b6730103ed99,716f2c75503c85a5fe9d5c1529157e9096e96c6cd2c60be6088744b0efd96efe,1.5499999999992724,2.700000000000017,2.25,0.29999999999999716,0.10000000000000853
2026-09-18,CE,2026-09-18T04:53:00+00:00,2026-09-18T04:51:50.343940+00:00,2026-09-18T04:52:55.330894+00:00,64.986954,NIFTY|2026-09-22|23300|CE,6f905d7e4c1403cf40d76d794ea2e4e32acf54abd85870b464913a38319f1da1,7924e1769ba878cdb10a7c6bd8737e9c2286b22c0127e25ebcc7a2bc01e77d97,-2.7000000000007276,-1.0,-1.1499999999999915,0.15000000000000568,0.25
2026-09-18,CE,2026-09-18T04:54:00+00:00,2026-09-18T04:52:55.330894+00:00,2026-09-18T04:53:55.345293+00:00,60.014399,NIFTY|2026-09-22|23300|CE,7924e1769ba878cdb10a7c6bd8737e9c2286b22c0127e25ebcc7a2bc01e77d97,a69e020ccaf247d8693c2b82736b6623463e791f5a31bfe24c5e82fe9bd2936a,-2.9500000000007276,-1.25,-1.4500000000000028,0.25,0.3499999999999943
2026-09-18,CE,2026-09-18T04:56:00+00:00,2026-09-18T04:54:55.331437+00:00,2026-09-18T04:55:55.348233+00:00,60.016796,NIFTY|2026-09-22|23300|CE,1b6073bd18840b7b9024548fec1ac34fa2b3c45468c73672af64c62c43dfceb1,c1e9d8e5bcf3fe33122f53f62995bdd32338720bae8e87a3ac99da9b63b9b7e0,2.0499999999992724,-0.375,-0.45000000000000284,0.25,0.20000000000000284
2026-09-18,CE,2026-09-18T04:58:00+00:00,2026-09-18T04:56:50.343345+00:00,2026-09-18T04:57:55.336924+00:00,64.993579,NIFTY|2026-09-22|23300|CE,37a1983926859b5ca00f56d2d2b7938fd61bd7d44fe360ca81c550147bb9fc04,79787fa6f95ef7a1e244d47903c4f48471cb732544019b7958abb6e3e26c724e,-1.7999999999992724,-0.9499999999999886,-0.9500000000000028,0.04999999999999716,0.25
2026-09-18,CE,2026-09-18T04:59:00+00:00,2026-09-18T04:57:55.336924+00:00,2026-09-18T04:58:55.392570+00:00,60.055646,NIFTY|2026-09-22|23300|CE,79787fa6f95ef7a1e244d47903c4f48471cb732544019b7958abb6e3e26c724e,637c66959266cf0baac4b7954ddfcdd283ac25179e4c4428a8b9ab1b93dde843,7.099999999998545,2.0250000000000057,2.200000000000003,0.25,0.29999999999999716
2026-09-18,CE,2026-09-18T05:01:00+00:00,2026-09-18T04:59:55.331498+00:00,2026-09-18T05:00:55.347323+00:00,60.015825,NIFTY|2026-09-22|23300|CE,8d856b1049a7229eaf1a928f7dde2a10b5a58a844e9715bf482bc8fa20ebad96,a3eb5354afd625672ff99d337a814e4a52c6fe7bcebe72def2ca9727b19d0ebd,2.350000000002183,2.450000000000003,2.8499999999999943,0.25,0.3499999999999943
2026-09-18,CE,2026-09-18T05:02:00+00:00,2026-09-18T05:00:55.347323+00:00,2026-09-18T05:01:55.370501+00:00,60.023178,NIFTY|2026-09-22|23300|CE,a3eb5354afd625672ff99d337a814e4a52c6fe7bcebe72def2ca9727b19d0ebd,aca2e193033bb8df4ab53211803bacdf0d8149d73c8eaad36a2711793cd58000,-3.9500000000007276,-3.1000000000000085,-3.1500000000000057,0.3499999999999943,0.25
2026-09-18,CE,2026-09-18T05:04:00+00:00,2026-09-18T05:02:50.348268+00:00,2026-09-18T05:03:55.329674+00:00,64.981406,NIFTY|2026-09-22|23300|CE,bb57d7eee343bca8ab879d38c402111376e615e2dfbc52d450c87f7a4c125346,a318976d50d1d9c766af88589ae3da1326f97bb8a2f1d213df8f961b764efddc,1.1000000000021828,-0.25,-0.44999999999998863,0.29999999999999716,0.29999999999999716
2026-09-18,CE,2026-09-18T05:05:00+00:00,2026-09-18T05:03:55.329674+00:00,2026-09-18T05:04:55.358825+00:00,60.029151,NIFTY|2026-09-22|23300|CE,a318976d50d1d9c766af88589ae3da1326f97bb8a2f1d213df8f961b764efddc,15616b2e29a6034048e75dd46905381ac9f25a1519e35bec45f7b3592f8971b8,2.7999999999992724,0.6750000000000114,0.8499999999999943,0.29999999999999716,0.25
2026-09-18,CE,2026-09-18T05:07:00+00:00,2026-09-18T05:05:50.340517+00:00,2026-09-18T05:06:55.330942+00:00,64.990425,NIFTY|2026-09-22|23300|CE,7ccacf54075f34a7fec7566eb0eefadd713817d043bd938cfdab70f9866578e8,515b59f09eb9fa00216396236b4e01ca05e29406e8f455a16bdfef4c4ab12360,-0.3500000000021828,-0.4750000000000085,-0.3500000000000085,0.25,0.09999999999999432
2026-09-18,CE,2026-09-18T05:08:00+00:00,2026-09-18T05:06:55.330942+00:00,2026-09-18T05:07:55.337130+00:00,60.006188,NIFTY|2026-09-22|23300|CE,515b59f09eb9fa00216396236b4e01ca05e29406e8f455a16bdfef4c4ab12360,954ae95a31c2ae725279b27b14acfc84edd18c295579845f893dcdaa53a42ebe,3.900000000001455,2.674999999999997,2.6500000000000057,0.09999999999999432,0.25
2026-09-18,CE,2026-09-18T05:09:00+00:00,2026-09-18T05:07:55.337130+00:00,2026-09-18T05:08:55.343442+00:00,60.006312,NIFTY|2026-09-22|23300|CE,954ae95a31c2ae725279b27b14acfc84edd18c295579845f893dcdaa53a42ebe,fa7ec40fe1a146aecb57cabae2b9fa14c95954e4c2df14c13fc35c8575d175a1,2.7999999999992724,-1.0,-0.9500000000000028,0.25,0.3500000000000085
2026-09-18,CE,2026-09-18T05:11:00+00:00,2026-09-18T05:09:50.358502+00:00,2026-09-18T05:10:55.327592+00:00,64.96909,NIFTY|2026-09-22|23300|CE,071f6d1e8d3f191261aef74d90a4bf3dc2d15c7537ad8f2ae3c8a85a2c446a82,16d30c8135d10536efd550050b8acec3bdc0198261d3c7e3927016f7ead66fe8,-9.799999999999272,-3.625,-3.3000000000000114,0.20000000000000284,0.14999999999999147
2026-09-18,CE,2026-09-18T05:12:00+00:00,2026-09-18T05:10:55.327592+00:00,2026-09-18T05:11:55.355675+00:00,60.028083,NIFTY|2026-09-22|23300|CE,16d30c8135d10536efd550050b8acec3bdc0198261d3c7e3927016f7ead66fe8,9a97e891953b63604e1b66514f16671d4bef2e27582841245b349ad54c9c4b78,4.150000000001455,2.2249999999999943,2.200000000000003,0.14999999999999147,0.09999999999999432
2026-09-18,CE,2026-09-18T05:13:00+00:00,2026-09-18T05:11:55.355675+00:00,2026-09-18T05:12:55.472999+00:00,60.117324,NIFTY|2026-09-22|23300|CE,9a97e891953b63604e1b66514f16671d4bef2e27582841245b349ad54c9c4b78,8abae3de99e7f2d142312e9385d663333b7611a3ca72890112a736650fc7975b,3.0,0.09999999999999432,-0.14999999999999147,0.09999999999999432,0.10000000000000853
2026-09-18,CE,2026-09-18T05:15:00+00:00,2026-09-18T05:13:50.363713+00:00,2026-09-18T05:14:55.347870+00:00,64.984157,NIFTY|2026-09-22|23300|CE,506bdd81a37b0cbc247b13bc0a1ee1936de7a46e8c7b7eb7cf80d256b6874a81,8631c8b52808ecc13475808cd426ba69eb737e184c0e4b9ff5279824e9d86eab,0.3500000000021828,0.5750000000000028,0.5499999999999972,0.25,0.20000000000000284
2026-09-18,CE,2026-09-18T05:17:00+00:00,2026-09-18T05:15:55.341448+00:00,2026-09-18T05:16:55.556423+00:00,60.214975,NIFTY|2026-09-22|23300|CE,4edbc442a31e6f4c4063b1fbbd9315349a472587b0603e915b7aa4e596e012ca,64d4cf753c64a611e16a4713f436511918c9cb6a63574df31c2abb8962c85dcf,-0.8999999999978172,-0.6249999999999858,-0.29999999999999716,0.29999999999999716,0.25
2026-09-18,CE,2026-09-18T05:19:00+00:00,2026-09-18T05:17:50.340630+00:00,2026-09-18T05:18:55.331861+00:00,64.991231,NIFTY|2026-09-22|23300|CE,4758e7d4526a2788dedabd5864806d67ae67d13e26d6e310f4cae6da68787554,593422f4869eef6997107e0dfeb1f763574881b417d51b09f70b1b2a24525fe6,-0.5500000000029104,-0.7000000000000028,-0.7000000000000028,0.25,0.25
2026-09-18,CE,2026-09-18T05:20:00+00:00,2026-09-18T05:18:55.331861+00:00,2026-09-18T05:19:55.340283+00:00,60.008422,NIFTY|2026-09-22|23300|CE,593422f4869eef6997107e0dfeb1f763574881b417d51b09f70b1b2a24525fe6,448035ebe6ff1159bdd4f1448eba3279e4d653e1da6ece615a1287faf0e52736,-0.25,0.5750000000000028,0.6000000000000085,0.25,0.30000000000001137
2026-09-18,CE,2026-09-18T05:22:00+00:00,2026-09-18T05:20:55.339725+00:00,2026-09-18T05:21:55.342776+00:00,60.003051,NIFTY|2026-09-22|23300|CE,2cfac638c2646eb1db3b8be7fd35c9621fbeb4833d10e614c8631a1b1835523b,94a087645ea8066627def6dc4d24bf281d31eb0eb4d8942b5fab27d861e11562,5.900000000001455,2.1750000000000114,1.9000000000000057,0.29999999999999716,0.25
2026-09-18,CE,2026-09-18T05:24:00+00:00,2026-09-18T05:22:55.331598+00:00,2026-09-18T05:23:55.348599+00:00,60.017001,NIFTY|2026-09-22|23300|CE,3270833a950228c652a0941c982856ccc6a29d606e780172ad9de8a873082da4,dc491a8d301bde8d74457364893fcdc45845d2db7431592b267be56ddd21e00e,-3.25,-2.0250000000000057,-2.049999999999997,0.25,0.29999999999999716
2026-09-18,CE,2026-09-18T05:26:00+00:00,2026-09-18T05:24:55.335388+00:00,2026-09-18T05:25:55.358752+00:00,60.023364,NIFTY|2026-09-22|23300|CE,73dd84d61bc65aacd8ab773e91ddaacc53bd60cbf957d9527fcf29036c71078c,ebfd0d33bb72ed2676719ec65051d1498d9d1456d623c63b11e01e2bf61abf0a,3.2999999999992724,1.8499999999999943,1.6000000000000085,0.14999999999999147,0.25
2026-09-18,CE,2026-09-18T05:28:00+00:00,2026-09-18T05:26:50.349579+00:00,2026-09-18T05:27:55.337134+00:00,64.987555,NIFTY|2026-09-22|23300|CE,d53a74dca5a1acf06e98668f7d2e2bc089ebdcdc394189e970d6c053c6598e85,0d5f5828585585edcd0d16ba70c1f6f1d569289ec70f08ea5033fd042a1a4f5f,3.7000000000007276,1.4749999999999943,1.1999999999999886,0.30000000000001137,0.25
2026-09-18,CE,2026-09-18T05:29:00+00:00,2026-09-18T05:27:55.337134+00:00,2026-09-18T05:28:55.346337+00:00,60.009203,NIFTY|2026-09-22|23300|CE,0d5f5828585585edcd0d16ba70c1f6f1d569289ec70f08ea5033fd042a1a4f5f,dec8767faab6b87b2ad0a35bafefa4f6a6bb23f1fb717321ba78512b7aa59371,-5.200000000000728,-2.0,-1.5999999999999943,0.25,0.3500000000000085
2026-09-18,CE,2026-09-18T05:30:00+00:00,2026-09-18T05:28:55.346337+00:00,2026-09-18T05:29:55.352606+00:00,60.006269,NIFTY|2026-09-22|23300|CE,dec8767faab6b87b2ad0a35bafefa4f6a6bb23f1fb717321ba78512b7aa59371,f37f4e5aba518408ae757f6d0ba68a8ae131714d3f58b309f18cd5c1e117b237,2.5,0.3500000000000085,0.20000000000000284,0.3500000000000085,0.25
2026-09-18,CE,2026-09-18T05:32:00+00:00,2026-09-18T05:30:55.338419+00:00,2026-09-18T05:31:55.358239+00:00,60.01982,NIFTY|2026-09-22|23300|CE,bd209320064cffc293305579f7aa75c64cef7102ad745e7936d75771899ff7c6,51847753f423380cf9e098cf8a96db8735ff40d25e1e8c373fde78c789becc77,-8.75,-4.450000000000003,-4.6000000000000085,0.3500000000000085,0.15000000000000568
2026-09-18,CE,2026-09-18T05:33:00+00:00,2026-09-18T05:31:55.358239+00:00,2026-09-18T05:32:55.365555+00:00,60.007316,NIFTY|2026-09-22|23300|CE,51847753f423380cf9e098cf8a96db8735ff40d25e1e8c373fde78c789becc77,dcab858035d71485a720b219737da47ed1b299c5083dd86dc51ad275e3e7688c,5.400000000001455,2.4750000000000085,2.4000000000000057,0.15000000000000568,0.29999999999999716
2026-09-18,CE,2026-09-18T05:35:00+00:00,2026-09-18T05:33:50.342525+00:00,2026-09-18T05:34:55.330764+00:00,64.988239,NIFTY|2026-09-22|23300|CE,a26c798862219479eb903c8abca7db8083550f8fe31a63562923ab52332f8d81,f8ba372cb9999d9387103465a2c035633354025ecc6de29bb27a004b82fd86cd,-3.5,-1.4000000000000057,-2.25,0.29999999999999716,0.20000000000000284
2026-09-18,CE,2026-09-18T05:36:00+00:00,2026-09-18T05:34:55.330764+00:00,2026-09-18T05:35:55.342825+00:00,60.012061,NIFTY|2026-09-22|23300|CE,f8ba372cb9999d9387103465a2c035633354025ecc6de29bb27a004b82fd86cd,c33bb3d11c3c75a569e35ec8a575e1e461e000ba6132054b9a203af8b6b6c962,-8.700000000000728,-3.8499999999999943,-3.549999999999997,0.20000000000000284,0.10000000000000853
2026-09-18,CE,2026-09-18T05:37:00+00:00,2026-09-18T05:35:55.342825+00:00,2026-09-18T05:36:55.344304+00:00,60.001479,NIFTY|2026-09-22|23300|CE,c33bb3d11c3c75a569e35ec8a575e1e461e000ba6132054b9a203af8b6b6c962,0956e4a3e09d6f2bf7074838b10ec882ab404d92205ddd5510214886795117b8,4.450000000000728,3.0999999999999943,2.9499999999999886,0.10000000000000853,0.20000000000000284
2026-09-18,CE,2026-09-18T05:38:00+00:00,2026-09-18T05:36:55.344304+00:00,2026-09-18T05:37:55.524730+00:00,60.180426,NIFTY|2026-09-22|23300|CE,0956e4a3e09d6f2bf7074838b10ec882ab404d92205ddd5510214886795117b8,52efed49b05c7372d88cd2c9b155265fe464d5f961e788d7d1245184d40ae95c,3.7000000000007276,1.6250000000000142,1.7000000000000028,0.20000000000000284,0.25
2026-09-18,CE,2026-09-18T05:40:00+00:00,2026-09-18T05:38:55.338898+00:00,2026-09-18T05:39:55.341490+00:00,60.002592,NIFTY|2026-09-22|23300|CE,b12bc1e2ca01b4fda15c39267754dd696776841db21d903b8600e867d6ba0fb8,43318a93a654df9269ace5e505595e4817ddb47d7f2d678611ebe1b15752d0e7,0.7000000000007276,0.2750000000000057,0.45000000000000284,0.25,0.29999999999999716
2026-09-18,CE,2026-09-18T05:41:00+00:00,2026-09-18T05:39:55.341490+00:00,2026-09-18T05:40:55.346642+00:00,60.005152,NIFTY|2026-09-22|23300|CE,43318a93a654df9269ace5e505595e4817ddb47d7f2d678611ebe1b15752d0e7,f09a5b02fa743f0928eac9b3e7392af9607a135bca0f6b2db6adaa1ff0552097,-1.5,-1.5999999999999943,-1.25,0.29999999999999716,0.29999999999999716
2026-09-18,CE,2026-09-18T05:43:00+00:00,2026-09-18T05:41:50.348158+00:00,2026-09-18T05:42:55.341721+00:00,64.993563,NIFTY|2026-09-22|23300|CE,e9f01ab28ccdf6335ad2a9cadbf2f82eb6d0826cd1ab64d97e99a0c5d75f44d2,681ef717fc9815f9fd2c83027cbc582b5e468b78015f527d32e07177a8a78679,-3.899999999997817,-1.8749999999999858,-2.0999999999999943,0.20000000000000284,0.15000000000000568
2026-09-18,CE,2026-09-18T05:44:00+00:00,2026-09-18T05:42:55.341721+00:00,2026-09-18T05:43:55.346232+00:00,60.004511,NIFTY|2026-09-22|23300|CE,681ef717fc9815f9fd2c83027cbc582b5e468b78015f527d32e07177a8a78679,aa9d093f375b59533266785a7bde6a46453b175d9f84ee37af5998a90d687b2d,-1.5499999999992724,-0.4750000000000085,-0.29999999999999716,0.15000000000000568,0.29999999999999716
2026-09-18,CE,2026-09-18T05:47:00+00:00,2026-09-18T05:45:55.340762+00:00,2026-09-18T05:46:55.361609+00:00,60.020847,NIFTY|2026-09-22|23300|CE,54956cf546b9813214e90c159393d28ea395ef5bd0745aef6d211e5fbb7bcb12,7b749047b71ccd5c30b2c145f9df22ef2d0dfd7eacca37de3c223ccedb4ef9a8,-1.4000000000014552,-0.5,-0.7000000000000028,0.15000000000000568,0.25
2026-09-18,CE,2026-09-18T05:48:00+00:00,2026-09-18T05:46:55.361609+00:00,2026-09-18T05:47:55.417249+00:00,60.05564,NIFTY|2026-09-22|23300|CE,7b749047b71ccd5c30b2c145f9df22ef2d0dfd7eacca37de3c223ccedb4ef9a8,faf39547bfca8f50143adab2b20252c9861e06d0c79f0e63ca93e4eb63f10137,-4.5,-2.549999999999997,-2.450000000000003,0.25,0.25
2026-09-18,CE,2026-09-18T05:50:00+00:00,2026-09-18T05:48:55.342673+00:00,2026-09-18T05:49:55.350635+00:00,60.007962,NIFTY|2026-09-22|23300|CE,d948a57e68c228a3f8986211dcbf1157bb9cf5f7fe54184f25d5d9af3b83a428,49625b1441270bdd841fe540178d63fe66c356b7b734a896bc6f01ac954ccd4b,0.6499999999978172,-0.2750000000000057,-0.05000000000001137,0.30000000000001137,0.25
2026-09-18,CE,2026-09-18T05:53:00+00:00,2026-09-18T05:51:55.339299+00:00,2026-09-18T05:52:55.348748+00:00,60.009449,NIFTY|2026-09-22|23300|CE,2435e2eeb495e0ba1ff9f7cb7bb5ece044729fa64c30b0965189e8aea403a8a1,955d4fd8abb9d8e22ed0c6cbc5d466c689a17f174fe16c7b79b2e69c2582c1b6,0.5,-0.3499999999999943,-0.29999999999999716,0.25,0.25
2026-09-18,CE,2026-09-18T05:55:00+00:00,2026-09-18T05:53:55.333625+00:00,2026-09-18T05:54:55.333725+00:00,60.0001,NIFTY|2026-09-22|23300|CE,1f4d1a3f25913698f7fc768d319c1c19998f36313501c40fd242d045f49454a8,83c432588a46c928577916000641921637d86207cb5d4fc287581ae6988b1411,-2.25,-2.1500000000000057,-2.0,0.29999999999999716,0.10000000000000853
2026-09-18,CE,2026-09-18T05:56:00+00:00,2026-09-18T05:54:55.333725+00:00,2026-09-18T05:55:55.338226+00:00,60.004501,NIFTY|2026-09-22|23300|CE,83c432588a46c928577916000641921637d86207cb5d4fc287581ae6988b1411,244d23cdedc7de2efb7c94a86aab0788347623c909883d7b93276e48f2aed848,-3.25,-1.875,-1.8000000000000114,0.10000000000000853,0.14999999999999147
2026-09-18,CE,2026-09-18T05:57:00+00:00,2026-09-18T05:55:55.338226+00:00,2026-09-18T05:56:55.347725+00:00,60.009499,NIFTY|2026-09-22|23300|CE,244d23cdedc7de2efb7c94a86aab0788347623c909883d7b93276e48f2aed848,56bcb30e30c013576865ab979e71466f5c1a394b6622d95c348f3396d3691d5e,-2.2999999999992724,-1.4500000000000028,-1.5999999999999943,0.14999999999999147,0.25
2026-09-18,CE,2026-09-18T05:59:00+00:00,2026-09-18T05:57:55.345802+00:00,2026-09-18T05:58:55.349348+00:00,60.003546,NIFTY|2026-09-22|23300|CE,a35c4bd2c4264fa396ce4addae496d93c86da19d49d3c325e16bedb0c49e3cb7,e46463526ec4a58fa629c6353829b0542db334ebcaa2a584dfda69a0ad4fee19,-3.2000000000007276,-2.0749999999999886,-2.0,0.29999999999999716,0.25
2026-09-18,CE,2026-09-18T06:03:00+00:00,2026-09-18T06:01:50.368719+00:00,2026-09-18T06:02:55.337358+00:00,64.968639,NIFTY|2026-09-22|23300|CE,6739a5c797746940512dd96bb7c1a2aaa9cb46a9be2e4756873d5b16579276ea,5998e9bb3de3b216d3899df0fdd05798ac0e0a2e50b6c05b9801318f1875169b,4.0,0.875,0.9000000000000057,0.20000000000000284,0.04999999999999716
2026-09-18,CE,2026-09-18T06:04:00+00:00,2026-09-18T06:02:55.337358+00:00,2026-09-18T06:03:55.342842+00:00,60.005484,NIFTY|2026-09-22|23300|CE,5998e9bb3de3b216d3899df0fdd05798ac0e0a2e50b6c05b9801318f1875169b,0c8e639992484f027859fc7c660c91817fb4f4723d7510ec3dae596870aaa580,-5.55000000000291,-2.924999999999983,-2.75,0.04999999999999716,0.29999999999999716
2026-09-18,CE,2026-09-18T06:05:00+00:00,2026-09-18T06:03:55.342842+00:00,2026-09-18T06:04:55.355961+00:00,60.013119,NIFTY|2026-09-22|23300|CE,0c8e639992484f027859fc7c660c91817fb4f4723d7510ec3dae596870aaa580,54a2eef2acf833be2a01c8b9d08adc0db8277c9b79184aee4e41630d2b6d0c6c,5.75,2.6499999999999773,2.3999999999999915,0.29999999999999716,0.20000000000000284
2026-09-18,CE,2026-09-18T06:07:00+00:00,2026-09-18T06:05:55.339516+00:00,2026-09-18T06:06:55.357613+00:00,60.018097,NIFTY|2026-09-22|23300|CE,e24efb156b75b7abbe7f9a5c13601bf8e1b66f5605f63490fe37e9d3bb38c370,430debb20a4470dc9c48b6affd8eb190df99212d3583eb4768ec712d447d630c,2.149999999997817,1.3250000000000028,1.3499999999999943,0.04999999999999716,0.09999999999999432
2026-09-18,CE,2026-09-18T06:09:00+00:00,2026-09-18T06:07:50.346575+00:00,2026-09-18T06:08:55.340613+00:00,64.994038,NIFTY|2026-09-22|23300|CE,b659a2b68a68f4b2c523c9a19ca06d2951a155b23c51cab84afa905a9ef781ff,adb4be65bbb182c696d08861cd83e5f2d84b13630c6a95d121f43490c5ba25f9,1.8000000000029104,0.32500000000001705,0.30000000000001137,0.20000000000000284,0.25
2026-09-18,CE,2026-09-18T06:11:00+00:00,2026-09-18T06:09:55.332160+00:00,2026-09-18T06:10:55.346310+00:00,60.01415,NIFTY|2026-09-22|23300|CE,5f1a04830f46b0db0141af00229159c5d0300ff52c885c701ca5ef6a766c1f79,a6a82a483ab1c7594c7021ef136cca2a67ebe617d983833db036496ef223fcc5,0.8499999999985448,0.2750000000000057,0.14999999999999147,0.25,0.19999999999998863
2026-09-18,CE,2026-09-18T06:12:00+00:00,2026-09-18T06:10:55.346310+00:00,2026-09-18T06:11:55.352485+00:00,60.006175,NIFTY|2026-09-22|23300|CE,a6a82a483ab1c7594c7021ef136cca2a67ebe617d983833db036496ef223fcc5,7862939b813b09e2d50c985c69a37e6ee60536238dfcf5b5bcae660df677a7b1,1.4000000000014552,1.0750000000000028,1.0500000000000114,0.19999999999998863,0.3499999999999943
2026-09-18,CE,2026-09-18T06:14:00+00:00,2026-09-18T06:12:50.358680+00:00,2026-09-18T06:13:55.337632+00:00,64.978952,NIFTY|2026-09-22|23300|CE,6f0c4b9a845a2d41fb6aa00cd9bd98b3076c2f2d2bdbb346c5e9c8c239249f48,a81ceef05635cec5d3cc677ee9facb47aa6696b4739fe6154cc61036bb9a5e2e,-4.049999999999272,-1.9749999999999943,-1.9000000000000057,0.15000000000000568,0.20000000000000284
2026-09-18,CE,2026-09-18T06:15:00+00:00,2026-09-18T06:13:55.337632+00:00,2026-09-18T06:14:55.344391+00:00,60.006759,NIFTY|2026-09-22|23300|CE,a81ceef05635cec5d3cc677ee9facb47aa6696b4739fe6154cc61036bb9a5e2e,01dba33ff95127f74ae7c3668fa576eca669bff4856be30955fb1e41249d6214,0.3999999999978172,0.024999999999991473,-0.09999999999999432,0.20000000000000284,0.15000000000000568
2026-09-18,CE,2026-09-18T06:16:00+00:00,2026-09-18T06:14:55.344391+00:00,2026-09-18T06:15:55.346754+00:00,60.002363,NIFTY|2026-09-22|23300|CE,01dba33ff95127f74ae7c3668fa576eca669bff4856be30955fb1e41249d6214,5e1df4bc7de3aa19f750fc046287c1ef10260576eba5e0c51ec007b8e7855d95,4.900000000001455,0.29999999999999716,0.44999999999998863,0.15000000000000568,0.25
2026-09-18,CE,2026-09-18T06:17:00+00:00,2026-09-18T06:15:55.346754+00:00,2026-09-18T06:16:55.347919+00:00,60.001165,NIFTY|2026-09-22|23300|CE,5e1df4bc7de3aa19f750fc046287c1ef10260576eba5e0c51ec007b8e7855d95,855f274cce26c07bd74a392fd4c22d1358461f57cf2dc4db442b47fab5c7a2fd,3.4500000000007276,3.325000000000017,3.3000000000000114,0.25,0.20000000000000284
2026-09-18,CE,2026-09-18T06:19:00+00:00,2026-09-18T06:17:55.342411+00:00,2026-09-18T06:18:55.426623+00:00,60.084212,NIFTY|2026-09-22|23300|CE,d4654eb9cb6f881d581a1e2a0f3cd9d77fc5cd981c0da1d19c533fa8662c9062,eaf4460b1374934401cff087ac08de1b63169eb490e1d7a6036a6362ff1c0c9b,1.7999999999992724,0.25,0.5,0.20000000000000284,0.20000000000000284
2026-09-18,CE,2026-09-18T06:21:00+00:00,2026-09-18T06:19:55.338297+00:00,2026-09-18T06:20:55.343928+00:00,60.005631,NIFTY|2026-09-22|23300|CE,63ef98209a77f48d33b9d9eac79c232c8a284131c8f5b9dd05c32d940dd8213b,2cbd745a9ebdfe988f6510091cfeab04e2fb59c067db9fe49513d9b105b863f7,1.0500000000029104,0.6499999999999773,0.7000000000000028,0.04999999999999716,0.04999999999999716
2026-09-18,CE,2026-09-18T06:22:00+00:00,2026-09-18T06:20:55.343928+00:00,2026-09-18T06:21:55.346620+00:00,60.002692,NIFTY|2026-09-22|23300|CE,2cbd745a9ebdfe988f6510091cfeab04e2fb59c067db9fe49513d9b105b863f7,7d2ae3f5ed86c36bc6ced56349b88de0a5e5f5517a5d3fefb67480586607e509,-2.0500000000029104,0.6500000000000057,0.44999999999998863,0.04999999999999716,0.25
2026-09-18,CE,2026-09-18T06:23:00+00:00,2026-09-18T06:21:55.346620+00:00,2026-09-18T06:22:55.349041+00:00,60.002421,NIFTY|2026-09-22|23300|CE,7d2ae3f5ed86c36bc6ced56349b88de0a5e5f5517a5d3fefb67480586607e509,6d7c8ca01c56e73f0fe46f2f7f07dc4ec08fc1a1ab64567464aaae56ff6638a6,10.100000000002183,4.525000000000006,4.800000000000011,0.25,0.30000000000001137
2026-09-18,CE,2026-09-18T06:26:00+00:00,2026-09-18T06:24:55.344279+00:00,2026-09-18T06:25:55.347221+00:00,60.002942,NIFTY|2026-09-22|23300|CE,7b6930cdaab0cd76469d2027ae5e7a839acc6112a687d2831dea5259a4b4b302,3c842426b57ab10b8fd731a201f14dbf8b77c4aa01861c0f6b08ebc3c1f16cc3,-4.200000000000728,-2.299999999999997,-2.0999999999999943,0.25,0.25
2026-09-18,CE,2026-09-18T06:32:00+00:00,2026-09-18T06:30:50.378075+00:00,2026-09-18T06:31:55.358158+00:00,64.980083,NIFTY|2026-09-22|23350|CE,ca8da3b31e080df76f2630996f0abb54be5278a3582a35ebe2c9b2a84f138f22,a4ace7746c16c3600bc432c98acb39a69459578e62ece8aff6af65cc0374d455,-5.200000000000728,-2.4000000000000057,-1.9500000000000028,0.25,0.14999999999999147
2026-09-18,CE,2026-09-18T06:35:00+00:00,2026-09-18T06:33:50.376396+00:00,2026-09-18T06:34:55.340872+00:00,64.964476,NIFTY|2026-09-22|23300|CE,990660704fcaf4316f05ecb1cae721d8df1edd9e20fa57932667738c32b15bea,73504e5f00b54de6845505544ebbe86d0dd5b5bbf9abc33d7f78474b4c3d5657,-9.150000000001455,-4.674999999999997,-4.849999999999994,0.19999999999998863,0.15000000000000568
2026-09-18,CE,2026-09-18T06:36:00+00:00,2026-09-18T06:34:55.340872+00:00,2026-09-18T06:35:55.348150+00:00,60.007278,NIFTY|2026-09-22|23300|CE,73504e5f00b54de6845505544ebbe86d0dd5b5bbf9abc33d7f78474b4c3d5657,242196dfaa7ca0dee4bf5d433949e88f3cf2d6667e5861969c9a184cb4951e6e,-2.099999999998545,-3.2749999999999915,-3.3499999999999943,0.15000000000000568,0.29999999999999716
2026-09-18,CE,2026-09-18T06:37:00+00:00,2026-09-18T06:35:55.348150+00:00,2026-09-18T06:36:55.394972+00:00,60.046822,NIFTY|2026-09-22|23300|CE,242196dfaa7ca0dee4bf5d433949e88f3cf2d6667e5861969c9a184cb4951e6e,f4061bfd6a18fed1ff3dc91b7df5f1b2682222895d56e477ccbe157b6f789635,2.25,4.25,4.6499999999999915,0.29999999999999716,0.29999999999999716
2026-09-18,CE,2026-09-18T06:41:00+00:00,2026-09-18T06:39:55.345119+00:00,2026-09-18T06:40:55.349382+00:00,60.004263,NIFTY|2026-09-22|23300|CE,3a71d3a5a24cff09113e3d6e23e1a62611c6cc53d6cc6f519f449581c5c5a0d8,752dbe612b6deb6f2063fc46d8a34f9e71c064a654712dfdf076082af6876cee,1.0499999999992724,0.7750000000000057,1.0,0.15000000000000568,0.29999999999999716
2026-09-18,CE,2026-09-18T06:43:00+00:00,2026-09-18T06:41:55.346416+00:00,2026-09-18T06:42:55.559292+00:00,60.212876,NIFTY|2026-09-22|23300|CE,4b7a27cb95c7ade5a3b168cf1d71c8f977bac2bcb2cbde8b43d6a3d1b03392ad,32d9bda74938d85623a7878cf522dcd372460bb14e4705daf207293ffb0fc426,2.149999999997817,-1.0749999999999886,-0.8000000000000114,0.25,0.29999999999999716
2026-09-18,CE,2026-09-18T06:45:00+00:00,2026-09-18T06:43:50.344505+00:00,2026-09-18T06:44:55.334705+00:00,64.9902,NIFTY|2026-09-22|23300|CE,1a375f6445fd544ffe68c58ce22ebeb8cb4f3032ac840ae4ebc1a983b9f0190f,5b5f85a98e4f1c87dd17308e08680e8a5bf5705299c9369696bacf2157223776,-1.7999999999992724,-1.8249999999999886,-1.8999999999999915,0.3499999999999943,0.20000000000000284
2026-09-18,CE,2026-09-18T06:46:00+00:00,2026-09-18T06:44:55.334705+00:00,2026-09-18T06:45:55.340591+00:00,60.005886,NIFTY|2026-09-22|23300|CE,5b5f85a98e4f1c87dd17308e08680e8a5bf5705299c9369696bacf2157223776,8f655623c02ad805c7bee40f55080e9333bfe7a91ad521eb213e151fb327284e,-1.8499999999985448,-0.05000000000001137,0.0,0.20000000000000284,0.30000000000001137
2026-09-18,CE,2026-09-18T06:48:00+00:00,2026-09-18T06:46:55.338315+00:00,2026-09-18T06:47:55.357392+00:00,60.019077,NIFTY|2026-09-22|23300|CE,f44cc7bd7cb5f15fb5680dd7ad6adf9811af3c0dc6c93d60f38dbf6d8243e618,ee3ad9e552a22da0557089c73968606bc7a15a027d0f5b643292174c38e7697c,-2.600000000002183,-1.625,-1.6499999999999915,0.25,0.29999999999999716
2026-09-18,CE,2026-09-18T06:50:00+00:00,2026-09-18T06:48:55.335863+00:00,2026-09-18T06:49:55.347231+00:00,60.011368,NIFTY|2026-09-22|23300|CE,602b002c1399aa4938e428b04052f91a5065fce85442a2e9c0ac3258bf9cab02,aa7172fb807b99be778a44e88c7dfd9b9f8fc8e2685f82c8d30219bbb6e4bc80,-5.450000000000728,-1.25,-1.2999999999999972,0.3500000000000085,0.14999999999999147
2026-09-18,CE,2026-09-18T06:52:00+00:00,2026-09-18T06:50:55.341501+00:00,2026-09-18T06:51:55.367133+00:00,60.025632,NIFTY|2026-09-22|23300|CE,e4fe4ac7cc1772f6182d8d6d24e088c2c24a352e0183e83659077ce25114fe39,9cbf6839cfa7e6d07f64be3b88df19371bd6af78c5d2d64410d66dd73281b899,4.650000000001455,2.6500000000000057,2.5,0.30000000000001137,0.10000000000000853
2026-09-18,CE,2026-09-18T06:54:00+00:00,2026-09-18T06:52:55.339512+00:00,2026-09-18T06:53:55.341053+00:00,60.001541,NIFTY|2026-09-22|23300|CE,45d2db3bd4775807b24cb1fe9e1d03eb015c460eb411cba072b9a0e268f07ff0,ff96091d1821afcbb4d2fdaa53e68ee0675dd47b40913a731b74558e9b12df90,2.649999999997817,1.9500000000000028,2.0,0.25,0.15000000000000568
2026-09-18,CE,2026-09-18T06:56:00+00:00,2026-09-18T06:54:55.332644+00:00,2026-09-18T06:55:55.334726+00:00,60.002082,NIFTY|2026-09-22|23300|CE,00b395f93e413ad7460f7f6e17697b155d257d97029e168507e11a89c6a18c2b,f353e1c3182a0c05ad76f6343af1985eb8dff405ba8fb7cb8670ac9988996734,-0.8499999999985448,-1.3499999999999943,-1.3499999999999943,0.29999999999999716,0.20000000000000284
2026-09-18,CE,2026-09-18T06:57:00+00:00,2026-09-18T06:55:55.334726+00:00,2026-09-18T06:56:55.340741+00:00,60.006015,NIFTY|2026-09-22|23300|CE,f353e1c3182a0c05ad76f6343af1985eb8dff405ba8fb7cb8670ac9988996734,f7c6ff1793afe63ac6665a065672b3e83db4ff3bd4685b0a8c6af159f1adcf06,-1.3500000000021828,0.29999999999998295,0.09999999999999432,0.20000000000000284,0.20000000000000284
2026-09-18,CE,2026-09-18T06:58:00+00:00,2026-09-18T06:56:55.340741+00:00,2026-09-18T06:57:55.750815+00:00,60.410074,NIFTY|2026-09-22|23300|CE,f7c6ff1793afe63ac6665a065672b3e83db4ff3bd4685b0a8c6af159f1adcf06,bc7ad716653a6feb7d9fe6886f3e8f1379cbf6f4c44eda236b1adfbac5908940,2.5,1.8499999999999943,2.200000000000003,0.20000000000000284,0.20000000000000284
2026-09-18,CE,2026-09-18T07:00:00+00:00,2026-09-18T06:58:50.348513+00:00,2026-09-18T06:59:55.345515+00:00,64.997002,NIFTY|2026-09-22|23300|CE,9ca5b5f1b7e8457c346a9411088f23569c6534381fcf62ff7afbe75a43a6c3d6,378992dbdad6d78c0096e071e92cab4a87bc08436989aec2b756bf0942e49a0b,0.6499999999978172,0.6999999999999886,0.7000000000000028,0.14999999999999147,0.14999999999999147
2026-09-18,CE,2026-09-18T07:05:00+00:00,2026-09-18T07:03:55.335039+00:00,2026-09-18T07:04:55.349515+00:00,60.014476,NIFTY|2026-09-22|23300|CE,ad950b881bdfb1c79a6c29bfd781df98fb82378217208d42de719d0ba8263376,e5281d5bcb031658fc5de4b0a063eb2ca5f7ec4c6bce7d92435a12de273faf56,-0.6500000000014552,0.32499999999998863,0.45000000000000284,0.25,0.29999999999999716
2026-09-18,CE,2026-09-18T07:08:00+00:00,2026-09-18T07:06:55.339558+00:00,2026-09-18T07:07:55.341078+00:00,60.00152,NIFTY|2026-09-22|23350|CE,c74e1c01bf2921c901da005408ddc5a97e70bb6cafa5fb18902d231ed677bd25,699b49afb9dcc8f4fcad35dc2254df43fe8f9b126b9e8ad8fdd5c8182fb64234,1.3500000000021828,0.025000000000005684,0.20000000000000284,0.20000000000000284,0.25
2026-09-18,CE,2026-09-18T07:09:00+00:00,2026-09-18T07:07:55.341078+00:00,2026-09-18T07:08:55.679988+00:00,60.33891,NIFTY|2026-09-22|23350|CE,699b49afb9dcc8f4fcad35dc2254df43fe8f9b126b9e8ad8fdd5c8182fb64234,21019b2e661c4157814f9bba87cb562ff50ee11518c1b229b866d16f590e8f6f,-2.9500000000007276,-2.5,-2.5,0.25,0.25
2026-09-18,CE,2026-09-18T07:12:00+00:00,2026-09-18T07:10:55.341383+00:00,2026-09-18T07:11:55.344866+00:00,60.003483,NIFTY|2026-09-22|23350|CE,3f1634a97fe7d97f94ead2d9d8dd2fdea264c8daafdfbf9e5ef68b6c20ec62ae,dad825f66bd5013ea6895a3bad3b4f6cee4b904eb2c33d073f84643826846371,1.5,0.6000000000000085,0.8500000000000085,0.25,0.25
2026-09-18,CE,2026-09-18T07:14:00+00:00,2026-09-18T07:12:55.342261+00:00,2026-09-18T07:13:55.347583+00:00,60.005322,NIFTY|2026-09-22|23350|CE,300450fd234570a676c26ed6ad57d5a20224e9e1e37b2f2da21d3319162f0871,f08d60cf6cb03a8937ec603775fbcf89cc3934963603ec25a357feb49f63062c,3.850000000002183,1.75,1.5999999999999943,0.20000000000000284,0.29999999999999716
2026-09-18,CE,2026-09-18T07:15:00+00:00,2026-09-18T07:13:55.347583+00:00,2026-09-18T07:14:55.551157+00:00,60.203574,NIFTY|2026-09-22|23350|CE,f08d60cf6cb03a8937ec603775fbcf89cc3934963603ec25a357feb49f63062c,5c630b029849c53695554141ad3df1ebf1e79e80f9b8b9d2b25e3094040ab836,-4.25,-3.0249999999999915,-3.049999999999997,0.29999999999999716,0.25
2026-09-18,CE,2026-09-18T07:17:00+00:00,2026-09-18T07:15:55.340990+00:00,2026-09-18T07:16:55.361834+00:00,60.020844,NIFTY|2026-09-22|23350|CE,55f0d125448229bab75fc6b062209001832664ee79ac4ce2e8d15c920bde8518,5ff55164cf2485b64ad2da48b23ff305279ef98aba9f3dbf6d5cc2b31ee183ff,0.7000000000007276,1.1249999999999858,1.2000000000000028,0.25,0.20000000000000284
2026-09-18,CE,2026-09-18T07:19:00+00:00,2026-09-18T07:17:50.349092+00:00,2026-09-18T07:18:55.329618+00:00,64.980526,NIFTY|2026-09-22|23350|CE,696275797caa5698f336ac6eec47189708912b74a90897e288377e3e25ef825f,a9574cd613c1f7cba9c787d7f6abf94dba9b1d854d5065fd845269f09362affc,-3.099999999998545,-1.2999999999999972,-1.5999999999999943,0.25,0.25
2026-09-18,CE,2026-09-18T07:21:00+00:00,2026-09-18T07:19:55.348848+00:00,2026-09-18T07:20:55.364171+00:00,60.015323,NIFTY|2026-09-22|23350|CE,ca1bc840edafd2707346f9d7ff265898cf81f96614f622304a1fc7e3ee2fbcc6,ef6934add8ea6791395df943d421f99cd5c262617d1ab378b4f7f5d1f6858a52,1.2999999999992724,0.9250000000000114,0.7999999999999972,0.25,0.20000000000000284
2026-09-18,CE,2026-09-18T07:24:00+00:00,2026-09-18T07:22:55.354581+00:00,2026-09-18T07:23:55.357430+00:00,60.002849,NIFTY|2026-09-22|23350|CE,cb47d086d75a4d6f47d54b6509d95dc76fb92e139c557d7e08875f2aef8cf82f,b37b6ce1112e17318d51a3f464caa9f10e449427b14db347c60bc4ec6f74375b,-0.3499999999985448,0.9500000000000028,0.9000000000000057,0.09999999999999432,0.20000000000000284
2026-09-18,CE,2026-09-18T07:25:00+00:00,2026-09-18T07:23:55.357430+00:00,2026-09-18T07:24:55.363765+00:00,60.006335,NIFTY|2026-09-22|23350|CE,b37b6ce1112e17318d51a3f464caa9f10e449427b14db347c60bc4ec6f74375b,dd4e533d14cf9d2a50d5e67f2b57d4900fccf6e940d3b7bdbf0b13ec7925bfae,3.650000000001455,1.5,1.6500000000000057,0.20000000000000284,0.20000000000000284
2026-09-18,CE,2026-09-18T07:26:00+00:00,2026-09-18T07:24:55.363765+00:00,2026-09-18T07:25:55.364413+00:00,60.000648,NIFTY|2026-09-22|23350|CE,dd4e533d14cf9d2a50d5e67f2b57d4900fccf6e940d3b7bdbf0b13ec7925bfae,7bdd07812a8abaa6a10bb816f123019e8bb5b1587bc99eef68a4fa796f57a6e8,-3.150000000001455,-0.125,0.0,0.20000000000000284,0.25
2026-09-18,CE,2026-09-18T07:31:00+00:00,2026-09-18T07:29:50.361391+00:00,2026-09-18T07:30:55.352784+00:00,64.991393,NIFTY|2026-09-22|23350|CE,436794f7f89d7ca6930bc4cd01dab1c50c692f3171e69f741c811c2fc8b39b4c,62a863c219d4a0ba07df8021339d7c7e92047a4d22385a8761f797cea1419658,-0.09999999999854481,-0.875,-0.9500000000000028,0.20000000000000284,0.25
2026-09-18,CE,2026-09-18T07:32:00+00:00,2026-09-18T07:30:55.352784+00:00,2026-09-18T07:31:55.365063+00:00,60.012279,NIFTY|2026-09-22|23350|CE,62a863c219d4a0ba07df8021339d7c7e92047a4d22385a8761f797cea1419658,f626cc6c895befb81297df54f8669d17a091e0327a3aee317709b3d13429c918,3.25,0.9749999999999943,0.8999999999999915,0.25,0.19999999999998863
2026-09-18,CE,2026-09-18T07:34:00+00:00,2026-09-18T07:32:55.356689+00:00,2026-09-18T07:33:55.357589+00:00,60.0009,NIFTY|2026-09-22|23350|CE,2a6c864733cfa994b892abb5e01f6996ed1c1087a84b1c020b0884902d104600,07bd4eaa0405a2dd308d3a8981c57feda9025e5b132e73dc0348df95197daf34,-0.5999999999985448,-0.42499999999999716,-0.25,0.29999999999999716,0.15000000000000568
2026-09-18,CE,2026-09-18T07:35:00+00:00,2026-09-18T07:33:55.357589+00:00,2026-09-18T07:34:55.359074+00:00,60.001485,NIFTY|2026-09-22|23350|CE,07bd4eaa0405a2dd308d3a8981c57feda9025e5b132e73dc0348df95197daf34,c6c22be7702151e8a31928cba024f8ef64ef9b8d3e52b3043aa05c5a9e267016,1.5499999999992724,1.0249999999999915,0.8499999999999943,0.15000000000000568,0.29999999999999716
2026-09-18,CE,2026-09-18T07:37:00+00:00,2026-09-18T07:35:50.363116+00:00,2026-09-18T07:36:55.350581+00:00,64.987465,NIFTY|2026-09-22|23350|CE,75c6e3e4596fe623fdbfb5ae029fb37598f830b12d85a27c2373b447959d154d,1d2e91892ee1e0db7e9b28e15674a3de9a1f66be5e4655149fd3f702f913e28b,1.1499999999978172,0.20000000000000284,0.14999999999999147,0.25,0.15000000000000568
2026-09-18,CE,2026-09-18T07:38:00+00:00,2026-09-18T07:36:55.350581+00:00,2026-09-18T07:37:55.353298+00:00,60.002717,NIFTY|2026-09-22|23350|CE,1d2e91892ee1e0db7e9b28e15674a3de9a1f66be5e4655149fd3f702f913e28b,51c77b29041afe2c916a0ded798728f06d77301dedaed16776908493b252d0df,0.7000000000007276,0.75,0.75,0.15000000000000568,0.15000000000000568
2026-09-18,CE,2026-09-18T07:39:00+00:00,2026-09-18T07:37:55.353298+00:00,2026-09-18T07:38:55.361444+00:00,60.008146,NIFTY|2026-09-22|23350|CE,51c77b29041afe2c916a0ded798728f06d77301dedaed16776908493b252d0df,622e8abbfed5e36ab5673f21f6f643bce8ce86b382a0b053815939ba8a39db4d,-0.9000000000014552,-0.2749999999999915,-0.5,0.15000000000000568,0.20000000000000284
2026-09-18,CE,2026-09-18T07:40:00+00:00,2026-09-18T07:38:55.361444+00:00,2026-09-18T07:39:55.767692+00:00,60.406248,NIFTY|2026-09-22|23350|CE,622e8abbfed5e36ab5673f21f6f643bce8ce86b382a0b053815939ba8a39db4d,3d8b7f695a8a43d6a9e2d754afc7c6c16771768f591af23d7fad4bf09388d6a4,-0.5999999999985448,-0.375,-0.14999999999999147,0.20000000000000284,0.25
2026-09-18,CE,2026-09-18T07:42:00+00:00,2026-09-18T07:40:55.366666+00:00,2026-09-18T07:41:55.374964+00:00,60.008298,NIFTY|2026-09-22|23350|CE,d4b30d2a7ddec9a8a4fd348c2465e13da0cea2cf4c7479ff9f636511ce69a1d4,81af8f9d28ff5c9b17f394b118b6573339edaf8042e5ff9818ea88b06b88c60c,-4.19999999999709,-2.75,-2.950000000000003,0.20000000000000284,0.20000000000000284
2026-09-18,CE,2026-09-18T07:43:00+00:00,2026-09-18T07:41:55.374964+00:00,2026-09-18T07:42:55.386012+00:00,60.011048,NIFTY|2026-09-22|23350|CE,81af8f9d28ff5c9b17f394b118b6573339edaf8042e5ff9818ea88b06b88c60c,b15496b95f1e40db1bc917b375a12699e056268f4fe36c5e30cb2189705f3b5f,4.0,1.6749999999999972,1.7000000000000028,0.20000000000000284,0.25
2026-09-18,CE,2026-09-18T07:45:00+00:00,2026-09-18T07:43:55.348306+00:00,2026-09-18T07:44:55.541576+00:00,60.19327,NIFTY|2026-09-22|23350|CE,7f08e916b5143021522560c90eca567e0dd225645f2662b00d7694ec001394e6,73ecddcaea3f5b09beaf2181367c581a9d0c0f972f0b09df6ae0f6487b5ab1ee,0.2999999999992724,0.799999999999983,0.9000000000000057,0.20000000000000284,0.20000000000000284
2026-09-18,CE,2026-09-18T07:56:00+00:00,2026-09-18T07:54:55.346485+00:00,2026-09-18T07:55:55.368466+00:00,60.021981,NIFTY|2026-09-22|23300|CE,833f038eb5980195557d3c72106749a5d928e6c205ebc7c68883d5c92fa4084f,c480df89fbb758c923f96a4021f3fe4ed04ad222bf8e75d8c9f6017caf53c0e3,-1.6000000000021828,-0.6000000000000085,-0.29999999999999716,0.15000000000000568,0.25
2026-09-18,CE,2026-09-18T08:00:00+00:00,2026-09-18T07:58:55.347504+00:00,2026-09-18T07:59:55.353659+00:00,60.006155,NIFTY|2026-09-22|23300|CE,e744d46c69b3d7a89852c0f4389e22786b948383ada4de4b462efd84002d8dfc,0a239155c8598b4e938fc4d3c7134ad09fc5426bc70d5954ec39e70cacd45341,-0.9000000000014552,-1.25,-0.8500000000000085,0.14999999999999147,0.25
2026-09-18,CE,2026-09-18T08:05:00+00:00,2026-09-18T08:03:55.351203+00:00,2026-09-18T08:04:55.354703+00:00,60.0035,NIFTY|2026-09-22|23350|CE,95bb088959111547fcabea28ca681ec29f3e8be3e48a305885713d1c1acbd312,9775606e34106c2a08fb02aa616d2df737069bd1087c77b51bcc142b92defea6,-1.7999999999992724,-3.2750000000000057,-3.299999999999997,0.20000000000000284,0.25
2026-09-18,CE,2026-09-18T08:07:00+00:00,2026-09-18T08:05:50.356649+00:00,2026-09-18T08:06:55.350533+00:00,64.993884,NIFTY|2026-09-22|23300|CE,6b50346fab94b94c592258af193fef04e553e0b5212acb9353488581fb20946a,2b89de90722857dd814b8cd412f06fe100a36a986e46281d397c878464c17911,-1.8999999999978172,-0.9249999999999972,-1.0,0.15000000000000568,0.30000000000001137
2026-09-18,CE,2026-09-18T08:11:00+00:00,2026-09-18T08:09:50.353892+00:00,2026-09-18T08:10:55.348739+00:00,64.994847,NIFTY|2026-09-22|23300|CE,21baf4d40b247ca686af57fba4fc55c7bdd79c32c6b1a9138c4a2d68f5309f93,d7b1d9ac2a3b739d054f376737205d2008c4bb0590b7b8b85bdbbedda8550c5f,-2.3000000000029104,-2.1500000000000057,-2.0999999999999943,0.29999999999999716,0.20000000000000284
2026-09-18,CE,2026-09-18T08:12:00+00:00,2026-09-18T08:10:55.348739+00:00,2026-09-18T08:11:55.361158+00:00,60.012419,NIFTY|2026-09-22|23300|CE,d7b1d9ac2a3b739d054f376737205d2008c4bb0590b7b8b85bdbbedda8550c5f,a04ec7c14f15833eea435563561be7d230cb3936eafa01b782e091eafd0d0018,-3.1999999999970896,-1.3999999999999773,-1.2999999999999972,0.20000000000000284,0.29999999999999716
2026-09-18,CE,2026-09-18T08:14:00+00:00,2026-09-18T08:12:55.354088+00:00,2026-09-18T08:13:55.370030+00:00,60.015942,NIFTY|2026-09-22|23300|CE,475a5ac2ec62b5788a76f422072de56989a47208ca392e296ddd354e2328e835,c8961ef34253a390f3c4783444ab46d805fddee2ae0ef72ca8ced12d89017890,-3.850000000002183,-1.5750000000000028,-1.9000000000000057,0.30000000000001137,0.25
2026-09-18,CE,2026-09-18T08:16:00+00:00,2026-09-18T08:14:55.347563+00:00,2026-09-18T08:15:55.355331+00:00,60.007768,NIFTY|2026-09-22|23300|CE,7b4577dcdfbfa0ae3a840b7621c77d4a9739c6af81c2e9bc1f8cea96d2b60025,785465205e5236c1e3508019108a7808f8aa68f4de45403916329d05a3156517,-1.5499999999992724,-0.30000000000001137,-0.25,0.25,0.25
2026-09-18,CE,2026-09-18T08:18:00+00:00,2026-09-18T08:16:55.350819+00:00,2026-09-18T08:17:55.362033+00:00,60.011214,NIFTY|2026-09-22|23300|CE,31d15b5ca5faf1ee38ca7361dd0ed04b6df5a7a4320c7cc32e0782a40b55a25a,184a1bc920a3a44fb398ddfa88383f67536d3e76eb1fe5290b4a5e65c0f3cee5,4.349999999998545,1.5250000000000057,2.049999999999997,0.19999999999998863,0.25
2026-09-18,CE,2026-09-18T08:20:00+00:00,2026-09-18T08:18:55.346467+00:00,2026-09-18T08:19:55.359882+00:00,60.013415,NIFTY|2026-09-22|23300|CE,4049ba9eacf37c1a41dc9dd6f118606547118a3a7711486abf8542f1bfe4cc2e,06e491428e7f48d032f221e2b15cf28224abde78ac6a4ff364a5433838a1b06b,1.25,1.4499999999999886,1.2000000000000028,0.29999999999999716,0.10000000000000853
2026-09-18,CE,2026-09-18T08:21:00+00:00,2026-09-18T08:19:55.359882+00:00,2026-09-18T08:20:55.369034+00:00,60.009152,NIFTY|2026-09-22|23300|CE,06e491428e7f48d032f221e2b15cf28224abde78ac6a4ff364a5433838a1b06b,4e7438ddf8b22f7b730f044e62d525a703edc76a95014bb0da95103bf246139d,4.799999999999272,2.5500000000000114,2.3999999999999915,0.10000000000000853,0.20000000000000284
2026-09-18,CE,2026-09-18T08:23:00+00:00,2026-09-18T08:21:50.370630+00:00,2026-09-18T08:22:55.340722+00:00,64.970092,NIFTY|2026-09-22|23350|CE,2ded8a5abace1f16bcf5e14d53b99d77a3dece06994e8d29fd3a7da1f44017cb,53271b7217d4b49277369c5e3a1dd4a14f5520a739539286ef5943ecbd8b5930,0.4500000000007276,-1.375,-1.3500000000000085,0.25,0.19999999999998863
2026-09-18,CE,2026-09-18T08:24:00+00:00,2026-09-18T08:22:55.340722+00:00,2026-09-18T08:23:55.342187+00:00,60.001465,NIFTY|2026-09-22|23350|CE,53271b7217d4b49277369c5e3a1dd4a14f5520a739539286ef5943ecbd8b5930,89ec494321a8dea5e9b24e8041b3b6250cdfdc68afdad1d1c912c7ac33b6ced1,-0.25,0.625,0.6500000000000057,0.19999999999998863,0.15000000000000568
2026-09-18,CE,2026-09-18T08:25:00+00:00,2026-09-18T08:23:55.342187+00:00,2026-09-18T08:24:55.357696+00:00,60.015509,NIFTY|2026-09-22|23350|CE,89ec494321a8dea5e9b24e8041b3b6250cdfdc68afdad1d1c912c7ac33b6ced1,6f01fb8e4e1356460995aea4831f2825ce4fec088d4f1aa1ff33bd2b6111ed9a,3.4500000000007276,1.3250000000000028,1.2000000000000028,0.15000000000000568,0.09999999999999432
2026-09-18,CE,2026-09-18T08:27:00+00:00,2026-09-18T08:25:55.353736+00:00,2026-09-18T08:26:55.358823+00:00,60.005087,NIFTY|2026-09-22|23350|CE,21ee05235739778b4ce555a02238b5b136b7668e08c19e259aa0236820629a7e,b844ce4eb17b9118ee161e4ad94d74872a2f2c29e43a17f62d1cfaf62f9a6401,0.2000000000007276,1.3249999999999886,1.2999999999999972,0.25,0.20000000000000284
2026-09-18,CE,2026-09-18T08:28:00+00:00,2026-09-18T08:26:55.358823+00:00,2026-09-18T08:27:55.375606+00:00,60.016783,NIFTY|2026-09-22|23350|CE,b844ce4eb17b9118ee161e4ad94d74872a2f2c29e43a17f62d1cfaf62f9a6401,ffea9f1d272b2641afb98a3597c5431d65d730de4e8e1f470b51a3171ccdff43,0.75,0.1250000000000142,0.29999999999999716,0.20000000000000284,0.25
2026-09-18,CE,2026-09-18T08:30:00+00:00,2026-09-18T08:28:55.366972+00:00,2026-09-18T08:29:55.394404+00:00,60.027432,NIFTY|2026-09-22|23350|CE,c6283d7e90d5261256e3a17a7270232cb365e37c998ea2277427272d10b20d94,7bc94ab07e968792dca8d1451bec5e3b77da69dd3a3698eae2b2d767ad2355c7,-3.8000000000029104,-1.9499999999999886,-2.0,0.19999999999998863,0.20000000000000284
2026-09-18,CE,2026-09-18T08:31:00+00:00,2026-09-18T08:29:55.394404+00:00,2026-09-18T08:30:55.537656+00:00,60.143252,NIFTY|2026-09-22|23350|CE,7bc94ab07e968792dca8d1451bec5e3b77da69dd3a3698eae2b2d767ad2355c7,d40f11e612d61986a52ad8b53469bad56857a963b6e6d9ad59fe91bba0abbd2b,1.25,1.5,1.4000000000000057,0.20000000000000284,0.20000000000000284
2026-09-18,CE,2026-09-18T08:33:00+00:00,2026-09-18T08:31:55.364757+00:00,2026-09-18T08:32:55.399512+00:00,60.034755,NIFTY|2026-09-22|23350|CE,5881eb390438e952535b9c9200df47e646a02bd1a2b4c252f6efb3ed723f0776,fb612b6255ee79134f7d909ce13edd7bed1384c73fba65614f71bb5600b6095e,1.7000000000007276,1.1249999999999858,1.2000000000000028,0.15000000000000568,0.20000000000000284
2026-09-18,CE,2026-09-18T08:34:00+00:00,2026-09-18T08:32:55.399512+00:00,2026-09-18T08:33:55.698014+00:00,60.298502,NIFTY|2026-09-22|23350|CE,fb612b6255ee79134f7d909ce13edd7bed1384c73fba65614f71bb5600b6095e,6f8190454b75344d346570ec91bdf86b16d5cf2313735e27609ec477ea576eed,2.4500000000007276,1.7750000000000057,1.8499999999999943,0.20000000000000284,0.25
2026-09-18,CE,2026-09-18T08:36:00+00:00,2026-09-18T08:34:55.360702+00:00,2026-09-18T08:35:55.376574+00:00,60.015872,NIFTY|2026-09-22|23350|CE,c9ee9dabc836f39439d034c0dceb97cef024215aebe4cae057ee3de2832ac593,f5b83a20826cd55f8d9523b3190ad9b638a65552f85944af064c4c177ff39bbc,4.25,0.9749999999999943,1.0499999999999972,0.25,0.20000000000000284
2026-09-18,CE,2026-09-18T08:38:00+00:00,2026-09-18T08:36:55.368362+00:00,2026-09-18T08:37:55.448822+00:00,60.08046,NIFTY|2026-09-22|23350|CE,5c38c42d6cc6adb57fde11328ef201982f3ae2a236b462dad26429bd676193e4,921d6e4e3bf0afb944466399631db23d5463a366ea00228b4150e522d121f234,3.600000000002183,-0.17500000000001137,-0.20000000000000284,0.15000000000000568,0.20000000000000284
2026-09-18,CE,2026-09-18T08:40:00+00:00,2026-09-18T08:38:50.358200+00:00,2026-09-18T08:39:55.355835+00:00,64.997635,NIFTY|2026-09-22|23350|CE,e1d3f90f10d7677244ecfa489e569f8ff1ece69dde87697502b176176b2049dc,3bdb0291b3de677c78ef4cddd445c3be3805a08511b2d4c163804a989bafa5c2,10.400000000001455,5.099999999999994,4.449999999999989,0.15000000000000568,0.25
2026-09-18,CE,2026-09-18T08:41:00+00:00,2026-09-18T08:39:55.355835+00:00,2026-09-18T08:40:55.401776+00:00,60.045941,NIFTY|2026-09-22|23350|CE,3bdb0291b3de677c78ef4cddd445c3be3805a08511b2d4c163804a989bafa5c2,077ee599694b0c448e166ab010692b524377fd754db8238d7e9a06982b5cdff1,1.5499999999992724,1.7750000000000057,2.3000000000000114,0.25,0.19999999999998863
2026-09-18,CE,2026-09-18T08:43:00+00:00,2026-09-18T08:41:55.348177+00:00,2026-09-18T08:42:55.387846+00:00,60.039669,NIFTY|2026-09-22|23350|CE,eb1bae07154e414cb79f5cc4e0808f897554f2c65e38a7eb36a94352a5f1e69f,524f3c5b837abbc72b35769f0462d4e9a49fc2e97b826e7f3ef486305de79d12,-1.9000000000014552,-2.075000000000003,-2.200000000000003,0.09999999999999432,0.25
2026-09-18,CE,2026-09-18T08:45:00+00:00,2026-09-18T08:43:50.375575+00:00,2026-09-18T08:44:55.350824+00:00,64.975249,NIFTY|2026-09-22|23350|CE,ce86a54d1bdb0f433bba92cb8f07df0c75f8cd24bcdd9af286ee3ffa85bf1777,59043bca774cc1ea4111d2dd12ff016c0065237ab478241c7a96d5b39cf3e33e,0.4500000000007276,-0.3999999999999915,-0.5499999999999972,0.25,0.25
2026-09-18,CE,2026-09-18T08:46:00+00:00,2026-09-18T08:44:55.350824+00:00,2026-09-18T08:45:55.360220+00:00,60.009396,NIFTY|2026-09-22|23350|CE,59043bca774cc1ea4111d2dd12ff016c0065237ab478241c7a96d5b39cf3e33e,fb78a9e19fa31f6be51db845e61d20afe4dc04f7a18b385045528a35fdbb127a,2.25,2.5,2.5999999999999943,0.25,0.14999999999999147
2026-09-18,CE,2026-09-18T08:48:00+00:00,2026-09-18T08:46:50.369849+00:00,2026-09-18T08:47:55.349875+00:00,64.980026,NIFTY|2026-09-22|23350|CE,d6b8343a30bc42967ce5b42fcdc0c787d5548c75c1d2bbe4b7e58360a85e082c,3f741b4fa14c1e5863a4dbcf4ca07315a95723f2193f4d1a05bae11a9c2ca0bd,0.049999999999272404,1.4500000000000028,1.0999999999999943,0.10000000000000853,0.09999999999999432
2026-09-18,CE,2026-09-18T08:49:00+00:00,2026-09-18T08:47:55.349875+00:00,2026-09-18T08:48:55.365802+00:00,60.015927,NIFTY|2026-09-22|23350|CE,3f741b4fa14c1e5863a4dbcf4ca07315a95723f2193f4d1a05bae11a9c2ca0bd,b9f8b3d2ddd7c340e8f2b81bf372a28befd33c1a56076e4adff38056bc2bf48e,-3.1999999999970896,-2.700000000000003,-2.6500000000000057,0.09999999999999432,0.20000000000000284
2026-09-18,CE,2026-09-18T08:50:00+00:00,2026-09-18T08:48:55.365802+00:00,2026-09-18T08:49:55.711623+00:00,60.345821,NIFTY|2026-09-22|23350|CE,b9f8b3d2ddd7c340e8f2b81bf372a28befd33c1a56076e4adff38056bc2bf48e,3d3a7dd8eff73d8b176852111e405dd369d1445e868aa0ca1cd7b5a96cfa48da,2.349999999998545,0.6750000000000114,0.75,0.20000000000000284,0.14999999999999147
2026-09-18,CE,2026-09-18T08:52:00+00:00,2026-09-18T08:50:55.351278+00:00,2026-09-18T08:51:55.358240+00:00,60.006962,NIFTY|2026-09-22|23350|CE,74150b903ea70672a9c548963932a395d31426e908e604a017919aacdbff1c78,4cc6ec98337db7f30131f173b0a5c7ba06c91e755d233a95534ee8d9ef9df1fd,-0.049999999999272404,0.17499999999998295,0.5999999999999943,0.20000000000000284,0.25
2026-09-18,CE,2026-09-18T08:53:00+00:00,2026-09-18T08:51:55.358240+00:00,2026-09-18T08:52:55.683080+00:00,60.32484,NIFTY|2026-09-22|23350|CE,4cc6ec98337db7f30131f173b0a5c7ba06c91e755d233a95534ee8d9ef9df1fd,8c649c02aaaae83c3b6720656f99022c190d7e901cf5c5153d798802792d01f1,5.0,2.6000000000000085,2.299999999999997,0.25,0.25
2026-09-18,CE,2026-09-18T08:56:00+00:00,2026-09-18T08:54:55.358033+00:00,2026-09-18T08:55:55.370336+00:00,60.012303,NIFTY|2026-09-22|23350|CE,c4375673d1e64a6dacb0c22df28ad5cc8ccf48ed87515e813851d8f10b77f9cc,a6537a89212b6056b871594ba35ec2d6a70b31208a3d0a53e31406e9ec9f1d16,0.1499999999978172,0.799999999999983,0.5999999999999943,0.20000000000000284,0.20000000000000284
2026-09-18,CE,2026-09-18T08:59:00+00:00,2026-09-18T08:57:50.420051+00:00,2026-09-18T08:58:55.355953+00:00,64.935902,NIFTY|2026-09-22|23350|CE,4e90a55b620b827d07af61bba56b07b43b6f06038b99582240fd62d7457fa177,3d33d685b7342280742fe5cd77804dfd427256f2798929f9dc2d42963a57fe1b,2.9500000000007276,3.5999999999999943,3.9000000000000057,0.25,0.25
2026-09-18,CE,2026-09-18T09:00:00+00:00,2026-09-18T08:58:55.355953+00:00,2026-09-18T08:59:55.358091+00:00,60.002138,NIFTY|2026-09-22|23350|CE,3d33d685b7342280742fe5cd77804dfd427256f2798929f9dc2d42963a57fe1b,304c8d1eac88e43ca51de1dbe7802fbf30ffecac25f93bd607e5fe9c5cfd51a8,3.6999999999970896,3.3499999999999943,3.299999999999997,0.25,0.14999999999999147
2026-09-18,CE,2026-09-18T09:01:00+00:00,2026-09-18T08:59:55.358091+00:00,2026-09-18T09:00:55.372413+00:00,60.014322,NIFTY|2026-09-22|23350|CE,304c8d1eac88e43ca51de1dbe7802fbf30ffecac25f93bd607e5fe9c5cfd51a8,25e01d28907fd6f2a0c325023bf3e0701ce4e415830b7a2e65178dd204582320,2.900000000001455,1.4500000000000028,1.5499999999999972,0.14999999999999147,0.25
2026-09-18,CE,2026-09-18T09:03:00+00:00,2026-09-18T09:01:55.353229+00:00,2026-09-18T09:02:55.578544+00:00,60.225315,NIFTY|2026-09-22|23350|CE,5cac6b123b9e48c7a40e41580a8163476fec3b3130f665360772478a7f85b2da,b630ee3533051c6cdb3215cbeffb49a6603bd7567af72f714bf23dddcb3ccfab,4.950000000000728,3.075000000000003,3.1499999999999915,0.20000000000000284,0.25
2026-09-18,CE,2026-09-18T09:05:00+00:00,2026-09-18T09:03:50.374534+00:00,2026-09-18T09:04:55.349760+00:00,64.975226,NIFTY|2026-09-22|23350|CE,33fa4e9056348b35704ef30018a81d0b2046d3de86c990bb871196834ce4e46e,c8b25893094b57b5fc0260beb655699b7bde57a01cf33ade75035835e8beeb35,-0.4499999999970896,-1.5999999999999943,-1.0499999999999972,0.25,0.25
2026-09-18,CE,2026-09-18T09:07:00+00:00,2026-09-18T09:05:55.345983+00:00,2026-09-18T09:06:55.390778+00:00,60.044795,NIFTY|2026-09-22|23350|CE,eb5b588ba2f4caad4bde99724194221cbfe3715ae526c54c9386dcc77f174d2c,a493cd8c02af329d7edf2cd996e21ef098b8cd94d9bbed39d9ac63a80d46aefb,-1.4499999999970896,-0.125,-0.20000000000000284,0.29999999999999716,0.25
2026-09-18,CE,2026-09-18T09:08:00+00:00,2026-09-18T09:06:55.390778+00:00,2026-09-18T09:07:55.423603+00:00,60.032825,NIFTY|2026-09-22|23350|CE,a493cd8c02af329d7edf2cd996e21ef098b8cd94d9bbed39d9ac63a80d46aefb,2a2f193b900b05bc04da18f827387795e4b39b921e1523c9cf8b2095fcf42bf4,-0.3500000000021828,-0.625,-0.20000000000000284,0.25,0.29999999999999716
2026-09-18,CE,2026-09-18T09:10:00+00:00,2026-09-18T09:08:50.367490+00:00,2026-09-18T09:09:55.364839+00:00,64.997349,NIFTY|2026-09-22|23350|CE,f69d7346e829474e7897cdde6d461a9873442f03424ef643b2e47f360a6f7849,3446f36314a837022d27f6e69c07fbcc1fb0782aa3e05f84abc6fc0c202d94bc,-1.25,-1.075000000000017,-1.1500000000000057,0.20000000000000284,0.25
2026-09-18,CE,2026-09-18T09:12:00+00:00,2026-09-18T09:10:55.362634+00:00,2026-09-18T09:11:55.364779+00:00,60.002145,NIFTY|2026-09-22|23350|CE,b99c576535977db7e88e2169c54d18837316587919e7c85eee1137b155f067c4,2da6bc2ad7488d82c6261c241adbcfcbbb76e8c305419c8bfcd58ee55816e4aa,-0.75,-2.9750000000000085,-2.8499999999999943,0.25,0.29999999999999716
2026-09-18,CE,2026-09-18T09:15:00+00:00,2026-09-18T09:13:50.362901+00:00,2026-09-18T09:14:55.347638+00:00,64.984737,NIFTY|2026-09-22|23350|CE,559d63285863fbdebfa729d5ac2ed2041ec4a88d8c40354fb6f34cbb0d227ccd,228d615f605dfde4f5d9b2c35b5ddcc86f905f089387b0ce5a2a6d4f727f6585,-4.700000000000728,-2.3999999999999915,-2.549999999999997,0.25,0.25
2026-09-18,CE,2026-09-18T09:16:00+00:00,2026-09-18T09:14:55.347638+00:00,2026-09-18T09:15:55.355328+00:00,60.00769,NIFTY|2026-09-22|23350|CE,228d615f605dfde4f5d9b2c35b5ddcc86f905f089387b0ce5a2a6d4f727f6585,27eef63606907450d075868372c1a269ed7e6c6367c44cc42147363c788a9af8,5.0,2.7749999999999915,2.8499999999999943,0.25,0.20000000000000284
2026-09-18,CE,2026-09-18T09:17:00+00:00,2026-09-18T09:15:55.355328+00:00,2026-09-18T09:16:55.389980+00:00,60.034652,NIFTY|2026-09-22|23350|CE,27eef63606907450d075868372c1a269ed7e6c6367c44cc42147363c788a9af8,303910c8af7b9c952e51f8dad2de048b5b6af09f23d3eae0f8ddd572fa2d02b2,2.2999999999992724,1.200000000000017,1.1500000000000057,0.20000000000000284,0.20000000000000284
2026-09-18,CE,2026-09-18T09:19:00+00:00,2026-09-18T09:17:55.351787+00:00,2026-09-18T09:18:55.362090+00:00,60.010303,NIFTY|2026-09-22|23350|CE,a78ce6f159fa47600b4385911c6061ab0e171a75db740ebe969798e3a62447e8,40e1b7796098f571e2e13a5a1ea023cf980aab00f75e8313aff60ca6d51852b6,-1.6500000000014552,0.5749999999999886,0.7999999999999972,0.25,0.29999999999999716
2026-09-18,CE,2026-09-18T09:21:00+00:00,2026-09-18T09:19:55.350919+00:00,2026-09-18T09:20:55.393898+00:00,60.042979,NIFTY|2026-09-22|23350|CE,b6b8674f2a43c5b138e32000a3d15e2dd6a17b9023d6c895c9be18c5ace27a1e,de4b24dbd2725880f49217c50f0cb16f905f05f90cd8d5551ee0896a5268e859,3.349999999998545,2.1999999999999886,2.75,0.20000000000000284,0.20000000000000284
2026-09-18,CE,2026-09-18T09:24:00+00:00,2026-09-18T09:22:50.354583+00:00,2026-09-18T09:23:55.351165+00:00,64.996582,NIFTY|2026-09-22|23400|CE,1980e517918bac8830bd4798b22423ec53ad41fb2db2693cbd3a20cbcf2291d4,38c87aeade7748df059566b0595085a1ac432f8bb8a7af6ebb90c7c05e71fb4b,0.7000000000007276,0.8249999999999886,0.5,0.25,0.20000000000000284
2026-09-18,CE,2026-09-18T09:26:00+00:00,2026-09-18T09:24:55.349697+00:00,2026-09-18T09:25:55.356549+00:00,60.006852,NIFTY|2026-09-22|23400|CE,913220f3023dce188b2a2063994a273ed36e77895a73e44f522b6ff32c4ecf37,6e7623b91eb47e36457bab74a2c6130071a08738ccdf393e0e0501d17a0ff6cd,0.8499999999985448,-1.4250000000000114,-1.0500000000000114,0.20000000000000284,0.25
2026-09-18,CE,2026-09-18T09:27:00+00:00,2026-09-18T09:25:55.356549+00:00,2026-09-18T09:26:55.360591+00:00,60.004042,NIFTY|2026-09-22|23400|CE,6e7623b91eb47e36457bab74a2c6130071a08738ccdf393e0e0501d17a0ff6cd,69c9e38ee78a6723d70c5a68ccd11654e5672f01d57c1ea2b3dde0df0650bcd4,-0.1500000000014552,-0.8249999999999886,-0.9499999999999886,0.25,0.20000000000000284
2026-09-18,CE,2026-09-18T09:29:00+00:00,2026-09-18T09:27:55.356978+00:00,2026-09-18T09:28:55.373322+00:00,60.016344,NIFTY|2026-09-22|23400|CE,65fd52923797b9a184954ad58bcf5636786e3cbf11dc984754ebfc9f9b6f3cec,39702cd98c054556ae89b3c8b6f99a640a06aa833dc8aef62c608d18b2356b75,7.0,4.799999999999983,5.200000000000003,0.20000000000000284,0.20000000000000284
2026-09-18,CE,2026-09-18T09:32:00+00:00,2026-09-18T09:30:55.359546+00:00,2026-09-18T09:31:55.412654+00:00,60.053108,NIFTY|2026-09-22|23350|CE,992640b74461e924d2f231f5d0886caabbc6ced88f23dd0a65db059b60e36a7f,37e9ec505837d76c187b3e0737ebb4ab20766319f7f183ea8d030a204c4ec651,-6.150000000001455,1.7999999999999972,2.1500000000000057,0.25,0.25
2026-09-18,CE,2026-09-18T09:34:00+00:00,2026-09-18T09:32:55.364974+00:00,2026-09-18T09:33:55.368184+00:00,60.00321,NIFTY|2026-09-22|23350|CE,2372b77003924c6d37100b0f3cc4096ee03f9544b403e6d1516dd30f9c52d1a4,6f53e76537c7be3d1b697067fb3b62924cdb6e9873d33f22c17fd83c6108bde2,2.9500000000007276,0.5749999999999886,0.25,0.25,0.20000000000000284
2026-09-18,CE,2026-09-18T09:35:00+00:00,2026-09-18T09:33:55.368184+00:00,2026-09-18T09:34:55.369514+00:00,60.00133,NIFTY|2026-09-22|23350|CE,6f53e76537c7be3d1b697067fb3b62924cdb6e9873d33f22c17fd83c6108bde2,fc956d442e93cc9abd17167f1869feeb5d590da11b7cfcd9c784eeb3870bf684,-7.200000000000728,-3.5999999999999943,-3.75,0.20000000000000284,0.30000000000001137
2026-09-18,CE,2026-09-18T09:37:00+00:00,2026-09-18T09:35:55.363155+00:00,2026-09-18T09:36:55.555329+00:00,60.192174,NIFTY|2026-09-22|23350|CE,887e5ac36df39ec774e5c8cfe0b9244469662db10362d9fe908ecfd9ce436e91,5d8a435aa3204e1e63e4c20eef4a4f0d02d7fb1f366b02a3184e8d4d5fc1b633,3.2000000000007276,0.9749999999999943,0.9500000000000028,0.29999999999999716,0.25
2026-09-18,CE,2026-09-18T09:39:00+00:00,2026-09-18T09:37:55.358695+00:00,2026-09-18T09:38:55.493925+00:00,60.13523,NIFTY|2026-09-22|23350|CE,905ffd9d8331a80a6dd6107f58fbf873e9f28d003af6f8c838d0beb340626975,993314f8164982fd5f33e11be238c566180c4bc81439f4e53c77a14ad027a086,-4.650000000001455,-4.474999999999994,-4.1499999999999915,0.14999999999999147,0.20000000000000284
2026-09-18,CE,2026-09-18T09:41:00+00:00,2026-09-18T09:39:50.371629+00:00,2026-09-18T09:40:55.350215+00:00,64.978586,NIFTY|2026-09-22|23350|CE,840334184ecaa353b15a80ee9b7f21b8616c6054b0da8d9da0899d149fadda20,289450462cd161af90fb948415b24d79bfc6b71966ca7ec0d4d7cc3e08237244,-3.399999999997817,0.2750000000000057,0.09999999999999432,0.15000000000000568,0.20000000000000284
2026-09-18,CE,2026-09-18T09:42:00+00:00,2026-09-18T09:40:55.350215+00:00,2026-09-18T09:41:55.350351+00:00,60.000136,NIFTY|2026-09-22|23350|CE,289450462cd161af90fb948415b24d79bfc6b71966ca7ec0d4d7cc3e08237244,27e3c1c48d18d0c6d02620991cd74d8dfe28e535151b356b3d1f8e2e386ebef5,3.0499999999992724,1.4000000000000057,1.4000000000000057,0.20000000000000284,0.20000000000000284
2026-09-18,CE,2026-09-18T09:43:00+00:00,2026-09-18T09:41:55.350351+00:00,2026-09-18T09:42:55.358418+00:00,60.008067,NIFTY|2026-09-22|23350|CE,27e3c1c48d18d0c6d02620991cd74d8dfe28e535151b356b3d1f8e2e386ebef5,7028d3c5c868a6631c92891dacb18110a7c329d440b282de69a717bc776ae577,-6.100000000002183,-1.825000000000017,-1.7000000000000028,0.20000000000000284,0.04999999999999716
2026-09-18,CE,2026-09-18T09:44:00+00:00,2026-09-18T09:42:55.358418+00:00,2026-09-18T09:43:55.445344+00:00,60.086926,NIFTY|2026-09-22|23350|CE,7028d3c5c868a6631c92891dacb18110a7c329d440b282de69a717bc776ae577,bc18faaca30bcff4edda010cd9b4074a0cce86576bcc57bfa5dd5ebca29ed2df,6.700000000000728,2.75,3.0,0.04999999999999716,0.04999999999999716
2026-09-18,CE,2026-09-18T09:47:00+00:00,2026-09-18T09:45:50.360456+00:00,2026-09-18T09:46:55.352790+00:00,64.992334,NIFTY|2026-09-22|23350|CE,a82aeaec5a17474167e61a7b7f11e6bfdff6347d431b027a64dddf953d73d080,36331f79543babbfd7e42848ad10c09a3fe0076047af6fd0b14d49df651c9a1a,0.0,-1.6500000000000057,-1.5499999999999972,0.20000000000000284,0.20000000000000284
2026-09-18,CE,2026-09-18T09:48:00+00:00,2026-09-18T09:46:55.352790+00:00,2026-09-18T09:47:55.382560+00:00,60.02977,NIFTY|2026-09-22|23350|CE,36331f79543babbfd7e42848ad10c09a3fe0076047af6fd0b14d49df651c9a1a,049b97612fe48af394cfa71e8e5669fc442789acbbb56923c9c3e376b1986f51,0.0,-1.5749999999999886,-1.5499999999999972,0.20000000000000284,0.05000000000001137
2026-09-18,CE,2026-09-18T09:50:00+00:00,2026-09-18T09:48:50.373247+00:00,2026-09-18T09:49:55.353410+00:00,64.980163,NIFTY|2026-09-22|23350|CE,38c2f7655899b2e17465985fe994aa1cdcedfbc6519ce3f62f030638571721b3,f6df2719519f582b52feef81e34a094284382f1fd70aafd3064ecf89df5f8d6d,0.0,0.7250000000000085,0.5999999999999943,0.25,0.20000000000000284
2026-09-18,CE,2026-09-18T09:51:00+00:00,2026-09-18T09:49:55.353410+00:00,2026-09-18T09:50:55.659559+00:00,60.306149,NIFTY|2026-09-22|23350|CE,f6df2719519f582b52feef81e34a094284382f1fd70aafd3064ecf89df5f8d6d,4eaba8ee8f557322018af12d4ddf020ef6063416e048819c199cfc1547ac9b04,0.0,-2.5,-2.450000000000003,0.20000000000000284,0.20000000000000284
2026-09-18,CE,2026-09-18T09:53:00+00:00,2026-09-18T09:51:50.366438+00:00,2026-09-18T09:52:55.343680+00:00,64.977242,NIFTY|2026-09-22|23350|CE,7f120fcd486956f3779a045b8f777ccccf7a4e8e9c2be47e2c5778d34089210c,a5002a2ed701ebf4be577304b0ee89198ff5dce4a2f5e4b086d35826691ddd7a,0.0,-1.5750000000000028,-1.6500000000000057,0.25,0.19999999999998863
2026-09-18,CE,2026-09-18T09:54:00+00:00,2026-09-18T09:52:55.343680+00:00,2026-09-18T09:53:55.406182+00:00,60.062502,NIFTY|2026-09-22|23350|CE,a5002a2ed701ebf4be577304b0ee89198ff5dce4a2f5e4b086d35826691ddd7a,57b768aa9db58665bdaad01508dcbbf19ad5a05981aec5f3b475de130585446e,0.0,0.17499999999999716,0.30000000000001137,0.19999999999998863,0.25
2026-09-18,CE,2026-09-18T09:56:00+00:00,2026-09-18T09:54:50.361646+00:00,2026-09-18T09:55:55.360952+00:00,64.999306,NIFTY|2026-09-22|23350|CE,ed8f3c608ab26e2abca9180a06ceb4a01f04cc61238f2788c6b461960f87bbb9,add1ba37e2793c0110e6ef1b83a1a9c89c1e3a2589c4a00af20d156857e7a3ed,0.0,1.7750000000000057,1.7000000000000028,0.20000000000000284,0.05000000000001137
2026-09-18,CE,2026-09-18T09:57:00+00:00,2026-09-18T09:55:55.360952+00:00,2026-09-18T09:56:55.368707+00:00,60.007755,NIFTY|2026-09-22|23350|CE,add1ba37e2793c0110e6ef1b83a1a9c89c1e3a2589c4a00af20d156857e7a3ed,1d06343da0684dfd8b80621afa541a4fec4db48683c26a987890b39aac4c8a77,0.0,4.849999999999994,4.949999999999989,0.05000000000001137,0.25
2026-09-18,CE,2026-09-18T09:58:00+00:00,2026-09-18T09:56:55.368707+00:00,2026-09-18T09:57:55.369720+00:00,60.001013,NIFTY|2026-09-22|23350|CE,1d06343da0684dfd8b80621afa541a4fec4db48683c26a987890b39aac4c8a77,d8c08fbd0854c13b7a170d9b43268e68634d8d7b315331598dcda04a6125df36,0.0,2.1000000000000085,2.0500000000000114,0.25,0.15000000000000568
2026-09-18,CE,2026-09-18T10:00:00+00:00,2026-09-18T09:58:50.357747+00:00,2026-09-18T09:59:55.346780+00:00,64.989033,NIFTY|2026-09-22|23350|CE,8bc8eddf755067d1059c0b91c050390cf5642dc7a96ecdfc29a0fe672965f140,20dfd7c1fc259330cea380b81cd43e3cc8a78d7e14fc75d74b768b54dcf299f0,0.0,0.700000000000017,0.6000000000000085,0.29999999999999716,0.29999999999999716
2026-09-18,PE,2026-09-18T03:48:00+00:00,2026-09-18T03:46:55.353411+00:00,2026-09-18T03:47:55.356311+00:00,60.0029,NIFTY|2026-09-22|23350|PE,6390bd0c066da282539eb80edf723b03770b297056ca59eb66bfbdd807095912,83acaafa9a0f55dc9ce28fea474d36f832dd24d8af4abca1c3c6dcc085347a72,2.399999999997817,-0.42499999999999716,-0.15000000000000568,0.25,0.09999999999999432
2026-09-18,PE,2026-09-18T03:50:00+00:00,2026-09-18T03:48:55.389761+00:00,2026-09-18T03:49:55.428122+00:00,60.038361,NIFTY|2026-09-22|23300|PE,e51523595a86fed5e032a150b600f7683dbbfa4dcf96343e23ab1de0aa99b221,44180125cdebab0b58fd556b0f93eb7fc4c44af6fa04526c7702f3b6f3b7f814,0.75,-0.42500000000001137,-0.3500000000000085,0.20000000000000284,0.25
2026-09-18,PE,2026-09-18T03:52:00+00:00,2026-09-18T03:50:55.335117+00:00,2026-09-18T03:51:55.362804+00:00,60.027687,NIFTY|2026-09-22|23300|PE,c5ea9e2d08019b8400c8420910cb16f515e1a97a3f4b9dbc69f79c780b3c428b,e6740c4b2b982c4dab96aba8e6df3c02d84fc2be8a817303fc5e47fd334fb250,3.0499999999992724,0.42499999999999716,-1.0499999999999972,0.15000000000000568,0.20000000000000284
2026-09-18,PE,2026-09-18T03:54:00+00:00,2026-09-18T03:52:55.350676+00:00,2026-09-18T03:53:55.355900+00:00,60.005224,NIFTY|2026-09-22|23300|PE,def68f187ad9b363660136447ae7784df414a998e28e3003515a3c15321dff25,bcecf04fc245e1aabd5b6e1589e25ca38c9ae0cac24c18de338de4758dfa42dd,10.0,-6.075000000000003,-7.349999999999994,0.09999999999999432,0.25
2026-09-18,PE,2026-09-18T03:57:00+00:00,2026-09-18T03:55:55.345929+00:00,2026-09-18T03:56:55.362471+00:00,60.016542,NIFTY|2026-09-22|23300|PE,7feb85de3cd3236c7cee37eb4f42b41d31a69343c8d5ca5a0c8d96f3b82a78d5,1a8ef9ef067bac59e8bd564b8d21598d74c62b225669571db99bd9b82d98792a,-7.44999999999709,2.625,3.1500000000000057,0.09999999999999432,0.25
2026-09-18,PE,2026-09-18T03:58:00+00:00,2026-09-18T03:56:55.362471+00:00,2026-09-18T03:57:55.365587+00:00,60.003116,NIFTY|2026-09-22|23300|PE,1a8ef9ef067bac59e8bd564b8d21598d74c62b225669571db99bd9b82d98792a,0aa5c4b854186354a3c31df32c9c0972b694048ec400bf551d1abe42c675b1a5,-12.450000000000728,3.674999999999997,3.0999999999999943,0.25,0.29999999999999716
2026-09-18,PE,2026-09-18T03:59:00+00:00,2026-09-18T03:57:55.365587+00:00,2026-09-18T03:58:55.369167+00:00,60.00358,NIFTY|2026-09-22|23300|PE,0aa5c4b854186354a3c31df32c9c0972b694048ec400bf551d1abe42c675b1a5,f3c4e858498df7b7063a800f4a9540fb9991a533a87ccfd2b30c1662274775eb,-3.5,1.7750000000000057,1.5999999999999943,0.29999999999999716,0.15000000000000568
2026-09-18,PE,2026-09-18T04:01:00+00:00,2026-09-18T03:59:50.465130+00:00,2026-09-18T04:00:55.355892+00:00,64.890762,NIFTY|2026-09-22|23300|PE,e703379edeb626e06acb89926170f15cfade788d1e70947419a4d4adf477ff94,061a6d6073edb319c0943c5aa40c04db22d4e42ae0c22ada1cbfdef6d8f7036d,-3.1999999999970896,4.699999999999989,4.8500000000000085,0.14999999999999147,0.25
2026-09-18,PE,2026-09-18T04:02:00+00:00,2026-09-18T04:00:55.355892+00:00,2026-09-18T04:01:55.429048+00:00,60.073156,NIFTY|2026-09-22|23300|PE,061a6d6073edb319c0943c5aa40c04db22d4e42ae0c22ada1cbfdef6d8f7036d,08eb3d49de2a530b6339355e6597f181919bcd089ae6cc29b566b3e2468b77ca,0.4499999999970896,1.1000000000000085,0.75,0.25,0.25
2026-09-18,PE,2026-09-18T04:04:00+00:00,2026-09-18T04:02:55.352433+00:00,2026-09-18T04:03:55.364444+00:00,60.012011,NIFTY|2026-09-22|23300|PE,57d444c5fc48ea3478123e46ae328695d5ed205e224a74c6180662d03d485919,714fa5dce608b70a2cfcce5dbc2c1140672259d94db9d30445db39a5a1ac6b72,-4.600000000002183,1.8000000000000114,0.8499999999999943,0.14999999999999147,0.25
2026-09-18,PE,2026-09-18T04:05:00+00:00,2026-09-18T04:03:55.364444+00:00,2026-09-18T04:04:55.367632+00:00,60.003188,NIFTY|2026-09-22|23300|PE,714fa5dce608b70a2cfcce5dbc2c1140672259d94db9d30445db39a5a1ac6b72,c0a257a6f0eb9928fcb2358183ad6203ab7a483d41fed9924436223666a070b2,-3.149999999997817,-0.05000000000001137,1.2000000000000028,0.25,0.25
2026-09-18,PE,2026-09-18T04:08:00+00:00,2026-09-18T04:06:50.661506+00:00,2026-09-18T04:07:55.348956+00:00,64.68745,NIFTY|2026-09-22|23300|PE,2d8ffba65d096b3d28a81dc17b0045c00f4ca68ae81582f7029088edf3947ac3,5962b672ef1ac87c4d2e43691ea8f3b773d1dcb3396cde42812492af058cecc7,-9.649999999997817,5.4750000000000085,5.299999999999997,0.20000000000000284,0.25
2026-09-18,PE,2026-09-18T04:09:00+00:00,2026-09-18T04:07:55.348956+00:00,2026-09-18T04:08:55.382435+00:00,60.033479,NIFTY|2026-09-22|23300|PE,5962b672ef1ac87c4d2e43691ea8f3b773d1dcb3396cde42812492af058cecc7,921e9b7842e3c12cf64ad164389f40833c262ef652a175ea7ae49c50a566d961,3.899999999997817,-0.6499999999999915,-0.6999999999999886,0.25,0.25
2026-09-18,PE,2026-09-18T04:11:00+00:00,2026-09-18T04:09:50.510600+00:00,2026-09-18T04:10:55.346011+00:00,64.835411,NIFTY|2026-09-22|23300|PE,74fb74a9dc4e233cf61af6aab69a278454ebd1fdc26e31840fc191efda9baeec,068b38ed5ea4203b4ff4cc358c41b3c8cd874f8a020ffc83c65631b6722448f2,-0.75,1.1000000000000085,1.25,0.25,0.04999999999999716
2026-09-18,PE,2026-09-18T04:12:00+00:00,2026-09-18T04:10:55.346011+00:00,2026-09-18T04:11:55.348802+00:00,60.002791,NIFTY|2026-09-22|23300|PE,068b38ed5ea4203b4ff4cc358c41b3c8cd874f8a020ffc83c65631b6722448f2,f63a34a3bd86ebdada6db6db0e76cac873fe91489002b56cbcc6b0278b5c4561,-0.75,0.8999999999999915,1.0,0.04999999999999716,0.25
2026-09-18,PE,2026-09-18T04:13:00+00:00,2026-09-18T04:11:55.348802+00:00,2026-09-18T04:12:55.352996+00:00,60.004194,NIFTY|2026-09-22|23300|PE,f63a34a3bd86ebdada6db6db0e76cac873fe91489002b56cbcc6b0278b5c4561,5e6c49a901f8eaadc2a9985bb8c7b9807a0675dc3d5a9fece43f31888f312ff2,3.75,-1.2749999999999915,-1.2999999999999972,0.25,0.20000000000000284
2026-09-18,PE,2026-09-18T04:15:00+00:00,2026-09-18T04:13:55.344835+00:00,2026-09-18T04:14:55.356923+00:00,60.012088,NIFTY|2026-09-22|23300|PE,e1fad7ef72d2fea48ca5ca4b25bd30dc4f9e2f7af721f85ab2df845c405fcc20,723e98fe0876045b163b6189d9c8b116dc18cf297f6f6d9b5c7c9eb9cb992002,3.399999999997817,-3.5250000000000057,-3.5500000000000114,0.14999999999999147,0.20000000000000284
2026-09-18,PE,2026-09-18T04:16:00+00:00,2026-09-18T04:14:55.356923+00:00,2026-09-18T04:15:55.358258+00:00,60.001335,NIFTY|2026-09-22|23300|PE,723e98fe0876045b163b6189d9c8b116dc18cf297f6f6d9b5c7c9eb9cb992002,df7244ace84a4feb52fff378b47551e21f9f62166bc266e650d23007dfdc7c5a,-3.25,3.1000000000000227,3.3500000000000085,0.20000000000000284,0.29999999999999716
2026-09-18,PE,2026-09-18T04:18:00+00:00,2026-09-18T04:16:55.354083+00:00,2026-09-18T04:17:55.356949+00:00,60.002866,NIFTY|2026-09-22|23300|PE,605105a1c8dd9f8507d2e747c492089494c2cf6c7f26eba7e35f08586c570993,47bd38055f9e9dd2781006da499cfb0de59ded16fc9e36bd238ba331503b803c,3.0499999999992724,-0.9499999999999886,-1.3000000000000114,0.25,0.25
2026-09-18,PE,2026-09-18T04:20:00+00:00,2026-09-18T04:18:55.340971+00:00,2026-09-18T04:19:55.362721+00:00,60.02175,NIFTY|2026-09-22|23300|PE,2ae536482c60bda42fd7fc3fedb1ec264daf6d7d5ad4c422e304642c886534c8,67becfdc03f688f20b3918081996aecae265dd9ffe8f73b49aae22fdd09a2eb7,-8.799999999999272,4.849999999999994,4.950000000000003,0.20000000000000284,0.30000000000001137
2026-09-18,PE,2026-09-18T04:23:00+00:00,2026-09-18T04:21:55.348065+00:00,2026-09-18T04:22:55.458275+00:00,60.11021,NIFTY|2026-09-22|23300|PE,704d1ad943df6298ac4f4323bc9a1ffe4113785ba0610dd80859e277067b26d9,3553baff1f3484f9626bd4eca44869da89f58e9897700a904f0067be441c823d,4.799999999999272,-5.100000000000023,-5.200000000000003,0.29999999999999716,0.20000000000000284
2026-09-18,PE,2026-09-18T04:27:00+00:00,2026-09-18T04:25:55.334789+00:00,2026-09-18T04:26:55.491058+00:00,60.156269,NIFTY|2026-09-22|23300|PE,9e378da2998f33e1df5f626f2e70a2d5776b233f5dda55b87b5cd974231c1793,5f5b00a59af1f2bbdbc37a686505906369637a4517128d40c1c0e916fb9235cc,-1.5500000000029104,-1.75,-2.049999999999997,0.25,0.15000000000000568
2026-09-18,PE,2026-09-18T04:29:00+00:00,2026-09-18T04:27:55.341342+00:00,2026-09-18T04:28:55.341683+00:00,60.000341,NIFTY|2026-09-22|23350|PE,76606d1cb9c7495440f77a77e4b68fd85cfe98a17ad8f09aa0ee720b94aacc09,2bafb80c314d23a17cdb40555d5a4e26b6df489bb785405fc401fc52a2aa3b5e,-2.5499999999992724,0.7499999999999858,1.4500000000000028,0.09999999999999432,0.29999999999999716
2026-09-18,PE,2026-09-18T04:31:00+00:00,2026-09-18T04:29:55.341425+00:00,2026-09-18T04:30:55.344542+00:00,60.003117,NIFTY|2026-09-22|23350|PE,f7842edce68a21d2b4bfa2ba7a6195c314bc23a1d293386e6b9bc0e461a9c7f6,c886119800eec195bb2c2ab1e67ba977443e89d4b259c2aec95d25eecd2a4c61,1.5,-1.5749999999999886,-1.6499999999999915,0.29999999999999716,0.25
2026-09-18,PE,2026-09-18T04:32:00+00:00,2026-09-18T04:30:55.344542+00:00,2026-09-18T04:31:55.349668+00:00,60.005126,NIFTY|2026-09-22|23350|PE,c886119800eec195bb2c2ab1e67ba977443e89d4b259c2aec95d25eecd2a4c61,d2f4a30bb232ef43deebc04d97409a93485eb251c606dd78abf2d6391ff8ae4a,-0.4000000000014552,0.6500000000000057,0.8999999999999915,0.25,0.25
2026-09-18,PE,2026-09-18T04:33:00+00:00,2026-09-18T04:31:55.349668+00:00,2026-09-18T04:32:55.361461+00:00,60.011793,NIFTY|2026-09-22|23350|PE,d2f4a30bb232ef43deebc04d97409a93485eb251c606dd78abf2d6391ff8ae4a,b9ca918cb74eaf5f8185394741c99aea701b96bfab22afea525f0a659adec53f,-2.5,1.7999999999999972,1.6000000000000085,0.25,0.25
2026-09-18,PE,2026-09-18T04:35:00+00:00,2026-09-18T04:33:50.346214+00:00,2026-09-18T04:34:55.341113+00:00,64.994899,NIFTY|2026-09-22|23300|PE,84e039fe690f100c7e3e2154cbf4ab97ef3f05c7d56013476065df885a343f7e,a40659fb6ccfd1f89827b9a596ea1f0ef4cda8500774049b438559fbe3b4ac75,-0.1499999999978172,-0.25,-0.20000000000000284,0.10000000000000853,0.20000000000000284
2026-09-18,PE,2026-09-18T04:42:00+00:00,2026-09-18T04:40:55.347307+00:00,2026-09-18T04:41:55.386223+00:00,60.038916,NIFTY|2026-09-22|23350|PE,e88311b57fb57a26ce5cd5125bfa0d9f34fe3e2420a17f02c912a4f4238071ef,058812db2c12d827cdfd765b62aac781484c7aae623faa093442c78178ca00d8,0.8499999999985448,-2.049999999999997,-1.8999999999999915,0.15000000000000568,0.25
2026-09-18,PE,2026-09-18T04:45:00+00:00,2026-09-18T04:43:55.347949+00:00,2026-09-18T04:44:55.356073+00:00,60.008124,NIFTY|2026-09-22|23350|PE,2a9ddc553004ee22d0a4ebbbb9985bce4ab79d195dc995cff3a83d9a3ec55394,e662d73bd09f7276d7f55c4c7419661c3b0313587f1c75913abd308e9fe5ea71,-2.75,2.674999999999997,2.6999999999999886,0.30000000000001137,0.15000000000000568
2026-09-18,PE,2026-09-18T04:51:00+00:00,2026-09-18T04:49:50.354986+00:00,2026-09-18T04:50:55.344700+00:00,64.989714,NIFTY|2026-09-22|23300|PE,13dbe4ca45cb407cbe2f9babd3e7da097a6ca0aa067f77fc09a7521bf92794af,587334ac7bd4e660554b4aecaf04ba2168bf7b9f4da0b8054d5825a09b9fb889,1.5499999999992724,-1.7999999999999972,-1.4500000000000028,0.20000000000000284,0.09999999999999432
2026-09-18,PE,2026-09-18T04:53:00+00:00,2026-09-18T04:51:50.343940+00:00,2026-09-18T04:52:55.330894+00:00,64.986954,NIFTY|2026-09-22|23300|PE,57e0c4ea9187b18916dbf0cd024cc26a4ba9e9662cb72642d43363a1410de85c,6059d0826ff8aad045dd392b4db84aa33ef3e4cf16b0bdba3149856a4f6e7d5a,-2.7000000000007276,1.1250000000000142,1.0499999999999972,0.25,0.20000000000000284
2026-09-18,PE,2026-09-18T04:54:00+00:00,2026-09-18T04:52:55.330894+00:00,2026-09-18T04:53:55.345293+00:00,60.014399,NIFTY|2026-09-22|23300|PE,6059d0826ff8aad045dd392b4db84aa33ef3e4cf16b0bdba3149856a4f6e7d5a,dbeb82045ea2519e7f761835100d0edf8903e16124a3df1f66a56b3d4a7c2651,-2.9500000000007276,1.1249999999999858,1.4000000000000057,0.20000000000000284,0.25
2026-09-18,PE,2026-09-18T04:56:00+00:00,2026-09-18T04:54:55.331437+00:00,2026-09-18T04:55:55.348233+00:00,60.016796,NIFTY|2026-09-22|23300|PE,f14a87e08cda5777376e53efd1327245f2d1396fbc3083b02372bd96367a3cf2,9d30b574191bbd8e34a2f0710b176a3737b1a1f61dfe1420ec09cf8a551ce634,2.0499999999992724,0.025000000000005684,-0.14999999999999147,0.30000000000001137,0.25
2026-09-18,PE,2026-09-18T04:58:00+00:00,2026-09-18T04:56:50.343345+00:00,2026-09-18T04:57:55.336924+00:00,64.993579,NIFTY|2026-09-22|23300|PE,5186fe9aa20d67496307b2cf7aabe5e22928a2811cb17aa43b5aa108d0e8db9f,136470af1412aff37c2569806031b3e298dd1ea8e14945f8d3d2cff75839be37,-1.7999999999992724,0.3500000000000085,0.10000000000000853,0.25,0.25
2026-09-18,PE,2026-09-18T04:59:00+00:00,2026-09-18T04:57:55.336924+00:00,2026-09-18T04:58:55.392570+00:00,60.055646,NIFTY|2026-09-22|23300|PE,136470af1412aff37c2569806031b3e298dd1ea8e14945f8d3d2cff75839be37,ce1f5b4f8a9f9752a421dc6e0dab28656069978b91bdf15e7003500ed9c686cc,7.099999999998545,-2.25,-2.0500000000000114,0.25,0.04999999999999716
2026-09-18,PE,2026-09-18T05:01:00+00:00,2026-09-18T04:59:55.331498+00:00,2026-09-18T05:00:55.347323+00:00,60.015825,NIFTY|2026-09-22|23300|PE,5eaa9e540c9686690c9a406b3ac200dac2198f70eaffe7bb3e5768f6b5877bd5,08416c7f8764f473d7baf3ec952614c7b3885ccc1eb259fc999cc25e4acc3977,2.350000000002183,-3.625,-3.799999999999997,0.25,0.19999999999998863
2026-09-18,PE,2026-09-18T05:02:00+00:00,2026-09-18T05:00:55.347323+00:00,2026-09-18T05:01:55.370501+00:00,60.023178,NIFTY|2026-09-22|23300|PE,08416c7f8764f473d7baf3ec952614c7b3885ccc1eb259fc999cc25e4acc3977,3821254bfaa2a23bc875a2482c1f454037852e94c0dc9ae2f40fcf3398747f25,-3.9500000000007276,3.75,3.8500000000000085,0.19999999999998863,0.19999999999998863
2026-09-18,PE,2026-09-18T05:04:00+00:00,2026-09-18T05:02:50.348268+00:00,2026-09-18T05:03:55.329674+00:00,64.981406,NIFTY|2026-09-22|23300|PE,7caa1b86cb370a71c447847178dca7f7be8922cba3a7e8a9e8d2bba57784f9cd,271372057055e2f3e6d771ea012987041176ec4d5bf1bbed6fd4de0c3bafad14,1.1000000000021828,0.375,0.3500000000000085,0.20000000000000284,0.25
2026-09-18,PE,2026-09-18T05:05:00+00:00,2026-09-18T05:03:55.329674+00:00,2026-09-18T05:04:55.358825+00:00,60.029151,NIFTY|2026-09-22|23300|PE,271372057055e2f3e6d771ea012987041176ec4d5bf1bbed6fd4de0c3bafad14,ac04e40ab1d4cd335074f916bf393510853b756c5482adcd6a570f136dcd037f,2.7999999999992724,-1.625,-1.4500000000000028,0.25,0.20000000000000284
2026-09-18,PE,2026-09-18T05:07:00+00:00,2026-09-18T05:05:50.340517+00:00,2026-09-18T05:06:55.330942+00:00,64.990425,NIFTY|2026-09-22|23300|PE,749d5ab7539bf87246e44b7b7d3edad398c205c9fad663025bd43f4a58a710b8,2de19a13c5e1cbcd9fa5e9a4f65d0495c1a3132277af9bd838d47e8efdeb7f5d,-0.3500000000021828,0.5749999999999886,0.6500000000000057,0.20000000000000284,0.25
2026-09-18,PE,2026-09-18T05:08:00+00:00,2026-09-18T05:06:55.330942+00:00,2026-09-18T05:07:55.337130+00:00,60.006188,NIFTY|2026-09-22|23300|PE,2de19a13c5e1cbcd9fa5e9a4f65d0495c1a3132277af9bd838d47e8efdeb7f5d,b3b0f6b544aed727d10342d177ef9b7a4d7653c740236b6636a71eae727a329a,3.900000000001455,-3.7750000000000057,-4.299999999999997,0.25,0.29999999999999716
2026-09-18,PE,2026-09-18T05:09:00+00:00,2026-09-18T05:07:55.337130+00:00,2026-09-18T05:08:55.343442+00:00,60.006312,NIFTY|2026-09-22|23300|PE,b3b0f6b544aed727d10342d177ef9b7a4d7653c740236b6636a71eae727a329a,b9346d6097dde0c9732d27d2ec70f1ab2d6e3e8a73db9e3ad2e63ebf461f4dd1,2.7999999999992724,1.0250000000000057,1.0499999999999972,0.29999999999999716,0.25
2026-09-18,PE,2026-09-18T05:11:00+00:00,2026-09-18T05:09:50.358502+00:00,2026-09-18T05:10:55.327592+00:00,64.96909,NIFTY|2026-09-22|23300|PE,d9743c4b2298cc816bc3d1b74d97b548365d951b407a1b7932172e5d8b596fd6,0cc282299779b78cbb33cfc733e18f03201dda32cd5535f836af883bbb6d04cd,-9.799999999999272,4.125,4.049999999999997,0.20000000000000284,0.25
2026-09-18,PE,2026-09-18T05:12:00+00:00,2026-09-18T05:10:55.327592+00:00,2026-09-18T05:11:55.355675+00:00,60.028083,NIFTY|2026-09-22|23300|PE,0cc282299779b78cbb33cfc733e18f03201dda32cd5535f836af883bbb6d04cd,e2f86c4ada26c0a40b4f7ad95510343ad403ff859ebddf6abdf022c8768f5ed5,4.150000000001455,-3.3000000000000114,-3.25,0.25,0.25
2026-09-18,PE,2026-09-18T05:13:00+00:00,2026-09-18T05:11:55.355675+00:00,2026-09-18T05:12:55.472999+00:00,60.117324,NIFTY|2026-09-22|23300|PE,e2f86c4ada26c0a40b4f7ad95510343ad403ff859ebddf6abdf022c8768f5ed5,067ec3f94ff2cdabff46f06e13d41fda9be7b0978066f48b7cd8e4090e3ccf24,3.0,0.125,0.3999999999999915,0.25,0.10000000000000853
2026-09-18,PE,2026-09-18T05:15:00+00:00,2026-09-18T05:13:50.363713+00:00,2026-09-18T05:14:55.347870+00:00,64.984157,NIFTY|2026-09-22|23300|PE,ec8dc5f7174ac249dcc1d42c9d66e3bbfe931ea5316e2bf6a63427216acb6b7a,0522e592af2b95fa13911d2996827f6e4e67fcfbf705c5d8f943499cce182f8a,0.3500000000021828,-0.8749999999999858,-1.1000000000000085,0.25,0.20000000000000284
2026-09-18,PE,2026-09-18T05:17:00+00:00,2026-09-18T05:15:55.341448+00:00,2026-09-18T05:16:55.556423+00:00,60.214975,NIFTY|2026-09-22|23300|PE,85efe529444096910287fa284a1f31f1976db278173e299c00025769b2ae0b20,c77dd658c6f7d3fea7969fd8356fc1aae46137a369a03ec86400e2be5928d5fd,-0.8999999999978172,0.25,0.3499999999999943,0.29999999999999716,0.29999999999999716
2026-09-18,PE,2026-09-18T05:19:00+00:00,2026-09-18T05:17:50.340630+00:00,2026-09-18T05:18:55.331861+00:00,64.991231,NIFTY|2026-09-22|23300|PE,386b241b6e72e160ed598eebfd27f51ba31f4b531f514192eaaf689f20173763,e376a6b70cf86f6a055c91c94f31bea7de732dd53e0bd337dc793f581c82f982,-0.5500000000029104,1.1500000000000057,1.0,0.20000000000000284,0.20000000000000284
2026-09-18,PE,2026-09-18T05:20:00+00:00,2026-09-18T05:18:55.331861+00:00,2026-09-18T05:19:55.340283+00:00,60.008422,NIFTY|2026-09-22|23300|PE,e376a6b70cf86f6a055c91c94f31bea7de732dd53e0bd337dc793f581c82f982,298093e77993d1a577b78f350e26565ee7fd7af539be90096cb55716a08e3b77,-0.25,-0.9000000000000057,-1.0499999999999972,0.20000000000000284,0.20000000000000284
2026-09-18,PE,2026-09-18T05:22:00+00:00,2026-09-18T05:20:55.339725+00:00,2026-09-18T05:21:55.342776+00:00,60.003051,NIFTY|2026-09-22|23300|PE,90c846f009712fc3e35c8be6ed19e8dcbdd4133345bbf1dd650d20c6f0a78240,3f1fd9f4ee7adb4d7b61e8af7af6c18136b50a1da7f35bc0b77da29688750a3f,5.900000000001455,-2.75,-3.049999999999997,0.20000000000000284,0.20000000000000284
2026-09-18,PE,2026-09-18T05:24:00+00:00,2026-09-18T05:22:55.331598+00:00,2026-09-18T05:23:55.348599+00:00,60.017001,NIFTY|2026-09-22|23300|PE,647658935703e91f455cb8b2534d955c14c91f676048ff62f9d182dd051d25ca,3bc30cd06ee1cdeef4dbcfa3044440a097c6117a0eabadcb44d4cf755c5e1858,-3.25,1.875,1.8500000000000085,0.25,0.09999999999999432
2026-09-18,PE,2026-09-18T05:26:00+00:00,2026-09-18T05:24:55.335388+00:00,2026-09-18T05:25:55.358752+00:00,60.023364,NIFTY|2026-09-22|23300|PE,b4162ff90b1cb278e6295a1c4d58e3d17a436a0cc2d65abcbb9201166ce7e63e,167bf3240ad143bfebab85fb8677ec0ef4b43dc7e2733cee693c26659d972fbe,3.2999999999992724,-2.424999999999997,-2.700000000000003,0.20000000000000284,0.25
2026-09-18,PE,2026-09-18T05:28:00+00:00,2026-09-18T05:26:50.349579+00:00,2026-09-18T05:27:55.337134+00:00,64.987555,NIFTY|2026-09-22|23300|PE,9924ee2b63d8987fd4c115b8f381b9418be3c3d5d6e1393275e585a0a7f08b00,a28525429f8329a3dbf58e5af9b0848d3194bc1acea99b8f83739e662c843cbd,3.7000000000007276,-1.799999999999983,-1.8499999999999943,0.20000000000000284,0.10000000000000853
2026-09-18,PE,2026-09-18T05:29:00+00:00,2026-09-18T05:27:55.337134+00:00,2026-09-18T05:28:55.346337+00:00,60.009203,NIFTY|2026-09-22|23300|PE,a28525429f8329a3dbf58e5af9b0848d3194bc1acea99b8f83739e662c843cbd,0e6b77557e03e20ef5416533c3053814571ec3fe9dc464bbc987ed5ac9c775b9,-5.200000000000728,2.7249999999999943,2.799999999999997,0.10000000000000853,0.25
2026-09-18,PE,2026-09-18T05:30:00+00:00,2026-09-18T05:28:55.346337+00:00,2026-09-18T05:29:55.352606+00:00,60.006269,NIFTY|2026-09-22|23300|PE,0e6b77557e03e20ef5416533c3053814571ec3fe9dc464bbc987ed5ac9c775b9,9c012501e0cf0dccf06cb5741330b5186e3c6e40cf6c3341d26d1e6ddfe230c0,2.5,-1.1500000000000057,-1.2999999999999972,0.25,0.25
2026-09-18,PE,2026-09-18T05:32:00+00:00,2026-09-18T05:30:55.338419+00:00,2026-09-18T05:31:55.358239+00:00,60.01982,NIFTY|2026-09-22|23300|PE,8b0d5527477b018c9ecfbb16ac2599787d1b95de9ff231c5ad8e22483b45e3eb,9d1cb36b0607d8b16471473d19b94198d9e2e6e0a120401aa4bb3ea628111b2f,-8.75,4.950000000000003,4.949999999999989,0.25,0.25
2026-09-18,PE,2026-09-18T05:33:00+00:00,2026-09-18T05:31:55.358239+00:00,2026-09-18T05:32:55.365555+00:00,60.007316,NIFTY|2026-09-22|23300|PE,9d1cb36b0607d8b16471473d19b94198d9e2e6e0a120401aa4bb3ea628111b2f,12ed1cfaf1a5e8c6427c04187a9ed7661343bcc1cc320463f40f4dbc0fda5815,5.400000000001455,-3.3499999999999943,-3.4499999999999886,0.25,0.15000000000000568
2026-09-18,PE,2026-09-18T05:35:00+00:00,2026-09-18T05:33:50.342525+00:00,2026-09-18T05:34:55.330764+00:00,64.988239,NIFTY|2026-09-22|23300|PE,2966354c294a01c57215f081ea10e12256986ecbe4ca04732cc2780ce77827b3,81dc151d8bbb22b9bdba4c30d6efdb0377161c69dc6a3065a745a9368f771dae,-3.5,1.5,1.9500000000000028,0.25,0.25
2026-09-18,PE,2026-09-18T05:36:00+00:00,2026-09-18T05:34:55.330764+00:00,2026-09-18T05:35:55.342825+00:00,60.012061,NIFTY|2026-09-22|23300|PE,81dc151d8bbb22b9bdba4c30d6efdb0377161c69dc6a3065a745a9368f771dae,c1b093683e316d01b66d03b714e8386d8da3642fe738d5ff3661ee3a3cd5a874,-8.700000000000728,4.0,3.9499999999999886,0.25,0.25
2026-09-18,PE,2026-09-18T05:37:00+00:00,2026-09-18T05:35:55.342825+00:00,2026-09-18T05:36:55.344304+00:00,60.001479,NIFTY|2026-09-22|23300|PE,c1b093683e316d01b66d03b714e8386d8da3642fe738d5ff3661ee3a3cd5a874,5b2faecb9c6762d6a23d3053b44558a679707af54759da9ec7bb05e4e24b2b34,4.450000000000728,-4.0,-4.0,0.25,0.25
2026-09-18,PE,2026-09-18T05:38:00+00:00,2026-09-18T05:36:55.344304+00:00,2026-09-18T05:37:55.524730+00:00,60.180426,NIFTY|2026-09-22|23300|PE,5b2faecb9c6762d6a23d3053b44558a679707af54759da9ec7bb05e4e24b2b34,6cfa38ab1b564c1cf3aad9ffc4b7dec0011e72d751d7c8d27259e47cd47e646a,3.7000000000007276,-2.2750000000000057,-1.8999999999999915,0.25,0.20000000000000284
2026-09-18,PE,2026-09-18T05:40:00+00:00,2026-09-18T05:38:55.338898+00:00,2026-09-18T05:39:55.341490+00:00,60.002592,NIFTY|2026-09-22|23300|PE,a05f18c7c5627f2996ead04298c1875de920e32d4d616b699f3cf4c8f4ad985e,2c597556c30eaebe8f535a0b4c4ae802bc816f4f63c61caefe0f2c741f16a777,0.7000000000007276,-0.3500000000000085,-0.5999999999999943,0.20000000000000284,0.09999999999999432
2026-09-18,PE,2026-09-18T05:41:00+00:00,2026-09-18T05:39:55.341490+00:00,2026-09-18T05:40:55.346642+00:00,60.005152,NIFTY|2026-09-22|23300|PE,2c597556c30eaebe8f535a0b4c4ae802bc816f4f63c61caefe0f2c741f16a777,7dabe0e5dc844a78f345060a9d3520cbc3c60bafaadcc8371a3eb14c5836c480,-1.5,1.6499999999999915,1.3999999999999915,0.09999999999999432,0.20000000000000284
2026-09-18,PE,2026-09-18T05:43:00+00:00,2026-09-18T05:41:50.348158+00:00,2026-09-18T05:42:55.341721+00:00,64.993563,NIFTY|2026-09-22|23300|PE,4f3be33cbe41e9eea87bfd88943a881a698b046fc63bbcb08541a6ad42d69ba2,8f69960b7ee5b4c94a8453ce54fb94a8b31e713b436895a82410519948831905,-3.899999999997817,2.325000000000003,2.1499999999999915,0.25,0.20000000000000284
2026-09-18,PE,2026-09-18T05:44:00+00:00,2026-09-18T05:42:55.341721+00:00,2026-09-18T05:43:55.346232+00:00,60.004511,NIFTY|2026-09-22|23300|PE,8f69960b7ee5b4c94a8453ce54fb94a8b31e713b436895a82410519948831905,26489806132679be734fc3002b83acc70f3a66f1b5b77e4b705088b44365093e,-1.5499999999992724,0.09999999999999432,0.29999999999999716,0.20000000000000284,0.30000000000001137
2026-09-18,PE,2026-09-18T05:47:00+00:00,2026-09-18T05:45:55.340762+00:00,2026-09-18T05:46:55.361609+00:00,60.020847,NIFTY|2026-09-22|23300|PE,6073500b60639897dd892da1ab7423678a068fa0ff1a02986c82ca11b1c6e6a0,2259ce6fbab10b1ab2d0321af748edad626c2a37749e9ba72973e664cf4b2d52,-1.4000000000014552,0.2750000000000057,0.3499999999999943,0.20000000000000284,0.15000000000000568
2026-09-18,PE,2026-09-18T05:48:00+00:00,2026-09-18T05:46:55.361609+00:00,2026-09-18T05:47:55.417249+00:00,60.05564,NIFTY|2026-09-22|23300|PE,2259ce6fbab10b1ab2d0321af748edad626c2a37749e9ba72973e664cf4b2d52,5cde15300a5ae1871aba3db9208e36ed2947be37646b3c2b3758a037886ad839,-4.5,2.799999999999997,2.700000000000003,0.15000000000000568,0.25
2026-09-18,PE,2026-09-18T05:50:00+00:00,2026-09-18T05:48:55.342673+00:00,2026-09-18T05:49:55.350635+00:00,60.007962,NIFTY|2026-09-22|23300|PE,d1e0fb06f45d5bfb2bdd6a1fb1595413f22dbebed7640e36b4324961f0601632,f2d2e16357f3e2f75a8bf21b23e7d4384cc3f7d5355e19848c005a137e1fb911,0.6499999999978172,0.7249999999999943,0.8999999999999915,0.25,0.19999999999998863
2026-09-18,PE,2026-09-18T05:53:00+00:00,2026-09-18T05:51:55.339299+00:00,2026-09-18T05:52:55.348748+00:00,60.009449,NIFTY|2026-09-22|23300|PE,d1d8115eada8029251dec1a5dc310ad6325e20fdfef78d3b42797a719e268688,18b29010dfa1cd26635bf5fe119b384880eedd9764bd345414428f103a346ad6,0.5,0.22499999999999432,0.29999999999999716,0.25,0.09999999999999432
2026-09-18,PE,2026-09-18T05:55:00+00:00,2026-09-18T05:53:55.333625+00:00,2026-09-18T05:54:55.333725+00:00,60.0001,NIFTY|2026-09-22|23300|PE,8ac4c78d163bca7cf8b1b27cbefd751df5058b21860b0a9259dc54044db1f48c,982780c526c6ed9240006e8c7517c4f6e3ebe318bf1736110f81f975dc6a7c74,-2.25,1.7250000000000085,1.5499999999999972,0.15000000000000568,0.20000000000000284
2026-09-18,PE,2026-09-18T05:56:00+00:00,2026-09-18T05:54:55.333725+00:00,2026-09-18T05:55:55.338226+00:00,60.004501,NIFTY|2026-09-22|23300|PE,982780c526c6ed9240006e8c7517c4f6e3ebe318bf1736110f81f975dc6a7c74,0f9798e8dc80f735429cbdf16f8852dc2f66ff0f32baa1d539816bc895691191,-3.25,2.0999999999999943,2.3500000000000085,0.20000000000000284,0.09999999999999432
2026-09-18,PE,2026-09-18T05:57:00+00:00,2026-09-18T05:55:55.338226+00:00,2026-09-18T05:56:55.347725+00:00,60.009499,NIFTY|2026-09-22|23300|PE,0f9798e8dc80f735429cbdf16f8852dc2f66ff0f32baa1d539816bc895691191,71c754f3b90d639d4d5c882f2bf260574ff14e051a8bdb4303095a438189e49d,-2.2999999999992724,1.7249999999999943,1.5999999999999943,0.09999999999999432,0.25
2026-09-18,PE,2026-09-18T05:59:00+00:00,2026-09-18T05:57:55.345802+00:00,2026-09-18T05:58:55.349348+00:00,60.003546,NIFTY|2026-09-22|23300|PE,4f437c31e2c1b7845c9f5425f5689ceefa6eb783ef340327d4370d7fd4d8a6fc,989c90269f84eba99c5e0e32bb3b1cc0f95f4f4116010ad07630025caf101c5c,-3.2000000000007276,2.200000000000003,1.8500000000000085,0.25,0.25
2026-09-18,PE,2026-09-18T06:03:00+00:00,2026-09-18T06:01:50.368719+00:00,2026-09-18T06:02:55.337358+00:00,64.968639,NIFTY|2026-09-22|23300|PE,6b2c2eeb2f16781bc2860aefc50c95c96977536667441fd005bdbe60c09e3404,4ec1c3b661f2c4194de9e48f08317de0d1869ebd443addcfb9b75018b41eb877,4.0,-1.4500000000000028,-1.6000000000000085,0.20000000000000284,0.09999999999999432
2026-09-18,PE,2026-09-18T06:04:00+00:00,2026-09-18T06:02:55.337358+00:00,2026-09-18T06:03:55.342842+00:00,60.005484,NIFTY|2026-09-22|23300|PE,4ec1c3b661f2c4194de9e48f08317de0d1869ebd443addcfb9b75018b41eb877,f456acf25eb28748d8abc6a501043e513ffca92cf3cc41d1ffe2db2c2bf2cdac,-5.55000000000291,3.424999999999997,3.1500000000000057,0.09999999999999432,0.25
2026-09-18,PE,2026-09-18T06:05:00+00:00,2026-09-18T06:03:55.342842+00:00,2026-09-18T06:04:55.355961+00:00,60.013119,NIFTY|2026-09-22|23300|PE,f456acf25eb28748d8abc6a501043e513ffca92cf3cc41d1ffe2db2c2bf2cdac,2840dd4e1e51c2545129cd0ba405dae48432a1d42a42d5d6bf5f68e68304c7b7,5.75,-3.0,-2.75,0.25,0.15000000000000568
2026-09-18,PE,2026-09-18T06:07:00+00:00,2026-09-18T06:05:55.339516+00:00,2026-09-18T06:06:55.357613+00:00,60.018097,NIFTY|2026-09-22|23300|PE,a2910ccf0ff14e43560c65c691f2e6130e4a17dc71c24a981831e5680fa9948e,eab379da0616005b5e9d6ebc9d34709ae69b662ff0eb07f5a112f60022f1f1bf,2.149999999997817,-1.6500000000000057,-1.7999999999999972,0.25,0.14999999999999147
2026-09-18,PE,2026-09-18T06:09:00+00:00,2026-09-18T06:07:50.346575+00:00,2026-09-18T06:08:55.340613+00:00,64.994038,NIFTY|2026-09-22|23300|PE,cd05e7a95d71fa0e5862efe97290510bb2d145fdae841aaa549d49ced45d2ade,a2784eed9ff68596ce6c192b7aed3fba9ff02047b0c7faddb3d84e75c40a7f22,1.8000000000029104,-0.674999999999983,-0.6999999999999886,0.14999999999999147,0.29999999999999716
2026-09-18,PE,2026-09-18T06:11:00+00:00,2026-09-18T06:09:55.332160+00:00,2026-09-18T06:10:55.346310+00:00,60.01415,NIFTY|2026-09-22|23300|PE,9b4c41a852332c039ec974226ab3e084bded163c1841f8344b72a0ea668f9ebf,0f241e7b9cd5b12e046b3fc7e1b20bf25bc484dfa1b8be0e138b7b54f5cbe0c2,0.8499999999985448,-0.125,-0.04999999999999716,0.20000000000000284,0.25
2026-09-18,PE,2026-09-18T06:12:00+00:00,2026-09-18T06:10:55.346310+00:00,2026-09-18T06:11:55.352485+00:00,60.006175,NIFTY|2026-09-22|23300|PE,0f241e7b9cd5b12e046b3fc7e1b20bf25bc484dfa1b8be0e138b7b54f5cbe0c2,99560c46638d82599d629ea53c955363b860458b7d424a7bf9a70b2f22abe421,1.4000000000014552,-1.1999999999999886,-1.2000000000000028,0.25,0.25
2026-09-18,PE,2026-09-18T06:14:00+00:00,2026-09-18T06:12:50.358680+00:00,2026-09-18T06:13:55.337632+00:00,64.978952,NIFTY|2026-09-22|23300|PE,c0afb93e848a869afa28f2da9834dccb0c42aa3a21cd7ee3b6fa4f3fe6068c87,5c97110de0a5039e5b3b0028af209fc28c0035f1ccc73dd37212210945998557,-4.049999999999272,1.75,1.7000000000000028,0.29999999999999716,0.20000000000000284
2026-09-18,PE,2026-09-18T06:15:00+00:00,2026-09-18T06:13:55.337632+00:00,2026-09-18T06:14:55.344391+00:00,60.006759,NIFTY|2026-09-22|23300|PE,5c97110de0a5039e5b3b0028af209fc28c0035f1ccc73dd37212210945998557,2890c3c3ce58f4c463af1547152ddb48941601b68fa89a521b7d779b21c81d61,0.3999999999978172,-0.024999999999991473,-0.14999999999999147,0.20000000000000284,0.25
2026-09-18,PE,2026-09-18T06:16:00+00:00,2026-09-18T06:14:55.344391+00:00,2026-09-18T06:15:55.346754+00:00,60.002363,NIFTY|2026-09-22|23300|PE,2890c3c3ce58f4c463af1547152ddb48941601b68fa89a521b7d779b21c81d61,b587dd60f3e20171603cc0c75591c49d390ef1001fe25f7d5c614f691296a940,4.900000000001455,-0.3499999999999943,-0.15000000000000568,0.25,0.25
2026-09-18,PE,2026-09-18T06:17:00+00:00,2026-09-18T06:15:55.346754+00:00,2026-09-18T06:16:55.347919+00:00,60.001165,NIFTY|2026-09-22|23300|PE,b587dd60f3e20171603cc0c75591c49d390ef1001fe25f7d5c614f691296a940,3d27882530caa4aad321089d69d910d7a11eff037b83c31b363812b4d0061c0d,3.4500000000007276,-2.4750000000000085,-2.5,0.25,0.20000000000000284
2026-09-18,PE,2026-09-18T06:19:00+00:00,2026-09-18T06:17:55.342411+00:00,2026-09-18T06:18:55.426623+00:00,60.084212,NIFTY|2026-09-22|23300|PE,20f9df5dc3efb268b99dbf019ba23e0ac715b2fbf5409f92c0ca60821fdd1cf8,e31a6e4f62a5294136416caaf32f10d712120b6d3abd7484f8c45e3e8bf28091,1.7999999999992724,-0.22499999999999432,-0.30000000000001137,0.15000000000000568,0.20000000000000284
2026-09-18,PE,2026-09-18T06:21:00+00:00,2026-09-18T06:19:55.338297+00:00,2026-09-18T06:20:55.343928+00:00,60.005631,NIFTY|2026-09-22|23300|PE,de98d5cd3ed232be8ecd99bccbc0d96fb91da8e579c7043624dc7be1a15dcf8f,75b24d7034b1258cdc099eb4b29a1bc5be2c66fd5a611a1da696651caf618344,1.0500000000029104,-0.5749999999999886,-0.3500000000000085,0.20000000000000284,0.15000000000000568
2026-09-18,PE,2026-09-18T06:22:00+00:00,2026-09-18T06:20:55.343928+00:00,2026-09-18T06:21:55.346620+00:00,60.002692,NIFTY|2026-09-22|23300|PE,75b24d7034b1258cdc099eb4b29a1bc5be2c66fd5a611a1da696651caf618344,70f8afdcf00427b10846a5560761517856f11bd89b3ce737dbca709771ccb796,-2.0500000000029104,-0.8499999999999943,-1.0,0.15000000000000568,0.25
2026-09-18,PE,2026-09-18T06:23:00+00:00,2026-09-18T06:21:55.346620+00:00,2026-09-18T06:22:55.349041+00:00,60.002421,NIFTY|2026-09-22|23300|PE,70f8afdcf00427b10846a5560761517856f11bd89b3ce737dbca709771ccb796,df797d8d5c5248226c7671cecc7955e34acfcc05c00ed24e515c22eacdcf7125,10.100000000002183,-5.075000000000017,-5.199999999999989,0.25,0.20000000000000284
2026-09-18,PE,2026-09-18T06:26:00+00:00,2026-09-18T06:24:55.344279+00:00,2026-09-18T06:25:55.347221+00:00,60.002942,NIFTY|2026-09-22|23300|PE,859baf39ea241e4c12b6285537d35798ab41f39a36d1e821b0ff3df1bd6e68a6,2e558ba09fa2535fe45bf0362a717cea0732b8b54092a29e7b95358272fee26c,-4.200000000000728,2.3000000000000114,2.200000000000003,0.04999999999999716,0.25
2026-09-18,PE,2026-09-18T06:32:00+00:00,2026-09-18T06:30:50.378075+00:00,2026-09-18T06:31:55.358158+00:00,64.980083,NIFTY|2026-09-22|23350|PE,86a3a1e13194e93e98fbeb9e1458ff08c79815b40d483de09c1fb6fb4ac2edab,b5f4649c78192ccbab970625bb4315e4ca72802537d533d17246df4a64e42bf2,-5.200000000000728,2.25,1.8499999999999943,0.25,0.25
2026-09-18,PE,2026-09-18T06:35:00+00:00,2026-09-18T06:33:50.376396+00:00,2026-09-18T06:34:55.340872+00:00,64.964476,NIFTY|2026-09-22|23300|PE,ba9e796d6596e24939d4439e3641603822698280abfadb74703f997cc5e02679,9beeba3832bfb7bc47d34b9a65959486b3aacf0c6388da6f917024f8b0fcc51e,-9.150000000001455,3.5249999999999915,4.0,0.20000000000000284,0.15000000000000568
2026-09-18,PE,2026-09-18T06:36:00+00:00,2026-09-18T06:34:55.340872+00:00,2026-09-18T06:35:55.348150+00:00,60.007278,NIFTY|2026-09-22|23300|PE,9beeba3832bfb7bc47d34b9a65959486b3aacf0c6388da6f917024f8b0fcc51e,e214f0f6ca5b3fdb5f38b98524c9b71203626be815f9abf1a1ba73f5c782738d,-2.099999999998545,2.75,2.450000000000003,0.15000000000000568,0.25
2026-09-18,PE,2026-09-18T06:37:00+00:00,2026-09-18T06:35:55.348150+00:00,2026-09-18T06:36:55.394972+00:00,60.046822,NIFTY|2026-09-22|23300|PE,e214f0f6ca5b3fdb5f38b98524c9b71203626be815f9abf1a1ba73f5c782738d,85917f075fcf274c4e185202316fb21a0dbb2d730e3fd646b031e06219995fe6,2.25,-3.6500000000000057,-3.450000000000003,0.25,0.15000000000000568
2026-09-18,PE,2026-09-18T06:41:00+00:00,2026-09-18T06:39:55.345119+00:00,2026-09-18T06:40:55.349382+00:00,60.004263,NIFTY|2026-09-22|23300|PE,53075557302df86f1d91e0d92c19c31bb677648101bfe8b66aaf58e0dea6d1fb,b64f984fb0b309d5538b18ce58c2f0555c0a4b32c1e495e47b6fcbbf61f6a5cc,1.0499999999992724,-0.5750000000000028,-0.3999999999999915,0.09999999999999432,0.25
2026-09-18,PE,2026-09-18T06:43:00+00:00,2026-09-18T06:41:55.346416+00:00,2026-09-18T06:42:55.559292+00:00,60.212876,NIFTY|2026-09-22|23300|PE,83520d64b3dcc436802259b5238eeba76452e366a45ddf2b5d2221b77993f43c,3896ede690a6057c69088a7312be2bc3dbc40da70744fc975a3687105e91dca1,2.149999999997817,0.6999999999999886,0.7000000000000028,0.20000000000000284,0.20000000000000284
2026-09-18,PE,2026-09-18T06:45:00+00:00,2026-09-18T06:43:50.344505+00:00,2026-09-18T06:44:55.334705+00:00,64.9902,NIFTY|2026-09-22|23300|PE,c6afb641c4f1d35ef0ab4e6b9a7e1688e80bb8805315f8b48c533a8425fd07ed,51db865a86963e8d77804618069f77577d498d86ddcc520dde9467b83ed6c14b,-1.7999999999992724,0.7750000000000057,0.9000000000000057,0.10000000000000853,0.15000000000000568
2026-09-18,PE,2026-09-18T06:46:00+00:00,2026-09-18T06:44:55.334705+00:00,2026-09-18T06:45:55.340591+00:00,60.005886,NIFTY|2026-09-22|23300|PE,51db865a86963e8d77804618069f77577d498d86ddcc520dde9467b83ed6c14b,c51305926bd4e199299f7dc0b35c2b25d7be03de3bc4631e65a2e307ec56452e,-1.8499999999985448,0.125,0.20000000000000284,0.15000000000000568,0.19999999999998863
2026-09-18,PE,2026-09-18T06:48:00+00:00,2026-09-18T06:46:55.338315+00:00,2026-09-18T06:47:55.357392+00:00,60.019077,NIFTY|2026-09-22|23300|PE,df5fbceebbc5422d81f0317fd9c2c80c5023369d0fd93474e0d4ebeef8398e45,870b4f5422d603670573b178eaba32d690cd8982e14d8d3e6d58bf016cb5d78b,-2.600000000002183,1.1000000000000085,1.1000000000000085,0.09999999999999432,0.10000000000000853
2026-09-18,PE,2026-09-18T06:50:00+00:00,2026-09-18T06:48:55.335863+00:00,2026-09-18T06:49:55.347231+00:00,60.011368,NIFTY|2026-09-22|23300|PE,57f7e9a83ebe3b99d89a78a83be390460285237d0c7b3ba66fe3f94dc744c4a7,d16b7253768ff6dd815bf10e0fca65cb98c0ceb8b29acdacad7f70af5c42cac7,-5.450000000000728,0.8749999999999858,0.7999999999999972,0.25,0.20000000000000284
2026-09-18,PE,2026-09-18T06:52:00+00:00,2026-09-18T06:50:55.341501+00:00,2026-09-18T06:51:55.367133+00:00,60.025632,NIFTY|2026-09-22|23300|PE,963aeb73916e084907415e47e97f001d5fbeb33760091848d02700cc18e1cb4f,9af99f327c2e020542dc6e6fc4bdb0b9bdb68b0b0c825a775aa089917d7eb540,4.650000000001455,-2.4000000000000057,-1.9500000000000028,0.25,0.15000000000000568
2026-09-18,PE,2026-09-18T06:54:00+00:00,2026-09-18T06:52:55.339512+00:00,2026-09-18T06:53:55.341053+00:00,60.001541,NIFTY|2026-09-22|23300|PE,1c38159fbbbdfa42da3417211cc17012e185956be84c13d73788f90d598905f1,8af9e932fc819584b2a4da88e0aa8777f64df816eb09d3147513b16a1349e380,2.649999999997817,-1.875,-1.6500000000000057,0.15000000000000568,0.09999999999999432
2026-09-18,PE,2026-09-18T06:56:00+00:00,2026-09-18T06:54:55.332644+00:00,2026-09-18T06:55:55.334726+00:00,60.002082,NIFTY|2026-09-22|23300|PE,8c0208d7591427542d2dc17f07c43c80237e87f60b74d2884ca874f636d66cfa,c4d66dd2ab05697974948cec0f4eb147cf71dceb0e8a10c91301632508cf3124,-0.8499999999985448,1.5749999999999886,1.6000000000000085,0.20000000000000284,0.14999999999999147
2026-09-18,PE,2026-09-18T06:57:00+00:00,2026-09-18T06:55:55.334726+00:00,2026-09-18T06:56:55.340741+00:00,60.006015,NIFTY|2026-09-22|23300|PE,c4d66dd2ab05697974948cec0f4eb147cf71dceb0e8a10c91301632508cf3124,d1d9cb26425c1abbfafcd4ac9c7679cf0e1538503b2fdb984da20fb09b991c14,-1.3500000000021828,-0.2750000000000057,-0.30000000000001137,0.14999999999999147,0.20000000000000284
2026-09-18,PE,2026-09-18T06:58:00+00:00,2026-09-18T06:56:55.340741+00:00,2026-09-18T06:57:55.750815+00:00,60.410074,NIFTY|2026-09-22|23300|PE,d1d9cb26425c1abbfafcd4ac9c7679cf0e1538503b2fdb984da20fb09b991c14,c751007529e4e3c26af62f5b34292c4a947b9815978e51d08c247f85a4ce604d,2.5,-1.799999999999983,-1.6499999999999915,0.20000000000000284,0.10000000000000853
2026-09-18,PE,2026-09-18T07:00:00+00:00,2026-09-18T06:58:50.348513+00:00,2026-09-18T06:59:55.345515+00:00,64.997002,NIFTY|2026-09-22|23300|PE,79bd47eef0fc34ee405c42fdcbf8a56c2a708764ba3957d7e0a51280c363d66d,7332583325288af80e0ca41c467aaf2f75eb0d447d29f415b2908580a16bb36c,0.6499999999978172,-0.5,-0.45000000000000284,0.25,0.25
2026-09-18,PE,2026-09-18T07:05:00+00:00,2026-09-18T07:03:55.335039+00:00,2026-09-18T07:04:55.349515+00:00,60.014476,NIFTY|2026-09-22|23300|PE,1a693d8f4b017b8172fc2e8ee02f9f4de5293982e4a32c09bdeb7689dd9a561e,81e996656c143c5e5a138151f9207426ed5f37ed5ce97f27edbd043306351012,-0.6500000000014552,-0.5250000000000057,-0.7000000000000028,0.20000000000000284,0.15000000000000568
2026-09-18,PE,2026-09-18T07:08:00+00:00,2026-09-18T07:06:55.339558+00:00,2026-09-18T07:07:55.341078+00:00,60.00152,NIFTY|2026-09-22|23350|PE,efe6bfa11618f4d8850acc39284bf9af5a194560e41e67cae6d021b72df51511,4c29a94c84eb304889721c0ced50954df3e942762239c770021958919fd8634f,1.3500000000021828,-0.15000000000000568,0.0,0.25,0.04999999999999716
2026-09-18,PE,2026-09-18T07:09:00+00:00,2026-09-18T07:07:55.341078+00:00,2026-09-18T07:08:55.679988+00:00,60.33891,NIFTY|2026-09-22|23350|PE,4c29a94c84eb304889721c0ced50954df3e942762239c770021958919fd8634f,d825575a5eb647f29e627da4ae97d8c25deee3da2f407b12f3cc911307fff3a8,-2.9500000000007276,2.450000000000017,2.3500000000000085,0.04999999999999716,0.25
2026-09-18,PE,2026-09-18T07:12:00+00:00,2026-09-18T07:10:55.341383+00:00,2026-09-18T07:11:55.344866+00:00,60.003483,NIFTY|2026-09-22|23350|PE,cd692dd7469994603cb09011376422b41859b70b36163a1d9c244af7b0576f5b,c62208fb6b79c9b43968ba636c7b5c3176d235919acf6f42f7d1fa15df8c8545,1.5,-0.32500000000000284,-0.3499999999999943,0.15000000000000568,0.20000000000000284
2026-09-18,PE,2026-09-18T07:14:00+00:00,2026-09-18T07:12:55.342261+00:00,2026-09-18T07:13:55.347583+00:00,60.005322,NIFTY|2026-09-22|23350|PE,31a7affaf3e5fb9bda95632e8ef27ec8f650d97239652c1007016d511cc304a0,a375c1558325453d9335e84b0a99081ea9d323f5f6281e5f20c1d31b612e5692,3.850000000002183,-1.6000000000000227,-1.8500000000000085,0.20000000000000284,0.20000000000000284
2026-09-18,PE,2026-09-18T07:15:00+00:00,2026-09-18T07:13:55.347583+00:00,2026-09-18T07:14:55.551157+00:00,60.203574,NIFTY|2026-09-22|23350|PE,a375c1558325453d9335e84b0a99081ea9d323f5f6281e5f20c1d31b612e5692,a8badb79d88a425496cb7f6dab720f496e5dfd22d0080752c7a5b14c8a9e95da,-4.25,2.325000000000017,2.6000000000000085,0.20000000000000284,0.25
2026-09-18,PE,2026-09-18T07:17:00+00:00,2026-09-18T07:15:55.340990+00:00,2026-09-18T07:16:55.361834+00:00,60.020844,NIFTY|2026-09-22|23350|PE,1526b723cf97dd1af7a2dedeafbdbef939f2584ea31e8e24a11ae86c3b8df451,d2b7a0b186e8f58b3377edf7b3d78086084929c0c07a5a2a4cdd20e320c6927d,0.7000000000007276,-1.4250000000000114,-1.5,0.25,0.20000000000000284
2026-09-18,PE,2026-09-18T07:19:00+00:00,2026-09-18T07:17:50.349092+00:00,2026-09-18T07:18:55.329618+00:00,64.980526,NIFTY|2026-09-22|23350|PE,d23e176f9b5c5fedbca826f1c546c1a2da1707961b0d3d6b829b07daa6f8ef51,99b60c538177151bcebd06a68604c7fc89ce7f30e4dd81c6ff15aeaf0297279c,-3.099999999998545,0.9750000000000085,1.3499999999999943,0.25,0.29999999999999716
2026-09-18,PE,2026-09-18T07:21:00+00:00,2026-09-18T07:19:55.348848+00:00,2026-09-18T07:20:55.364171+00:00,60.015323,NIFTY|2026-09-22|23350|PE,b7cf2e5c88ab99a1086ce361a85ea0197a401d7799d4c06df83404f2d015364e,57a1d2d22ff94f912ae60871d219cf953385c3e8f9addeb614fd9219924460ba,1.2999999999992724,-0.6749999999999972,-0.3500000000000085,0.25,0.20000000000000284
2026-09-18,PE,2026-09-18T07:24:00+00:00,2026-09-18T07:22:55.354581+00:00,2026-09-18T07:23:55.357430+00:00,60.002849,NIFTY|2026-09-22|23350|PE,a2397f54b52c8ffcc17b68f523b46ffbfc8d504592922d7c65b4c26fc4eb2373,6848ea3b9b8d8708cce27cbcb819bcf197d26c3cbdf89b9b68b071a67efbca0d,-0.3499999999985448,-1.2999999999999972,-1.2999999999999972,0.25,0.15000000000000568
2026-09-18,PE,2026-09-18T07:25:00+00:00,2026-09-18T07:23:55.357430+00:00,2026-09-18T07:24:55.363765+00:00,60.006335,NIFTY|2026-09-22|23350|PE,6848ea3b9b8d8708cce27cbcb819bcf197d26c3cbdf89b9b68b071a67efbca0d,9eeff5fd3b2e85ab0f58eb43ed799af3581ee1b044ce4ddbaceae9989d85380f,3.650000000001455,-1.6500000000000057,-1.5,0.15000000000000568,0.25
2026-09-18,PE,2026-09-18T07:26:00+00:00,2026-09-18T07:24:55.363765+00:00,2026-09-18T07:25:55.364413+00:00,60.000648,NIFTY|2026-09-22|23350|PE,9eeff5fd3b2e85ab0f58eb43ed799af3581ee1b044ce4ddbaceae9989d85380f,4c4194a07148abd20344b8c4d822e317b090f33695dc5698a0756e530e2e187b,-3.150000000001455,0.05000000000001137,0.0,0.25,0.25
2026-09-18,PE,2026-09-18T07:31:00+00:00,2026-09-18T07:29:50.361391+00:00,2026-09-18T07:30:55.352784+00:00,64.991393,NIFTY|2026-09-22|23350|PE,09e08429643a71006af98e949b242d23c8d0c9136cfdf05ee4259654729d3d4f,a33441b8ddc2527162306826379bad3a47ad9cd239e514d731ac00da72c4f92a,-0.09999999999854481,0.42500000000001137,0.5,0.25,0.20000000000000284
2026-09-18,PE,2026-09-18T07:32:00+00:00,2026-09-18T07:30:55.352784+00:00,2026-09-18T07:31:55.365063+00:00,60.012279,NIFTY|2026-09-22|23350|PE,a33441b8ddc2527162306826379bad3a47ad9cd239e514d731ac00da72c4f92a,dd037e7e2a1923dc9a51faf605139df05d47f2ef25e0e930b6669468b41c3fc5,3.25,-0.825000000000017,-0.9000000000000057,0.20000000000000284,0.25
2026-09-18,PE,2026-09-18T07:34:00+00:00,2026-09-18T07:32:55.356689+00:00,2026-09-18T07:33:55.357589+00:00,60.0009,NIFTY|2026-09-22|23350|PE,6cc46c9c425b1579b2165f9bd640f799d925e4da8b66479521f7296caccdf4eb,7b74ef54bf62e16fa51210345a701a27ff454935072e4309917fb9f1a1aee422,-0.5999999999985448,0.5,0.19999999999998863,0.15000000000000568,0.25
2026-09-18,PE,2026-09-18T07:35:00+00:00,2026-09-18T07:33:55.357589+00:00,2026-09-18T07:34:55.359074+00:00,60.001485,NIFTY|2026-09-22|23350|PE,7b74ef54bf62e16fa51210345a701a27ff454935072e4309917fb9f1a1aee422,56acc54dd838128ce336167623fd3eadbf5c558e8b251381e197c55c6fee4b8f,1.5499999999992724,-0.4000000000000057,-0.25,0.25,0.25
2026-09-18,PE,2026-09-18T07:37:00+00:00,2026-09-18T07:35:50.363116+00:00,2026-09-18T07:36:55.350581+00:00,64.987465,NIFTY|2026-09-22|23350|PE,30ea0e081d6c8e0a4f3702557a3706d9506093a3f63fbd8e99af007e0f25e68a,2c65fa5d4c834d7d5c43516e1317c45eb7e8452f9b4af0f4c62c7b4d3acc4ae1,1.1499999999978172,-0.07499999999998863,-0.20000000000000284,0.25,0.10000000000000853
2026-09-18,PE,2026-09-18T07:38:00+00:00,2026-09-18T07:36:55.350581+00:00,2026-09-18T07:37:55.353298+00:00,60.002717,NIFTY|2026-09-22|23350|PE,2c65fa5d4c834d7d5c43516e1317c45eb7e8452f9b4af0f4c62c7b4d3acc4ae1,e4689f8dfdbd9d09bf0b4a19637abbe9c63587713cc7778956fc009594a56e69,0.7000000000007276,-1.2750000000000057,-0.8500000000000085,0.10000000000000853,0.25
2026-09-18,PE,2026-09-18T07:39:00+00:00,2026-09-18T07:37:55.353298+00:00,2026-09-18T07:38:55.361444+00:00,60.008146,NIFTY|2026-09-22|23350|PE,e4689f8dfdbd9d09bf0b4a19637abbe9c63587713cc7778956fc009594a56e69,8f64d2e8c1be9168a1b1d0ba9f75e95101c4810d9432b8ef3f7ca0b3b2822997,-0.9000000000014552,0.25,0.10000000000000853,0.25,0.15000000000000568
2026-09-18,PE,2026-09-18T07:40:00+00:00,2026-09-18T07:38:55.361444+00:00,2026-09-18T07:39:55.767692+00:00,60.406248,NIFTY|2026-09-22|23350|PE,8f64d2e8c1be9168a1b1d0ba9f75e95101c4810d9432b8ef3f7ca0b3b2822997,a2b78695366d293d2f197588ada4e29a5effc30fa206460751c0f6b9b83343d7,-0.5999999999985448,0.0,0.04999999999999716,0.15000000000000568,0.25
2026-09-18,PE,2026-09-18T07:42:00+00:00,2026-09-18T07:40:55.366666+00:00,2026-09-18T07:41:55.374964+00:00,60.008298,NIFTY|2026-09-22|23350|PE,ad1949350c6c5d76110d03946f7a6c66566cc16b38a6ff0a48e19f44591c336a,b2c2a7a7c1d0973cefe2520b64170a06b787b08b8d8a5050f317f9ca34041bfd,-4.19999999999709,1.9500000000000028,1.9000000000000057,0.25,0.15000000000000568
2026-09-18,PE,2026-09-18T07:43:00+00:00,2026-09-18T07:41:55.374964+00:00,2026-09-18T07:42:55.386012+00:00,60.011048,NIFTY|2026-09-22|23350|PE,b2c2a7a7c1d0973cefe2520b64170a06b787b08b8d8a5050f317f9ca34041bfd,7983c50d85373b4cf0699cc43d01a4ec3173a76a7e1b2e52b736915912be19b2,4.0,-1.1499999999999915,-1.25,0.15000000000000568,0.14999999999999147
2026-09-18,PE,2026-09-18T07:45:00+00:00,2026-09-18T07:43:55.348306+00:00,2026-09-18T07:44:55.541576+00:00,60.19327,NIFTY|2026-09-22|23350|PE,9a3c7e26b72bde5d133f67fbaa197c0058a67af59872c5e043c89ec53a15e63b,98a9b7ae6c22a3ee0e49e915739984704af7350f5d118c35e22c3628a16e3c14,0.2999999999992724,-0.8750000000000142,-0.6499999999999915,0.25,0.20000000000000284
2026-09-18,PE,2026-09-18T07:56:00+00:00,2026-09-18T07:54:55.346485+00:00,2026-09-18T07:55:55.368466+00:00,60.021981,NIFTY|2026-09-22|23300|PE,2863331a0c0a4933ac8760116bf7116fc8408adc1c1f30b0e61882fcc3e19088,6c2be300a69e5206f0481e421c4a645865879e509e0a26bfdbe5081c96a8be04,-1.6000000000021828,0.4749999999999943,0.5499999999999972,0.15000000000000568,0.09999999999999432
2026-09-18,PE,2026-09-18T08:00:00+00:00,2026-09-18T07:58:55.347504+00:00,2026-09-18T07:59:55.353659+00:00,60.006155,NIFTY|2026-09-22|23300|PE,c76ea3a3bb266b47e497af8575795146bbabde4ebf7cdc59d407791ecbea92da,b22c57514f5a6ff18b92979224cf86ea0695eb15f72502a57da11f40cf1227bb,-0.9000000000014552,0.75,0.9000000000000057,0.10000000000000853,0.20000000000000284
2026-09-18,PE,2026-09-18T08:05:00+00:00,2026-09-18T08:03:55.351203+00:00,2026-09-18T08:04:55.354703+00:00,60.0035,NIFTY|2026-09-22|23350|PE,c66834a8b181dd1dea589404f8ccbb37a3d15195e8002396945360813a45d710,cabaf376a6b5d4e95ce0d645266cc393f4b6d4212cfdbbc284a5f3530c883638,-1.7999999999992724,2.8499999999999943,2.6500000000000057,0.14999999999999147,0.25
2026-09-18,PE,2026-09-18T08:07:00+00:00,2026-09-18T08:05:50.356649+00:00,2026-09-18T08:06:55.350533+00:00,64.993884,NIFTY|2026-09-22|23300|PE,b660e2cc2af513534018c4407a22814974dcf3011cd885bdc2e6cc36c8f516f3,10895a1a4027a8bcfb4d2ea87407a937e80954c97335c3ba134248cc2d5f5e24,-1.8999999999978172,0.17499999999999716,0.29999999999999716,0.10000000000000853,0.25
2026-09-18,PE,2026-09-18T08:11:00+00:00,2026-09-18T08:09:50.353892+00:00,2026-09-18T08:10:55.348739+00:00,64.994847,NIFTY|2026-09-22|23300|PE,1da8b8e48f8ed02a0da6bb76de386a417d80bdcb5380cb14de304f6b917fb40e,9ce70cbff7f05ee4d1702045b5eac84b822fe6aea94d920039b78c709391b760,-2.3000000000029104,1.5750000000000028,1.6499999999999915,0.20000000000000284,0.15000000000000568
2026-09-18,PE,2026-09-18T08:12:00+00:00,2026-09-18T08:10:55.348739+00:00,2026-09-18T08:11:55.361158+00:00,60.012419,NIFTY|2026-09-22|23300|PE,9ce70cbff7f05ee4d1702045b5eac84b822fe6aea94d920039b78c709391b760,e795228549a89d7caf5816afeb8e02dc539d54bc6fafb69b56fea903aab87b88,-3.1999999999970896,1.0249999999999915,0.7999999999999972,0.15000000000000568,0.20000000000000284
2026-09-18,PE,2026-09-18T08:14:00+00:00,2026-09-18T08:12:55.354088+00:00,2026-09-18T08:13:55.370030+00:00,60.015942,NIFTY|2026-09-22|23300|PE,1a46569fa2a1b7dc98c29dc8249bd0b75de0ca2d7df8680977f53803a34c7a1a,9fdf0b3b4ddb535324ec1a4bc0e5893122925e5e46282a903f5da3d81162b7b3,-3.850000000002183,1.2750000000000057,1.3500000000000085,0.14999999999999147,0.19999999999998863
2026-09-18,PE,2026-09-18T08:16:00+00:00,2026-09-18T08:14:55.347563+00:00,2026-09-18T08:15:55.355331+00:00,60.007768,NIFTY|2026-09-22|23300|PE,4bbbec173ad5db1385455fc7894dd7e1dbc119e644cef3561cf5e4000d2646f5,bcef86b57b1ddd66bb3dc03db928036ea0d9e00a273028c6c0293aa98d020a23,-1.5499999999992724,0.19999999999998863,0.5,0.04999999999999716,0.25
2026-09-18,PE,2026-09-18T08:18:00+00:00,2026-09-18T08:16:55.350819+00:00,2026-09-18T08:17:55.362033+00:00,60.011214,NIFTY|2026-09-22|23300|PE,8bd45138048e6908d1f7fd4caf76271314d52f40e97971a2c0292f8f00472c47,6d0210ceb9951e867f6aea35a16ffc88a94849967b2239877116f339658c409c,4.349999999998545,-1.7750000000000057,-2.0,0.14999999999999147,0.20000000000000284
2026-09-18,PE,2026-09-18T08:20:00+00:00,2026-09-18T08:18:55.346467+00:00,2026-09-18T08:19:55.359882+00:00,60.013415,NIFTY|2026-09-22|23300|PE,7ef5d11be41711948aec75090c382e3ca010f85a0944ab5285280afc75cb24c8,74c161b32010e0ee89d4e3b39ab6d9a39b12e3ff0ea64c64ea0119606df0ff84,1.25,-1.3249999999999886,-1.2000000000000028,0.25,0.20000000000000284
2026-09-18,PE,2026-09-18T08:21:00+00:00,2026-09-18T08:19:55.359882+00:00,2026-09-18T08:20:55.369034+00:00,60.009152,NIFTY|2026-09-22|23300|PE,74c161b32010e0ee89d4e3b39ab6d9a39b12e3ff0ea64c64ea0119606df0ff84,7f782b19502aa72c0273eb0d3d8df541d6888558add24975e1f554cd4f65df6b,4.799999999999272,-2.8000000000000114,-2.700000000000003,0.20000000000000284,0.20000000000000284
2026-09-18,PE,2026-09-18T08:23:00+00:00,2026-09-18T08:21:50.370630+00:00,2026-09-18T08:22:55.340722+00:00,64.970092,NIFTY|2026-09-22|23350|PE,2d4cb9bc23810534a0b57f07062b9be78a06ebf9967b10ece159f23e6d95e782,45fffa56e33bffaa009fd4b9100647c8595eca177bda40b312dce28873e63f04,0.4500000000007276,1.3249999999999886,0.8500000000000085,0.20000000000000284,0.25
2026-09-18,PE,2026-09-18T08:24:00+00:00,2026-09-18T08:22:55.340722+00:00,2026-09-18T08:23:55.342187+00:00,60.001465,NIFTY|2026-09-22|23350|PE,45fffa56e33bffaa009fd4b9100647c8595eca177bda40b312dce28873e63f04,e022dd569310fc8000da58652f079ad7ccf8431b02e3bd4bfdea425f96d51a27,-0.25,-0.4749999999999943,-0.4000000000000057,0.25,0.20000000000000284
2026-09-18,PE,2026-09-18T08:25:00+00:00,2026-09-18T08:23:55.342187+00:00,2026-09-18T08:24:55.357696+00:00,60.015509,NIFTY|2026-09-22|23350|PE,e022dd569310fc8000da58652f079ad7ccf8431b02e3bd4bfdea425f96d51a27,f3783f5ace7bc4660a0c59daa1ffb1dc2b6c07e577b8e3c75291a1c95b063ca1,3.4500000000007276,-1.4000000000000057,-1.0,0.20000000000000284,0.19999999999998863
2026-09-18,PE,2026-09-18T08:27:00+00:00,2026-09-18T08:25:55.353736+00:00,2026-09-18T08:26:55.358823+00:00,60.005087,NIFTY|2026-09-22|23350|PE,4ea9d8999c4fcdb04195bc697da686da52969730764805a71f36c456b4917108,bee6379fae5c5c65c54d3d6f1f1f1006beb654fdfbb844fade48bb8538c48a78,0.2000000000007276,-1.0499999999999972,-0.7999999999999972,0.25,0.25
2026-09-18,PE,2026-09-18T08:28:00+00:00,2026-09-18T08:26:55.358823+00:00,2026-09-18T08:27:55.375606+00:00,60.016783,NIFTY|2026-09-22|23350|PE,bee6379fae5c5c65c54d3d6f1f1f1006beb654fdfbb844fade48bb8538c48a78,cc40481e61dcd822b7dea87f865460f04367e027d26d807a24f9073940107ca6,0.75,-0.20000000000000284,-0.20000000000000284,0.25,0.25
2026-09-18,PE,2026-09-18T08:30:00+00:00,2026-09-18T08:28:55.366972+00:00,2026-09-18T08:29:55.394404+00:00,60.027432,NIFTY|2026-09-22|23350|PE,add4cf54518a567ac0f207fee3c8b74ba9d8c571e577dde611f9a9a0d87fb389,38c1aa83984dddf0a039a09480758552fd42b1d54e4eeb51d055a8ff7a2984cc,-3.8000000000029104,2.0,2.25,0.25,0.25
2026-09-18,PE,2026-09-18T08:31:00+00:00,2026-09-18T08:29:55.394404+00:00,2026-09-18T08:30:55.537656+00:00,60.143252,NIFTY|2026-09-22|23350|PE,38c1aa83984dddf0a039a09480758552fd42b1d54e4eeb51d055a8ff7a2984cc,d964556046d4ff9b5d3a7d38dabb9b3a069f15ed43d91b74bfc48998039b322a,1.25,-1.674999999999983,-1.7000000000000028,0.25,0.29999999999999716
2026-09-18,PE,2026-09-18T08:33:00+00:00,2026-09-18T08:31:55.364757+00:00,2026-09-18T08:32:55.399512+00:00,60.034755,NIFTY|2026-09-22|23350|PE,f7d024d689d96913fbde867228004e224fd842e42fb26c2bb6372bfbba8acb81,e1ba5dadfa34268ace07b9948807e75f2759a5cccf9bc3f80fd8af0a08f9c727,1.7000000000007276,-1.4249999999999972,-1.4500000000000028,0.09999999999999432,0.25
2026-09-18,PE,2026-09-18T08:34:00+00:00,2026-09-18T08:32:55.399512+00:00,2026-09-18T08:33:55.698014+00:00,60.298502,NIFTY|2026-09-22|23350|PE,e1ba5dadfa34268ace07b9948807e75f2759a5cccf9bc3f80fd8af0a08f9c727,05cdb0bbea1ba37c49fb120bb1047d6af5ba5dc62ab549777410e5c29759738c,2.4500000000007276,-1.4749999999999943,-1.5,0.25,0.20000000000000284
2026-09-18,PE,2026-09-18T08:36:00+00:00,2026-09-18T08:34:55.360702+00:00,2026-09-18T08:35:55.376574+00:00,60.015872,NIFTY|2026-09-22|23350|PE,50ccbe0cdbc6c1026abe832acdbaef1748aba1ff9c0e2acf270e5e6e7c113e8a,83ec6fa3f0226250a92d8bc4ea6906c3e5f42f9f4b48d8565cf1274455590832,4.25,-0.875,-1.0499999999999972,0.25,0.09999999999999432
2026-09-18,PE,2026-09-18T08:38:00+00:00,2026-09-18T08:36:55.368362+00:00,2026-09-18T08:37:55.448822+00:00,60.08046,NIFTY|2026-09-22|23350|PE,61d7040b21ecb4908c344711e3165d39f00c632b861c9e7c971d856309bb2f83,8807bda0f969b743e7ac6667f12d999499c6a8de42c232ae48610704f006ddd4,3.600000000002183,0.45000000000000284,0.45000000000000284,0.19999999999998863,0.09999999999999432
2026-09-18,PE,2026-09-18T08:40:00+00:00,2026-09-18T08:38:50.358200+00:00,2026-09-18T08:39:55.355835+00:00,64.997635,NIFTY|2026-09-22|23350|PE,923b641a8389bad606b5dab7f572b800d6c6a61247c0340ef5c69ea8f2557ce7,2465f3ddf81993896e659c0c78bf739d7613cfd7ea487cda667f4f14d6d68006,10.400000000001455,-3.200000000000003,-2.950000000000003,0.15000000000000568,0.15000000000000568
2026-09-18,PE,2026-09-18T08:41:00+00:00,2026-09-18T08:39:55.355835+00:00,2026-09-18T08:40:55.401776+00:00,60.045941,NIFTY|2026-09-22|23350|PE,2465f3ddf81993896e659c0c78bf739d7613cfd7ea487cda667f4f14d6d68006,47c49f753ddb5274712c55aea36a912d29c6b38cbae5274a70b99b19a97419ee,1.5499999999992724,-1.5750000000000028,-1.5499999999999972,0.15000000000000568,0.20000000000000284
2026-09-18,PE,2026-09-18T08:43:00+00:00,2026-09-18T08:41:55.348177+00:00,2026-09-18T08:42:55.387846+00:00,60.039669,NIFTY|2026-09-22|23350|PE,90a225a32239f754763c30274bc218d8a7dded7beab94d5e5d82366c17aace1a,023920b1c4106d2a50225629a0a1c682bde143fdc1c7b77bd5de7f8e18ab96a4,-1.9000000000014552,0.9750000000000085,1.1000000000000085,0.10000000000000853,0.15000000000000568
2026-09-18,PE,2026-09-18T08:45:00+00:00,2026-09-18T08:43:50.375575+00:00,2026-09-18T08:44:55.350824+00:00,64.975249,NIFTY|2026-09-22|23350|PE,c596dc3a9d5d8d4f468387fdede92635b98ab3eaf1c429aaaccb74aac0e46959,f98959e74f68fd2a31559d717ec02009bee1f87ff15a0337d5b6f4b5ccad826b,0.4500000000007276,0.19999999999998863,0.10000000000000853,0.25,0.25
2026-09-18,PE,2026-09-18T08:46:00+00:00,2026-09-18T08:44:55.350824+00:00,2026-09-18T08:45:55.360220+00:00,60.009396,NIFTY|2026-09-22|23350|PE,f98959e74f68fd2a31559d717ec02009bee1f87ff15a0337d5b6f4b5ccad826b,453b6ca50bb95b878bf5a291c40ae3023aaba2eebd8d55cd96c655244adf9571,2.25,-1.3999999999999915,-1.1000000000000085,0.25,0.15000000000000568
2026-09-18,PE,2026-09-18T08:48:00+00:00,2026-09-18T08:46:50.369849+00:00,2026-09-18T08:47:55.349875+00:00,64.980026,NIFTY|2026-09-22|23350|PE,1a6b659873d324b33b2dcb5bbf182b7e9e8f465181cc716b9a564e13b680b165,d103f342b1d4e909b5edd5d815f36e6fda3473e09e4abeffaac6708d5655586a,0.049999999999272404,-1.5250000000000057,-1.4500000000000028,0.15000000000000568,0.20000000000000284
2026-09-18,PE,2026-09-18T08:49:00+00:00,2026-09-18T08:47:55.349875+00:00,2026-09-18T08:48:55.365802+00:00,60.015927,NIFTY|2026-09-22|23350|PE,d103f342b1d4e909b5edd5d815f36e6fda3473e09e4abeffaac6708d5655586a,2838ba5a9735953ff1902982e7a552aec711500f8f6fb0ccc3f27efd15441162,-3.1999999999970896,1.75,1.7000000000000028,0.20000000000000284,0.20000000000000284
2026-09-18,PE,2026-09-18T08:50:00+00:00,2026-09-18T08:48:55.365802+00:00,2026-09-18T08:49:55.711623+00:00,60.345821,NIFTY|2026-09-22|23350|PE,2838ba5a9735953ff1902982e7a552aec711500f8f6fb0ccc3f27efd15441162,f95d5082b10ecce5c3da8251ff6b7e447d2bcf0aeca4b282e801378c579f1b76,2.349999999998545,-0.7249999999999943,-0.6500000000000057,0.20000000000000284,0.25
2026-09-18,PE,2026-09-18T08:52:00+00:00,2026-09-18T08:50:55.351278+00:00,2026-09-18T08:51:55.358240+00:00,60.006962,NIFTY|2026-09-22|23350|PE,28153a4b34e0b40a2cb086ba49c1c7ee8cec904d41ad1d18c36ee59478d73921,f22462a98e726eb67717c850347e54f026b94f31ddb838ded6d27cdab5334133,-0.049999999999272404,-0.5,-0.6500000000000057,0.15000000000000568,0.15000000000000568
2026-09-18,PE,2026-09-18T08:53:00+00:00,2026-09-18T08:51:55.358240+00:00,2026-09-18T08:52:55.683080+00:00,60.32484,NIFTY|2026-09-22|23350|PE,f22462a98e726eb67717c850347e54f026b94f31ddb838ded6d27cdab5334133,7102d503b5efe3ec7f9833d9ce6adc39ed6ba4f102baa29dd04e77f43ce8f499,5.0,-1.6750000000000114,-1.5999999999999943,0.15000000000000568,0.20000000000000284
2026-09-18,PE,2026-09-18T08:56:00+00:00,2026-09-18T08:54:55.358033+00:00,2026-09-18T08:55:55.370336+00:00,60.012303,NIFTY|2026-09-22|23350|PE,c3af792f4578eaeaaeee128c4519d46e9f3b67e3b6a640eb3e6c4ef54c2967fc,0cbc5c4edd7364de07fc5c7eb267f86b8280a9af5584ed86906f7238163012bc,0.1499999999978172,-0.30000000000001137,-0.10000000000000853,0.19999999999998863,0.29999999999999716
2026-09-18,PE,2026-09-18T08:59:00+00:00,2026-09-18T08:57:50.420051+00:00,2026-09-18T08:58:55.355953+00:00,64.935902,NIFTY|2026-09-22|23350|PE,7ea65d7956512ffe9816f6c9466764c5f64830c7ba6c8be305be9d5bfabc89a9,21ac68d4695b10efcfb1eb84aaa1b5ed1068d7bab40899b64f701dc4616b6fbf,2.9500000000007276,-2.374999999999986,-2.3999999999999915,0.25,0.20000000000000284
2026-09-18,PE,2026-09-18T09:00:00+00:00,2026-09-18T08:58:55.355953+00:00,2026-09-18T08:59:55.358091+00:00,60.002138,NIFTY|2026-09-22|23350|PE,21ac68d4695b10efcfb1eb84aaa1b5ed1068d7bab40899b64f701dc4616b6fbf,f50cad0481bd84ba9b4c39f6807bf81db75bf7f3a0a2742b2c6a8e360fb45083,3.6999999999970896,-2.25,-2.450000000000003,0.20000000000000284,0.20000000000000284
2026-09-18,PE,2026-09-18T09:01:00+00:00,2026-09-18T08:59:55.358091+00:00,2026-09-18T09:00:55.372413+00:00,60.014322,NIFTY|2026-09-22|23350|PE,f50cad0481bd84ba9b4c39f6807bf81db75bf7f3a0a2742b2c6a8e360fb45083,396e38ab349b00b090b0bd9c3e90d1e79a592ce30a7b0544098b5c29801aabf7,2.900000000001455,-1.0250000000000057,-1.0,0.20000000000000284,0.25
2026-09-18,PE,2026-09-18T09:03:00+00:00,2026-09-18T09:01:55.353229+00:00,2026-09-18T09:02:55.578544+00:00,60.225315,NIFTY|2026-09-22|23350|PE,18e2296a96b273e3febe527c58c01c36e24b51b9fe4576b2806d2725a27b09e6,a3901332c41a4ed9c933f2c39658b16b3d033d88c09841376608571fb4159e6b,4.950000000000728,-1.7000000000000028,-2.0,0.19999999999998863,0.09999999999999432
2026-09-18,PE,2026-09-18T09:05:00+00:00,2026-09-18T09:03:50.374534+00:00,2026-09-18T09:04:55.349760+00:00,64.975226,NIFTY|2026-09-22|23350|PE,86b3af310618b24e6445233e925cf78189f8563925c79a2ea99b2fba2b2feb42,2533172e9b3408c93de1803f9a5d23afe83ea6cdece3234b1ecf911b265523bc,-0.4499999999970896,0.5249999999999915,0.20000000000000284,0.15000000000000568,0.10000000000000853
2026-09-18,PE,2026-09-18T09:07:00+00:00,2026-09-18T09:05:55.345983+00:00,2026-09-18T09:06:55.390778+00:00,60.044795,NIFTY|2026-09-22|23350|PE,734dfa6caa4ef05bad6acc119b487ffb1abeb0a9e713a96052ddb4b6c9f897b6,c426060a2223cccf027c4c27ff4bcf7713e7d77290ffe56731e777858e7e655e,-1.4499999999970896,0.6000000000000227,0.6000000000000085,0.20000000000000284,0.20000000000000284
2026-09-18,PE,2026-09-18T09:08:00+00:00,2026-09-18T09:06:55.390778+00:00,2026-09-18T09:07:55.423603+00:00,60.032825,NIFTY|2026-09-22|23350|PE,c426060a2223cccf027c4c27ff4bcf7713e7d77290ffe56731e777858e7e655e,7ff7f4d7bc5632d6b61ea3fcfa82c705f3aff005290d72bbb849a7639ef690f4,-0.3500000000021828,-0.10000000000002274,-0.25,0.20000000000000284,0.20000000000000284
2026-09-18,PE,2026-09-18T09:10:00+00:00,2026-09-18T09:08:50.367490+00:00,2026-09-18T09:09:55.364839+00:00,64.997349,NIFTY|2026-09-22|23350|PE,1d7b5b1a69548639b13dab8b70701472f963fb403f17225f1bcf92b7ed6d7ad7,9f37e73d36af23970c9d712cf7e28d0a7787a6eccaf10cb63c5c63a77f8e9b74,-1.25,0.22499999999999432,0.04999999999999716,0.19999999999998863,0.25
2026-09-18,PE,2026-09-18T09:12:00+00:00,2026-09-18T09:10:55.362634+00:00,2026-09-18T09:11:55.364779+00:00,60.002145,NIFTY|2026-09-22|23350|PE,f7c9a12719424d0145670c934ba241625ace295810e48d65b51eec5143355bda,7aebd54fefb022156efbf8c3f48361d2454f7a4f21c1dc232b604968693010cb,-0.75,1.1749999999999972,0.9000000000000057,0.20000000000000284,0.25
2026-09-18,PE,2026-09-18T09:15:00+00:00,2026-09-18T09:13:50.362901+00:00,2026-09-18T09:14:55.347638+00:00,64.984737,NIFTY|2026-09-22|23350|PE,6441cdf8976d8f095394916070002f0dd15f123a1b2bdacddc362cd1377a3a41,e1646e4ed0669116dc6d78fb2ed92649d0dce686818915a7f300b0aff6618c40,-4.700000000000728,1.5250000000000057,1.8499999999999943,0.25,0.19999999999998863
2026-09-18,PE,2026-09-18T09:16:00+00:00,2026-09-18T09:14:55.347638+00:00,2026-09-18T09:15:55.355328+00:00,60.00769,NIFTY|2026-09-22|23350|PE,e1646e4ed0669116dc6d78fb2ed92649d0dce686818915a7f300b0aff6618c40,635e4d4fd54910b788d10e6cf767d71559e8612bd4b44500474700d6a05d6613,5.0,-1.4500000000000028,-1.7000000000000028,0.19999999999998863,0.09999999999999432
2026-09-18,PE,2026-09-18T09:17:00+00:00,2026-09-18T09:15:55.355328+00:00,2026-09-18T09:16:55.389980+00:00,60.034652,NIFTY|2026-09-22|23350|PE,635e4d4fd54910b788d10e6cf767d71559e8612bd4b44500474700d6a05d6613,e82c03dc3f0b4216eca27f3c9c0f8c520b3b2954ed76525bacdf0622d1b30d25,2.2999999999992724,-1.3500000000000085,-1.0999999999999943,0.09999999999999432,0.20000000000000284
2026-09-18,PE,2026-09-18T09:19:00+00:00,2026-09-18T09:17:55.351787+00:00,2026-09-18T09:18:55.362090+00:00,60.010303,NIFTY|2026-09-22|23350|PE,a295645d8560fab2b262b26c5421cc6353b9eaacf00c2f00f548d47b7f422d45,6616f75a6d4309af5390ae42be81b0e750b3d64968c74b42fb63dc0a900f87d2,-1.6500000000014552,0.0,-0.14999999999999147,0.10000000000000853,0.20000000000000284
2026-09-18,PE,2026-09-18T09:21:00+00:00,2026-09-18T09:19:55.350919+00:00,2026-09-18T09:20:55.393898+00:00,60.042979,NIFTY|2026-09-22|23350|PE,99b0d892c195eb70ef465ebdafd07f322c14f39f8dbb5694b74b4715b30b9e47,a6e23b0a4bd538beb0871eb846751cb2149ebf66e9640277c2f60fe4b994dd4e,3.349999999998545,-2.0250000000000057,-2.25,0.15000000000000568,0.20000000000000284
2026-09-18,PE,2026-09-18T09:24:00+00:00,2026-09-18T09:22:50.354583+00:00,2026-09-18T09:23:55.351165+00:00,64.996582,NIFTY|2026-09-22|23400|PE,d2f9599606ecf83f013ae7451eecf5918b7700a654fa42a57d7a15904d8903ef,ec0607989dc92e558a84e16ef2d9ab6428f1b5a9dc98705e458b9e74d1f32b02,0.7000000000007276,-1.2750000000000057,-0.6500000000000057,0.25,0.19999999999998863
2026-09-18,PE,2026-09-18T09:26:00+00:00,2026-09-18T09:24:55.349697+00:00,2026-09-18T09:25:55.356549+00:00,60.006852,NIFTY|2026-09-22|23400|PE,99c76505d7a4c9b7a65e7423ffb2c4c80425513186d3404a85bdcd6ddfd4cc02,3083652f7d86690d2c20c2728a1472d01be37d917ce501475b1b4ce698b4eeb9,0.8499999999985448,0.5750000000000028,0.5999999999999943,0.25,0.20000000000000284
2026-09-18,PE,2026-09-18T09:27:00+00:00,2026-09-18T09:25:55.356549+00:00,2026-09-18T09:26:55.360591+00:00,60.004042,NIFTY|2026-09-22|23400|PE,3083652f7d86690d2c20c2728a1472d01be37d917ce501475b1b4ce698b4eeb9,3e53979585756608178c5a20d30cbd5c07801699e9041cc99b3972001e7c6ef9,-0.1500000000014552,-0.2750000000000057,-0.3499999999999943,0.20000000000000284,0.25
2026-09-18,PE,2026-09-18T09:29:00+00:00,2026-09-18T09:27:55.356978+00:00,2026-09-18T09:28:55.373322+00:00,60.016344,NIFTY|2026-09-22|23400|PE,00778583e86bd0b5d4f2a12c96830fc2609f83bce17b4d2f6a4021faac93d713,9e46466bed947a5cbf0c286a040912633f2befc74a7f536a114a5321026a050d,7.0,-4.950000000000003,-5.099999999999994,0.09999999999999432,0.30000000000001137
2026-09-18,PE,2026-09-18T09:32:00+00:00,2026-09-18T09:30:55.359546+00:00,2026-09-18T09:31:55.412654+00:00,60.053108,NIFTY|2026-09-22|23350|PE,39b4bb4ab3f051ce8e4b59b4e955d3472024909373cef9cc6b9175b89379589c,ff00d46628691f1eb3e1174e05bb1a1f93d0189eb8b15179ca95dcbed4331c89,-6.150000000001455,-1.424999999999983,-1.5999999999999943,0.25,0.20000000000000284
2026-09-18,PE,2026-09-18T09:34:00+00:00,2026-09-18T09:32:55.364974+00:00,2026-09-18T09:33:55.368184+00:00,60.00321,NIFTY|2026-09-22|23350|PE,9f0267765651349907af06b6618e18e26958e0dbf796b1171fea635e4c18a21f,6eb84d0f2499af224d014c982cac374e1cd75f54077407599d95f44394e7d4a5,2.9500000000007276,-0.25,-0.20000000000000284,0.15000000000000568,0.15000000000000568
2026-09-18,PE,2026-09-18T09:35:00+00:00,2026-09-18T09:33:55.368184+00:00,2026-09-18T09:34:55.369514+00:00,60.00133,NIFTY|2026-09-22|23350|PE,6eb84d0f2499af224d014c982cac374e1cd75f54077407599d95f44394e7d4a5,07f39bb80ab89cb43749b50f0e9cac986225a92eafed0943586752859c84754e,-7.200000000000728,2.299999999999997,2.3499999999999943,0.15000000000000568,0.25
2026-09-18,PE,2026-09-18T09:37:00+00:00,2026-09-18T09:35:55.363155+00:00,2026-09-18T09:36:55.555329+00:00,60.192174,NIFTY|2026-09-22|23350|PE,82a27fe9267bc3bdfe0914daf10d82b5f54e4afd1565035622c4dfc9025ad01c,cac55030ea387f5d277af943ac4b9946133a395bdfc882e496a14b9b6f9ea748,3.2000000000007276,-0.575000000000017,-0.3500000000000085,0.25,0.20000000000000284
2026-09-18,PE,2026-09-18T09:39:00+00:00,2026-09-18T09:37:55.358695+00:00,2026-09-18T09:38:55.493925+00:00,60.13523,NIFTY|2026-09-22|23350|PE,a3c28dfa9f857373cebe4dd8c1b4ff2f45a2af6d5509c03edac5800ded9e6ad5,1c534adb6be8f6d327ba1126c9b5497125ac0a950d84274f30444293c0517b6e,-4.650000000001455,2.5749999999999886,2.3999999999999915,0.20000000000000284,0.25
2026-09-18,PE,2026-09-18T09:41:00+00:00,2026-09-18T09:39:50.371629+00:00,2026-09-18T09:40:55.350215+00:00,64.978586,NIFTY|2026-09-22|23350|PE,37c0e3f5a847709479224759d0c89eda2d136f3bf8396df8f2681ec4b98f0b96,2e1c01f33e33cbcc431527d0e631d9500d25e995439d5eb0c187ade0c9cadc87,-3.399999999997817,1.2749999999999915,1.5500000000000114,0.20000000000000284,0.25
2026-09-18,PE,2026-09-18T09:42:00+00:00,2026-09-18T09:40:55.350215+00:00,2026-09-18T09:41:55.350351+00:00,60.000136,NIFTY|2026-09-22|23350|PE,2e1c01f33e33cbcc431527d0e631d9500d25e995439d5eb0c187ade0c9cadc87,1d0749697c4d65549eca41948892a039cc1d7ca6df64c41c94a0879c695b37f5,3.0499999999992724,-1.3500000000000085,-1.9000000000000057,0.25,0.14999999999999147
2026-09-18,PE,2026-09-18T09:43:00+00:00,2026-09-18T09:41:55.350351+00:00,2026-09-18T09:42:55.358418+00:00,60.008067,NIFTY|2026-09-22|23350|PE,1d0749697c4d65549eca41948892a039cc1d7ca6df64c41c94a0879c695b37f5,c1979f2db6000b9522502ae9fdae15e2332a79f250827a8539c64f8b483852cd,-6.100000000002183,0.75,1.0,0.14999999999999147,0.14999999999999147
2026-09-18,PE,2026-09-18T09:44:00+00:00,2026-09-18T09:42:55.358418+00:00,2026-09-18T09:43:55.445344+00:00,60.086926,NIFTY|2026-09-22|23350|PE,c1979f2db6000b9522502ae9fdae15e2332a79f250827a8539c64f8b483852cd,ef0ed398b74d37a86641ccd0c04c7ae1a6bd6e7c51e1a6c8771d73ff6036c152,6.700000000000728,-3.7750000000000057,-3.950000000000003,0.14999999999999147,0.20000000000000284
2026-09-18,PE,2026-09-18T09:47:00+00:00,2026-09-18T09:45:50.360456+00:00,2026-09-18T09:46:55.352790+00:00,64.992334,NIFTY|2026-09-22|23350|PE,3bb0be82ec5f689b1b9eed2b67634c82397302dd2c034d9bfe2f6522055cadb9,07088101bf7c6307704b3b75bdf1a5a1334f3e1302e50e9e8a21f1fec23c56fd,0.0,1.5999999999999943,1.75,0.20000000000000284,0.20000000000000284
2026-09-18,PE,2026-09-18T09:48:00+00:00,2026-09-18T09:46:55.352790+00:00,2026-09-18T09:47:55.382560+00:00,60.02977,NIFTY|2026-09-22|23350|PE,07088101bf7c6307704b3b75bdf1a5a1334f3e1302e50e9e8a21f1fec23c56fd,8d36e16f79a767cc4495f2a1d9624d597f803d7910f08f1cd75ac828c2c70805,0.0,1.200000000000017,1.4000000000000057,0.20000000000000284,0.20000000000000284
2026-09-18,PE,2026-09-18T09:50:00+00:00,2026-09-18T09:48:50.373247+00:00,2026-09-18T09:49:55.353410+00:00,64.980163,NIFTY|2026-09-22|23350|PE,85f778a6f211ae75cc9156482005a43b50e74b124f0bf504a38ee03400095bfe,32fca643d6a8314c02546c866e6f514c909026171768a6ab3eb1c4f262e86acf,0.0,-0.125,-0.15000000000000568,0.19999999999998863,0.05000000000001137
2026-09-18,PE,2026-09-18T09:51:00+00:00,2026-09-18T09:49:55.353410+00:00,2026-09-18T09:50:55.659559+00:00,60.306149,NIFTY|2026-09-22|23350|PE,32fca643d6a8314c02546c866e6f514c909026171768a6ab3eb1c4f262e86acf,e62cebf8b5e2904b9067a31901dc978751684aecd112d147e94874243162dd98,0.0,2.1500000000000057,2.3500000000000085,0.05000000000001137,0.25
2026-09-18,PE,2026-09-18T09:53:00+00:00,2026-09-18T09:51:50.366438+00:00,2026-09-18T09:52:55.343680+00:00,64.977242,NIFTY|2026-09-22|23350|PE,ebf68071f71fa089c03bb9f84f4c9a919cdaba68bf51b0078ee9384d9b6735a8,14fa8bf094b75192a83e61f132b1568b93752c06b4ad8700e4663a606bd83a2c,0.0,0.2749999999999915,0.29999999999999716,0.20000000000000284,0.15000000000000568
2026-09-18,PE,2026-09-18T09:54:00+00:00,2026-09-18T09:52:55.343680+00:00,2026-09-18T09:53:55.406182+00:00,60.062502,NIFTY|2026-09-22|23350|PE,14fa8bf094b75192a83e61f132b1568b93752c06b4ad8700e4663a606bd83a2c,5309612bc3e8aed56227678eb3d346b97879f4472c8be378da2bea5993010ce6,0.0,0.6250000000000142,0.6500000000000057,0.15000000000000568,0.20000000000000284
2026-09-18,PE,2026-09-18T09:56:00+00:00,2026-09-18T09:54:50.361646+00:00,2026-09-18T09:55:55.360952+00:00,64.999306,NIFTY|2026-09-22|23350|PE,df20a62fb4dc5f14e88a58dba99b561887cf28c06ab078c6e307de33ae90d127,c412dc3b21809b311ce708f3a192619170eba18d215b1097a47f54d55eb6ce5a,0.0,-1.9000000000000057,-2.0,0.04999999999999716,0.14999999999999147
2026-09-18,PE,2026-09-18T09:57:00+00:00,2026-09-18T09:55:55.360952+00:00,2026-09-18T09:56:55.368707+00:00,60.007755,NIFTY|2026-09-22|23350|PE,c412dc3b21809b311ce708f3a192619170eba18d215b1097a47f54d55eb6ce5a,d7e3b1959cf64409de8111c49f6462a8079e2ccbc85f2da3cfd220f86f4ff431,0.0,-5.875,-6.0,0.14999999999999147,0.20000000000000284
2026-09-18,PE,2026-09-18T09:58:00+00:00,2026-09-18T09:56:55.368707+00:00,2026-09-18T09:57:55.369720+00:00,60.001013,NIFTY|2026-09-22|23350|PE,d7e3b1959cf64409de8111c49f6462a8079e2ccbc85f2da3cfd220f86f4ff431,95ba3049a17cf1244182ee25ae269aebaa8713a4e0a3975b7b32837951afc18d,0.0,-1.6750000000000114,-1.4000000000000057,0.20000000000000284,0.14999999999999147
2026-09-18,PE,2026-09-18T10:00:00+00:00,2026-09-18T09:58:50.357747+00:00,2026-09-18T09:59:55.346780+00:00,64.989033,NIFTY|2026-09-22|23350|PE,cb3cf056057b8eaa7b7f923daa4da4b27ee4269e453b6013f924901a83e64d8d,d2b6486c27e7d643994f35927b8c91c55c8fe75816683855b821882644e119c0,0.0,0.29999999999999716,0.30000000000001137,0.25,0.25
